datetime_rounded,water_soil,soil_temp_moisture,conduct_soil,leaf_moisture,leaf_temperature,ph1_soil,soil_temp_ph,soilnitrogen,soilphosphorous,soilpottasium,hour_of_day,is_daylight,day_of_week,day_of_period,moisture_rolling_mean,moisture_rolling_std,moisture_rate_of_change,temp_rolling_max,stress_level
2024-10-30 09:45:00,13.09,27.41,447.0,1.9,34.9,4.29,28.2,5,14,7,9,1,2,0,13.09,0.0,0.0,27.41,Moderately Stressed
2024-10-30 10:00:00,12.77,27.87,448.0,1.9,34.9,4.29,28.2,5,14,7,10,1,2,0,12.93,0.23,0.0,27.87,Severely Stressed
2024-10-30 10:15:00,12.77,27.87,448.0,1.8,40.6,4.29,28.2,5,14,7,10,1,2,0,12.88,0.18,0.0,27.87,Severely Stressed
2024-10-30 10:30:00,12.59,28.48,447.0,1.7,41.3,4.23,28.8,5,14,7,10,1,2,0,12.8,0.21,0.0,28.48,Severely Stressed
2024-10-30 10:45:00,11.88,29.36,450.0,1.7,41.3,4.23,28.8,5,15,7,10,1,2,0,12.62,0.45,-1.21,29.36,Severely Stressed
2024-10-30 11:00:00,11.94,29.76,448.0,1.2,42.9,4.16,29.3,5,14,7,11,1,2,0,12.51,0.49,-0.83,29.76,Severely Stressed
2024-10-30 11:15:00,11.94,29.76,448.0,1.3,44.9,4.14,29.5,4,12,6,11,1,2,0,12.43,0.5,-0.83,29.76,Severely Stressed
2024-10-30 11:30:00,12.87,29.65,445.0,1.3,39.8,4.22,29.1,4,12,6,11,1,2,0,12.48,0.49,0.28,29.76,Severely Stressed
2024-10-30 11:45:00,13.11,29.32,442.0,1.3,39.8,4.22,29.1,4,12,6,11,1,2,0,12.55,0.5,1.23,29.76,Moderately Stressed
2024-10-30 12:00:00,13.09,29.26,434.0,1.4,39.2,4.28,28.9,3,10,5,12,1,2,0,12.6,0.5,1.15,29.76,Moderately Stressed
2024-10-30 12:15:00,13.09,29.26,434.0,1.6,40.1,4.3,29.0,4,11,5,12,1,2,0,12.65,0.5,1.15,29.76,Moderately Stressed
2024-10-30 12:30:00,11.59,29.95,437.0,1.4,52.4,4.15,30.1,4,12,6,12,1,2,0,12.56,0.56,-1.28,29.95,Severely Stressed
2024-10-30 12:45:00,11.62,31.04,437.0,1.4,52.4,4.15,30.1,4,12,6,12,1,2,0,12.44,0.6,-1.49,31.04,Severely Stressed
2024-10-30 13:00:00,11.65,31.46,435.0,1.1,46.1,4.09,30.8,4,12,6,13,1,2,0,12.34,0.63,-1.44,31.46,Severely Stressed
2024-10-30 13:15:00,11.65,31.46,435.0,1.0,46.2,4.03,31.2,4,12,6,13,1,2,0,12.25,0.64,-1.44,31.46,Severely Stressed
2024-10-30 13:30:00,12.39,31.47,433.0,1.2,44.5,4.03,31.2,3,10,5,13,1,2,0,12.24,0.63,0.8,31.47,Severely Stressed
2024-10-30 13:45:00,10.84,31.8,434.0,1.2,44.5,4.03,31.2,4,12,6,13,1,2,0,12.15,0.75,-0.78,31.8,Severely Stressed
2024-10-30 14:00:00,10.7,32.58,432.0,1.1,50.3,3.99,31.6,4,12,6,14,1,2,0,12.04,0.86,-0.95,32.58,Severely Stressed
2024-10-30 14:15:00,10.7,32.58,432.0,1.0,50.7,3.94,32.1,4,12,6,14,1,2,0,11.94,0.94,-0.95,32.58,Severely Stressed
2024-10-30 14:30:00,10.93,32.93,430.0,0.8,46.7,3.93,32.2,4,12,6,14,1,2,0,11.78,0.93,-1.46,32.93,Severely Stressed
2024-10-30 14:45:00,10.93,32.93,430.0,0.8,46.7,3.93,32.2,4,12,6,14,1,2,0,11.6,0.86,0.09,32.93,Severely Stressed
2024-10-30 15:00:00,15.7,32.48,391.0,0.7,40.1,4.77,31.3,4,12,6,15,1,2,0,11.82,1.42,5.0,32.93,Moderately Stressed
2024-10-30 15:15:00,15.7,32.48,391.0,0.9,37.9,4.93,30.9,8,24,12,15,1,2,0,12.03,1.79,5.0,32.93,Moderately Stressed
2024-10-30 15:30:00,15.7,32.48,391.0,1.0,36.9,5.02,30.7,8,25,12,15,1,2,0,12.38,2.07,4.77,32.93,Moderately Stressed
2024-10-30 15:45:00,15.95,31.43,390.0,1.0,36.9,5.02,30.7,6,18,9,15,1,2,0,12.74,2.29,5.02,32.93,Moderately Stressed
2024-10-30 16:00:00,15.95,31.43,390.0,1.0,34.9,5.09,30.4,5,16,8,16,1,2,0,13.1,2.43,0.25,32.93,Moderately Stressed
2024-10-30 16:15:00,15.95,31.43,390.0,1.1,32.6,5.16,30.0,4,12,6,16,1,2,0,13.45,2.52,0.25,32.93,Moderately Stressed
2024-10-30 16:30:00,16.04,30.92,384.0,1.3,27.3,5.24,29.5,4,11,5,16,1,2,0,13.76,2.6,0.34,32.93,Moderately Stressed
2024-10-30 16:45:00,16.09,30.3,380.0,1.3,27.3,5.24,29.5,4,13,6,16,1,2,0,14.19,2.5,0.14,32.93,Moderately Stressed
2024-10-30 17:00:00,16.09,30.3,380.0,1.7,25.5,5.3,29.0,4,13,6,17,1,2,0,14.64,2.29,0.14,32.93,Moderately Stressed
2024-10-30 17:15:00,16.09,30.3,380.0,2.0,24.4,5.36,28.6,4,12,6,17,1,2,0,15.09,1.95,0.14,32.93,Moderately Stressed
2024-10-30 17:30:00,16.25,29.02,378.0,2.4,23.9,5.4,28.2,4,13,6,17,1,2,0,15.54,1.46,0.21,32.93,Moderately Stressed
2024-10-30 17:45:00,16.25,29.02,378.0,2.4,23.9,5.4,28.2,4,12,6,17,1,2,0,15.98,0.2,0.16,32.48,Moderately Stressed
2024-10-30 18:00:00,16.25,29.02,378.0,2.6,22.6,5.44,27.9,4,12,6,18,1,2,0,16.03,0.19,0.16,32.48,Moderately Stressed
2024-10-30 18:15:00,16.25,29.02,378.0,2.4,22.5,5.47,27.7,4,11,5,18,1,2,0,16.07,0.17,0.16,32.48,Moderately Stressed
2024-10-30 18:30:00,16.34,28.17,381.0,3.2,22.2,5.49,27.4,4,11,5,18,1,2,0,16.12,0.14,0.09,31.43,Moderately Stressed
2024-10-30 18:45:00,16.34,28.17,381.0,3.2,22.2,5.49,27.4,4,11,5,18,1,2,0,16.16,0.14,0.09,31.43,Moderately Stressed
2024-10-30 19:00:00,16.34,28.17,381.0,3.0,21.8,5.52,27.2,4,11,5,19,0,2,0,16.19,0.13,0.09,31.43,Moderately Stressed
2024-10-30 19:15:00,16.39,27.72,387.0,3.9,22.4,5.53,27.0,4,11,5,19,0,2,0,16.23,0.12,0.14,30.92,Moderately Stressed
2024-10-30 19:30:00,16.39,27.72,387.0,5.4,22.1,5.54,26.9,4,11,5,19,0,2,0,16.26,0.11,0.05,30.3,Moderately Stressed
2024-10-30 19:45:00,16.41,27.49,387.0,5.4,22.1,5.54,26.9,4,11,5,19,0,2,0,16.28,0.11,0.07,30.3,Moderately Stressed
2024-10-30 20:00:00,16.41,27.49,387.0,8.6,21.5,5.55,26.7,4,11,5,20,0,2,0,16.31,0.09,0.07,30.3,Moderately Stressed
2024-10-30 20:15:00,16.41,27.49,387.0,10.0,21.2,5.57,26.5,4,11,5,20,0,2,0,16.34,0.07,0.02,29.02,Moderately Stressed
2024-10-30 20:30:00,16.41,27.49,387.0,9.4,21.6,5.6,26.3,3,11,5,20,0,2,0,16.35,0.07,0.02,29.02,Moderately Stressed
2024-10-30 20:45:00,16.41,27.49,387.0,9.4,21.6,5.6,26.3,4,11,5,20,0,2,0,16.36,0.06,0.0,29.02,Moderately Stressed
2024-10-30 21:00:00,16.44,26.6,388.0,8.6,21.6,5.61,26.2,3,11,5,21,0,2,0,16.38,0.05,0.03,29.02,Moderately Stressed
2024-10-30 21:15:00,16.44,26.6,388.0,7.1,22.0,5.62,26.1,3,11,5,21,0,2,0,16.39,0.04,0.03,28.17,Moderately Stressed
2024-10-30 21:30:00,16.44,26.6,388.0,8.3,22.2,5.62,26.0,3,11,5,21,0,2,0,16.4,0.03,0.03,28.17,Moderately Stressed
2024-10-30 21:45:00,16.45,26.49,389.0,8.3,22.2,5.62,26.0,3,10,5,21,0,2,0,16.41,0.03,0.04,28.17,Moderately Stressed
2024-10-30 22:00:00,16.45,26.38,388.0,9.9,21.9,5.62,25.9,3,10,5,22,0,2,0,16.42,0.02,0.01,27.72,Moderately Stressed
2024-10-30 22:15:00,16.45,26.38,388.0,10.6,21.9,5.62,25.8,3,10,5,22,0,2,0,16.43,0.02,0.01,27.72,Moderately Stressed
2024-10-30 22:30:00,16.46,26.27,388.0,12.0,21.9,5.62,25.7,3,11,5,22,0,2,0,16.43,0.02,0.02,27.49,Moderately Stressed
2024-10-30 22:45:00,16.46,26.27,388.0,12.0,21.9,5.62,25.7,3,10,5,22,0,2,0,16.44,0.02,0.01,27.49,Moderately Stressed
2024-10-30 23:00:00,16.49,25.93,386.0,16.2,21.3,5.63,25.6,3,10,5,23,0,2,0,16.44,0.02,0.04,27.49,Moderately Stressed
2024-10-30 23:15:00,16.49,25.93,386.0,16.7,21.2,5.63,25.4,3,11,5,23,0,2,0,16.45,0.03,0.04,27.49,Moderately Stressed
2024-10-30 23:30:00,16.5,25.76,386.0,14.4,21.6,5.63,25.3,3,11,5,23,0,2,0,16.46,0.03,0.04,27.49,Moderately Stressed
2024-10-30 23:45:00,16.5,25.68,386.0,14.4,21.6,5.63,25.3,3,11,5,23,0,2,0,16.46,0.02,0.04,26.6,Moderately Stressed
2024-10-31 00:00:00,16.5,25.57,386.0,13.0,21.7,5.63,25.4,3,11,5,0,0,3,0,16.47,0.02,0.01,26.6,Moderately Stressed
2024-10-31 00:15:00,16.5,25.57,386.0,12.8,21.7,5.63,25.2,3,11,5,0,0,3,0,16.47,0.02,0.01,26.6,Moderately Stressed
2024-10-31 00:30:00,16.51,25.48,386.0,12.7,21.7,5.63,25.1,3,11,5,0,0,3,0,16.48,0.02,0.01,26.49,Moderately Stressed
2024-10-31 00:45:00,16.51,25.41,386.0,12.7,21.7,5.63,25.1,3,11,5,0,0,3,0,16.48,0.02,0.01,26.38,Moderately Stressed
2024-10-31 01:00:00,16.51,25.34,386.0,12.4,21.6,5.62,25.0,3,11,5,1,0,3,0,16.49,0.02,0.01,26.38,Moderately Stressed
2024-10-31 01:15:00,16.51,25.34,386.0,12.5,21.6,5.62,24.9,3,10,5,1,0,3,0,16.5,0.02,0.01,26.27,Moderately Stressed
2024-10-31 01:30:00,16.54,25.25,386.0,12.5,21.6,5.62,24.8,3,10,5,1,0,3,0,16.5,0.02,0.03,26.27,Moderately Stressed
2024-10-31 01:45:00,16.53,25.18,388.0,12.5,21.6,5.62,24.8,3,10,5,1,0,3,0,16.51,0.01,0.02,25.93,Moderately Stressed
2024-10-31 02:00:00,16.53,25.14,388.0,12.0,21.8,5.62,24.8,3,8,4,2,0,3,0,16.51,0.02,0.02,25.93,Moderately Stressed
2024-10-31 02:15:00,16.53,25.14,388.0,11.7,21.8,5.62,24.7,4,11,5,2,0,3,0,16.51,0.01,0.02,25.76,Moderately Stressed
2024-10-31 02:30:00,16.54,25.02,388.0,11.9,21.8,5.61,24.7,4,11,5,2,0,3,0,16.52,0.02,0.0,25.68,Moderately Stressed
2024-10-31 02:45:00,16.54,25.02,388.0,11.9,21.8,5.61,24.7,4,11,5,2,0,3,0,16.52,0.02,0.01,25.57,Moderately Stressed
2024-10-31 03:00:00,16.6,24.95,388.0,12.1,21.8,5.61,24.6,4,11,5,3,0,3,0,16.53,0.03,0.07,25.57,Moderately Stressed
2024-10-31 03:15:00,16.6,24.95,388.0,19.9,21.6,5.61,24.6,4,11,5,3,0,3,0,16.54,0.03,0.07,25.48,Moderately Stressed
2024-10-31 03:30:00,16.61,24.91,389.0,23.0,21.6,5.61,24.5,4,12,6,3,0,3,0,16.55,0.04,0.07,25.41,Moderately Stressed
2024-10-31 03:45:00,16.61,24.91,389.0,23.0,21.6,5.61,24.5,4,12,6,3,0,3,0,16.55,0.04,0.07,25.34,Moderately Stressed
2024-10-31 04:00:00,16.63,24.75,390.0,26.0,21.4,5.61,24.5,4,13,6,4,0,3,0,16.56,0.04,0.03,25.34,Moderately Stressed
2024-10-31 04:15:00,16.63,24.75,390.0,26.0,21.4,5.61,24.4,5,14,7,4,0,3,0,16.57,0.04,0.03,25.25,Moderately Stressed
2024-10-31 04:30:00,16.64,24.68,390.0,27.3,21.3,5.61,24.3,5,14,7,4,0,3,0,16.58,0.04,0.03,25.18,Moderately Stressed
2024-10-31 04:45:00,16.64,24.68,390.0,27.3,21.3,5.61,24.3,5,15,7,4,0,3,0,16.59,0.04,0.03,25.14,Moderately Stressed
2024-10-31 05:00:00,16.64,24.68,390.0,28.5,21.3,5.61,24.3,5,15,7,5,0,3,0,16.6,0.04,0.01,25.14,Moderately Stressed
2024-10-31 05:15:00,16.66,24.43,392.0,29.7,21.3,5.62,24.2,5,15,7,5,0,3,0,16.61,0.04,0.03,25.02,Moderately Stressed
2024-10-31 05:30:00,16.66,24.43,392.0,30.8,21.4,5.62,24.1,5,15,7,5,0,3,0,16.62,0.03,0.02,25.02,Moderately Stressed
2024-10-31 05:45:00,16.68,24.39,392.0,30.8,21.4,5.62,24.1,5,15,7,5,0,3,0,16.63,0.03,0.04,24.95,Moderately Stressed
2024-10-31 06:00:00,16.69,24.32,392.0,31.5,21.1,5.62,24.1,5,15,7,6,1,3,0,16.64,0.03,0.05,24.95,Moderately Stressed
2024-10-31 06:15:00,16.69,24.32,392.0,32.4,20.9,5.63,24.0,5,15,7,6,1,3,0,16.65,0.03,0.03,24.91,Moderately Stressed
2024-10-31 06:30:00,16.72,24.25,393.0,33.1,20.7,5.64,23.9,5,15,7,6,1,3,0,16.66,0.03,0.06,24.91,Moderately Stressed
2024-10-31 06:45:00,16.71,24.17,393.0,33.1,20.7,5.64,23.9,5,15,7,6,1,3,0,16.67,0.03,0.03,24.75,Moderately Stressed
2024-10-31 07:00:00,16.7,24.11,394.0,34.3,21.0,5.64,23.9,5,15,7,7,1,3,0,16.67,0.03,0.01,24.75,Moderately Stressed
2024-10-31 07:15:00,16.7,24.11,394.0,35.2,22.1,5.65,23.9,5,15,7,7,1,3,0,16.68,0.03,0.01,24.68,Moderately Stressed
2024-10-31 07:30:00,16.67,24.13,396.0,34.8,23.2,5.64,23.9,5,15,7,7,1,3,0,16.68,0.03,-0.05,24.68,Moderately Stressed
2024-10-31 07:45:00,16.67,24.13,396.0,34.8,23.2,5.64,23.9,5,15,7,7,1,3,0,16.68,0.02,-0.04,24.68,Moderately Stressed
2024-10-31 08:00:00,16.55,24.32,399.0,32.8,25.3,5.64,24.0,5,16,8,8,1,3,0,16.68,0.04,-0.15,24.43,Moderately Stressed
2024-10-31 08:15:00,16.55,24.32,399.0,20.0,26.5,5.62,24.1,5,16,8,8,1,3,0,16.67,0.06,-0.15,24.43,Moderately Stressed
2024-10-31 08:30:00,16.48,24.75,403.0,12.1,27.7,5.61,24.3,5,16,8,8,1,3,0,16.65,0.08,-0.19,24.75,Moderately Stressed
2024-10-31 08:45:00,16.48,24.75,403.0,12.1,27.7,5.61,24.3,5,15,7,8,1,3,0,16.63,0.09,-0.19,24.75,Moderately Stressed
2024-10-31 09:00:00,16.42,25.07,405.0,5.2,29.2,5.58,24.5,5,15,7,9,1,3,0,16.61,0.11,-0.13,25.07,Moderately Stressed
2024-10-31 09:15:00,16.42,25.07,405.0,3.5,32.5,5.55,24.8,5,14,7,9,1,3,0,16.59,0.12,-0.13,25.07,Moderately Stressed
2024-10-31 09:30:00,16.42,25.07,405.0,2.3,37.7,5.51,25.3,5,14,7,9,1,3,0,16.56,0.12,-0.06,25.07,Moderately Stressed
2024-10-31 09:45:00,16.42,25.07,405.0,2.3,37.7,5.51,25.3,5,16,8,9,1,3,1,16.54,0.12,-0.06,25.07,Moderately Stressed
2024-10-31 10:00:00,16.0,27.46,413.0,2.0,41.9,5.47,25.9,5,16,8,10,1,3,1,16.48,0.18,-0.42,27.46,Moderately Stressed
2024-10-31 10:15:00,16.0,27.46,413.0,1.6,41.7,5.43,26.6,5,14,7,10,1,3,1,16.42,0.22,-0.42,27.46,Moderately Stressed
2024-10-31 10:30:00,16.0,27.46,413.0,1.7,45.6,5.41,27.0,6,18,9,10,1,3,1,16.37,0.23,-0.42,27.46,Moderately Stressed
2024-10-31 10:45:00,15.83,28.05,412.0,1.7,45.6,5.41,27.0,6,17,8,10,1,3,1,16.3,0.26,-0.59,28.05,Moderately Stressed
2024-10-31 11:00:00,22.94,28.68,567.0,1.0,51.7,5.57,27.6,11,31,15,11,1,3,1,16.83,1.94,6.94,28.68,Healthy
2024-10-31 11:15:00,22.94,28.68,567.0,1.0,51.7,5.73,28.1,13,37,18,11,1,3,1,17.36,2.62,6.94,28.68,Healthy
2024-10-31 11:30:00,21.27,29.42,484.0,1.0,49.2,5.67,28.5,12,36,18,11,1,3,1,17.76,2.83,5.27,29.42,Healthy
2024-10-31 11:45:00,20.41,29.81,451.0,1.0,49.2,5.67,28.5,12,36,18,11,1,3,1,18.09,2.89,4.58,29.81,Healthy
2024-10-31 12:00:00,19.77,30.54,423.0,1.1,54.7,5.56,29.0,12,34,17,12,1,3,1,18.37,2.88,-3.17,30.54,Healthy
2024-10-31 12:15:00,19.77,30.54,423.0,0.9,55.7,5.55,29.7,12,34,17,12,1,3,1,18.65,2.83,-3.17,30.54,Healthy
2024-10-31 12:30:00,19.29,31.15,398.0,0.7,55.3,5.57,30.3,12,34,17,12,1,3,1,18.89,2.75,-1.98,31.15,Healthy
2024-10-31 12:45:00,18.92,31.8,374.0,0.7,55.3,5.57,30.3,13,37,18,12,1,3,1,19.1,2.64,-1.49,31.8,Healthy
2024-10-31 13:00:00,18.65,32.05,353.0,0.7,52.2,5.58,30.7,11,32,16,13,1,3,1,19.32,2.46,-1.12,32.05,Healthy
2024-10-31 13:15:00,18.65,32.05,353.0,0.7,53.1,5.58,30.9,11,31,15,13,1,3,1,19.54,2.24,-1.12,32.05,Healthy
2024-10-31 13:30:00,18.53,32.23,333.0,0.6,46.9,5.59,31.0,11,30,15,13,1,3,1,19.75,1.98,-0.76,32.23,Healthy
2024-10-31 13:45:00,18.59,32.15,319.0,0.6,46.9,5.59,31.0,10,30,15,13,1,3,1,19.98,1.61,-0.33,32.23,Healthy
2024-10-31 14:00:00,18.34,32.2,307.0,0.9,47.3,5.61,30.8,10,29,14,14,1,3,1,19.59,1.37,-0.31,32.23,Healthy
2024-10-31 14:15:00,18.34,32.2,307.0,0.7,41.6,5.63,30.8,10,28,14,14,1,3,1,19.21,0.92,-0.31,32.23,Healthy
2024-10-31 14:30:00,18.26,31.94,296.0,0.8,38.9,5.65,30.5,9,27,13,14,1,3,1,18.96,0.69,-0.27,32.23,Healthy
2024-10-31 14:45:00,18.05,31.71,288.0,0.8,38.9,5.65,30.5,10,28,14,14,1,3,1,18.76,0.57,-0.54,32.23,Healthy
2024-10-31 15:00:00,18.0,31.6,280.0,0.8,37.9,5.66,30.4,10,28,14,15,1,3,1,18.62,0.51,-0.34,32.23,Moderately Stressed
2024-10-31 15:15:00,18.0,31.6,280.0,0.9,36.9,5.66,30.5,9,27,13,15,1,3,1,18.47,0.39,-0.34,32.23,Moderately Stressed
2024-10-31 15:30:00,17.84,31.47,273.0,1.1,36.9,5.66,30.6,9,27,13,15,1,3,1,18.35,0.33,-0.42,32.23,Moderately Stressed
2024-10-31 15:45:00,17.82,31.44,267.0,1.1,36.9,5.66,30.6,5,15,7,15,1,3,1,18.26,0.31,-0.23,32.23,Moderately Stressed
2024-10-31 16:00:00,17.84,31.12,261.0,1.1,32.7,5.67,30.4,5,15,7,16,1,3,1,18.19,0.3,-0.16,32.23,Moderately Stressed
2024-10-31 16:15:00,17.84,31.12,261.0,1.1,29.7,5.7,30.0,5,14,7,16,1,3,1,18.12,0.28,-0.16,32.23,Moderately Stressed
2024-10-31 16:30:00,17.76,30.82,257.0,1.6,28.2,5.72,29.7,4,13,6,16,1,3,1,18.06,0.27,-0.08,32.2,Moderately Stressed
2024-10-31 16:45:00,17.74,30.49,254.0,1.6,28.2,5.72,29.7,4,13,6,16,1,3,1,17.99,0.22,-0.08,32.2,Moderately Stressed
2024-10-31 17:00:00,17.74,30.49,254.0,1.4,26.9,5.74,29.4,4,12,6,17,1,3,1,17.94,0.2,-0.1,32.2,Moderately Stressed
2024-10-31 17:15:00,17.67,29.86,249.0,1.4,26.9,5.76,29.1,4,11,5,17,1,3,1,17.88,0.17,-0.17,31.94,Moderately Stressed
2024-10-31 17:30:00,17.67,29.86,249.0,3.3,25.4,5.78,28.9,4,11,5,17,1,3,1,17.83,0.13,-0.09,31.71,Moderately Stressed
2024-10-31 17:45:00,17.67,29.86,249.0,3.3,25.4,5.78,28.9,3,10,5,17,1,3,1,17.8,0.11,-0.07,31.6,Moderately Stressed
2024-10-31 18:00:00,17.67,29.86,249.0,3.5,24.8,5.79,28.6,3,9,4,18,1,3,1,17.77,0.1,-0.07,31.6,Moderately Stressed
2024-10-31 18:15:00,17.57,28.93,244.0,4.9,23.9,5.81,28.4,3,9,4,18,1,3,1,17.74,0.09,-0.1,31.47,Moderately Stressed
2024-10-31 18:30:00,17.57,28.93,244.0,7.5,23.2,5.82,28.1,3,8,4,18,1,3,1,17.71,0.09,-0.1,31.44,Moderately Stressed
2024-10-31 18:45:00,17.54,28.63,243.0,7.5,23.2,5.82,28.1,3,8,4,18,1,3,1,17.69,0.1,-0.13,31.12,Moderately Stressed
2024-10-31 19:00:00,17.49,28.38,243.0,6.5,24.0,5.84,27.9,3,9,4,19,0,3,1,17.66,0.1,-0.18,31.12,Moderately Stressed
2024-10-31 19:15:00,17.49,28.38,243.0,2.9,23.5,5.85,27.7,3,8,4,19,0,3,1,17.63,0.1,-0.08,30.82,Moderately Stressed
2024-10-31 19:30:00,17.47,28.16,240.0,4.7,22.9,5.86,27.5,3,8,4,19,0,3,1,17.61,0.1,-0.1,30.49,Moderately Stressed
2024-10-31 19:45:00,17.45,27.86,239.0,4.7,22.9,5.86,27.5,3,8,4,19,0,3,1,17.58,0.1,-0.09,30.49,Moderately Stressed
2024-10-31 20:00:00,17.39,27.63,238.0,3.4,22.2,5.87,27.2,2,8,4,20,0,3,1,17.55,0.1,-0.1,29.86,Moderately Stressed
2024-10-31 20:15:00,17.39,27.63,238.0,7.1,22.0,5.88,27.0,2,7,3,20,0,3,1,17.53,0.1,-0.1,29.86,Moderately Stressed
2024-10-31 20:30:00,17.38,27.34,236.0,7.9,22.0,5.89,26.8,2,7,3,20,0,3,1,17.51,0.1,-0.09,29.86,Moderately Stressed
2024-10-31 20:45:00,17.38,27.34,236.0,7.9,22.0,5.89,26.8,2,7,3,20,0,3,1,17.48,0.09,-0.07,29.86,Moderately Stressed
2024-10-31 21:00:00,17.38,27.34,236.0,8.3,21.6,5.9,26.6,2,6,3,21,0,3,1,17.46,0.07,-0.01,28.93,Moderately Stressed
2024-10-31 21:15:00,17.31,26.51,235.0,9.3,21.3,5.91,26.5,2,7,3,21,0,3,1,17.44,0.08,-0.08,28.93,Moderately Stressed
2024-10-31 21:30:00,17.31,26.51,235.0,11.2,21.0,5.91,26.3,2,6,3,21,0,3,1,17.42,0.07,-0.07,28.63,Moderately Stressed
2024-10-31 21:45:00,17.31,26.51,235.0,11.2,21.0,5.91,26.3,2,6,3,21,0,3,1,17.4,0.07,-0.07,28.38,Moderately Stressed
2024-10-31 22:00:00,17.3,26.34,234.0,13.4,20.8,5.91,26.1,2,6,3,22,0,3,1,17.38,0.06,-0.08,28.38,Moderately Stressed
2024-10-31 22:15:00,17.3,26.34,234.0,15.9,20.6,5.91,25.9,2,6,3,22,0,3,1,17.36,0.06,-0.01,28.16,Moderately Stressed
2024-10-31 22:30:00,17.29,26.18,234.0,17.7,20.5,5.92,25.8,2,6,3,22,0,3,1,17.35,0.05,-0.02,27.86,Moderately Stressed
2024-10-31 22:45:00,17.29,26.18,234.0,17.7,20.5,5.92,25.8,2,6,3,22,0,3,1,17.34,0.04,-0.02,27.63,Moderately Stressed
2024-10-31 23:00:00,17.28,25.85,235.0,20.2,20.7,5.91,25.6,2,7,3,23,0,3,1,17.33,0.04,-0.02,27.63,Moderately Stressed
2024-10-31 23:15:00,17.28,25.85,235.0,23.1,20.8,5.91,25.5,2,7,3,23,0,3,1,17.32,0.04,-0.02,27.34,Moderately Stressed
2024-10-31 23:30:00,17.28,25.68,235.0,25.5,20.9,5.9,25.4,2,7,3,23,0,3,1,17.31,0.04,-0.01,27.34,Moderately Stressed
2024-10-31 23:45:00,17.28,25.56,236.0,25.5,20.9,5.9,25.4,2,7,3,23,0,3,1,17.3,0.03,-0.01,27.34,Moderately Stressed
2024-11-01 00:00:00,17.21,25.46,236.0,26.8,21.0,5.9,25.3,2,7,3,0,0,4,1,17.29,0.03,-0.07,26.51,Moderately Stressed
2024-11-01 00:15:00,17.21,25.46,236.0,26.7,21.6,5.88,25.6,2,7,3,0,0,4,1,17.28,0.03,-0.07,26.51,Moderately Stressed
2024-11-01 00:30:00,17.16,25.35,237.0,26.0,21.7,5.88,25.4,2,7,3,0,0,4,1,17.27,0.05,-0.12,26.51,Moderately Stressed
2024-11-01 00:45:00,17.16,25.35,237.0,26.0,21.7,5.88,25.4,2,7,3,0,0,4,1,17.25,0.05,-0.12,26.34,Moderately Stressed
2024-11-01 01:00:00,17.15,25.34,239.0,25.6,21.7,5.88,25.2,2,7,3,1,0,4,1,17.24,0.06,-0.06,26.34,Moderately Stressed
2024-11-01 01:15:00,17.15,25.34,239.0,22.6,21.7,5.87,25.2,2,7,3,1,0,4,1,17.23,0.06,-0.06,26.18,Moderately Stressed
2024-11-01 01:30:00,17.17,25.23,240.0,22.4,21.7,5.87,25.0,2,7,3,1,0,4,1,17.22,0.06,0.01,26.18,Moderately Stressed
2024-11-01 01:45:00,17.17,25.14,242.0,22.4,21.7,5.87,25.0,2,7,3,1,0,4,1,17.21,0.06,0.01,25.85,Moderately Stressed
2024-11-01 02:00:00,17.15,25.1,243.0,20.3,22.0,5.86,24.9,3,10,5,2,0,4,1,17.2,0.05,0.0,25.85,Moderately Stressed
2024-11-01 02:15:00,17.15,25.1,243.0,17.7,22.0,5.85,24.9,4,12,6,2,0,4,1,17.19,0.05,0.0,25.68,Moderately Stressed
2024-11-01 02:30:00,17.14,25.05,244.0,17.4,21.2,5.86,24.8,4,12,6,2,0,4,1,17.18,0.04,-0.03,25.56,Moderately Stressed
2024-11-01 02:45:00,17.18,24.95,245.0,17.4,21.2,5.86,24.8,6,17,8,2,0,4,1,17.17,0.02,0.01,25.46,Moderately Stressed
2024-11-01 03:00:00,17.16,24.92,247.0,18.7,21.3,5.85,24.7,6,17,8,3,0,4,1,17.16,0.02,0.01,25.46,Moderately Stressed
2024-11-01 03:15:00,17.16,24.92,247.0,16.5,21.5,5.84,24.7,6,17,8,3,0,4,1,17.16,0.01,0.01,25.35,Moderately Stressed
2024-11-01 03:30:00,17.18,24.85,249.0,18.4,21.0,5.84,24.6,6,17,8,3,0,4,1,17.16,0.01,0.04,25.35,Moderately Stressed
2024-11-01 03:45:00,17.18,24.81,251.0,18.4,21.0,5.84,24.6,6,17,8,3,0,4,1,17.16,0.01,0.0,25.34,Moderately Stressed
2024-11-01 04:00:00,17.18,24.74,254.0,16.5,21.7,5.83,24.6,6,17,8,4,0,4,1,17.16,0.01,0.02,25.34,Moderately Stressed
2024-11-01 04:15:00,17.18,24.74,254.0,16.5,21.5,5.83,24.5,6,17,8,4,0,4,1,17.17,0.01,0.02,25.23,Moderately Stressed
2024-11-01 04:30:00,17.19,24.72,256.0,16.5,21.5,5.82,24.5,6,17,8,4,0,4,1,17.17,0.02,0.01,25.14,Moderately Stressed
2024-11-01 04:45:00,17.22,24.61,259.0,22.4,20.7,5.82,24.5,6,17,8,4,0,4,1,17.17,0.02,0.04,25.1,Moderately Stressed
2024-11-01 05:00:00,17.22,24.52,262.0,22.4,20.7,5.82,24.4,6,17,8,5,0,4,1,17.18,0.02,0.04,25.1,Moderately Stressed
2024-11-01 05:15:00,17.22,24.52,262.0,22.0,21.2,5.82,24.3,6,17,8,5,0,4,1,17.18,0.03,0.04,25.05,Moderately Stressed
2024-11-01 05:30:00,17.24,24.47,265.0,18.6,21.4,5.82,24.3,6,17,8,5,0,4,1,17.19,0.03,0.05,24.95,Moderately Stressed
2024-11-01 05:45:00,17.26,24.42,269.0,18.6,21.4,5.82,24.3,6,17,8,5,0,4,1,17.2,0.03,0.04,24.92,Moderately Stressed
2024-11-01 06:00:00,17.26,24.41,271.0,17.4,21.3,5.82,24.3,6,17,8,6,1,4,1,17.21,0.03,0.04,24.92,Moderately Stressed
2024-11-01 06:15:00,17.26,24.41,271.0,17.4,21.3,5.82,24.2,6,17,8,6,1,4,1,17.22,0.03,0.04,24.85,Moderately Stressed
2024-11-01 06:30:00,17.25,24.33,273.0,17.1,21.3,5.82,24.2,6,16,8,6,1,4,1,17.22,0.03,0.01,24.81,Moderately Stressed
2024-11-01 06:45:00,17.27,24.31,276.0,17.1,21.3,5.82,24.2,4,12,6,6,1,4,1,17.23,0.03,0.01,24.74,Moderately Stressed
2024-11-01 07:00:00,17.23,24.3,278.0,16.1,21.9,5.82,24.1,4,12,6,7,1,4,1,17.23,0.03,-0.03,24.74,Moderately Stressed
2024-11-01 07:15:00,17.23,24.3,278.0,14.4,23.2,5.82,24.1,4,12,6,7,1,4,1,17.24,0.02,-0.03,24.72,Moderately Stressed
2024-11-01 07:30:00,17.21,24.33,280.0,12.2,24.9,5.81,24.2,5,15,7,7,1,4,1,17.24,0.02,-0.04,24.61,Moderately Stressed
2024-11-01 07:45:00,17.14,24.48,284.0,12.2,24.9,5.81,24.2,5,15,7,7,1,4,1,17.23,0.03,-0.13,24.52,Moderately Stressed
2024-11-01 08:00:00,17.11,24.83,289.0,8.8,27.9,5.79,24.4,5,15,7,8,1,4,1,17.22,0.05,-0.12,24.83,Moderately Stressed
2024-11-01 08:15:00,17.11,24.83,289.0,3.7,32.1,5.77,24.7,5,16,8,8,1,4,1,17.21,0.06,-0.12,24.83,Moderately Stressed
2024-11-01 08:30:00,17.07,25.15,292.0,2.1,31.1,5.74,25.0,5,16,8,8,1,4,1,17.2,0.07,-0.14,25.15,Moderately Stressed
2024-11-01 08:45:00,17.06,25.45,294.0,2.1,31.1,5.74,25.0,5,16,8,8,1,4,1,17.18,0.08,-0.08,25.45,Moderately Stressed
2024-11-01 09:00:00,17.01,25.76,295.0,2.0,30.8,5.72,25.3,5,16,8,9,1,4,1,17.16,0.09,-0.1,25.76,Moderately Stressed
2024-11-01 09:15:00,17.01,25.76,295.0,1.9,33.2,5.71,25.4,6,17,8,9,1,4,1,17.14,0.09,-0.1,25.76,Moderately Stressed
2024-11-01 09:30:00,16.86,26.48,299.0,1.9,35.0,5.69,25.6,7,21,10,9,1,4,1,17.11,0.12,-0.21,26.48,Moderately Stressed
2024-11-01 09:45:00,16.86,26.48,299.0,1.9,35.0,5.69,25.6,8,22,11,9,1,4,2,17.08,0.13,-0.2,26.48,Moderately Stressed
2024-11-01 10:00:00,16.86,26.48,299.0,1.7,37.4,5.67,26.0,7,21,10,10,1,4,2,17.04,0.13,-0.15,26.48,Moderately Stressed
2024-11-01 10:15:00,16.86,26.48,299.0,1.5,39.7,5.65,26.4,8,23,11,10,1,4,2,17.01,0.13,-0.15,26.48,Moderately Stressed
2024-11-01 10:30:00,16.39,28.52,304.0,1.5,48.5,5.62,27.1,8,24,12,10,1,4,2,16.94,0.21,-0.47,28.52,Moderately Stressed
2024-11-01 10:45:00,16.39,28.52,304.0,1.5,48.5,5.62,27.1,9,27,13,10,1,4,2,16.88,0.25,-0.47,28.52,Moderately Stressed
2024-11-01 11:00:00,16.34,29.28,300.0,0.9,48.1,5.59,28.0,7,21,10,11,1,4,2,16.82,0.28,-0.52,29.28,Moderately Stressed
2024-11-01 11:15:00,16.34,29.28,300.0,0.7,47.2,5.57,28.6,9,27,13,11,1,4,2,16.75,0.3,-0.52,29.28,Moderately Stressed
2024-11-01 11:30:00,16.38,29.67,294.0,1.1,46.7,5.57,28.8,9,27,13,11,1,4,2,16.7,0.3,-0.01,29.67,Moderately Stressed
2024-11-01 11:45:00,16.36,29.86,287.0,1.0,42.8,5.57,28.8,8,22,11,11,1,4,2,16.64,0.29,-0.03,29.86,Moderately Stressed
2024-11-01 12:00:00,16.36,29.89,282.0,1.0,42.8,5.58,28.8,7,19,9,12,1,4,2,16.58,0.27,0.02,29.89,Moderately Stressed
2024-11-01 12:15:00,16.36,29.89,282.0,0.9,42.4,5.58,28.8,9,25,12,12,1,4,2,16.53,0.24,0.02,29.89,Moderately Stressed
2024-11-01 12:30:00,16.27,30.16,280.0,0.7,41.4,5.57,29.0,7,21,10,12,1,4,2,16.48,0.23,-0.11,30.16,Moderately Stressed
2024-11-01 12:45:00,16.33,30.24,276.0,0.8,38.6,5.57,29.0,7,21,10,12,1,4,2,16.44,0.2,-0.03,30.24,Moderately Stressed
2024-11-01 13:00:00,16.33,30.24,276.0,0.8,38.6,5.57,29.0,7,21,10,13,1,4,2,16.39,0.15,-0.03,30.24,Moderately Stressed
2024-11-01 13:15:00,16.19,30.09,272.0,1.0,36.4,5.57,28.9,8,23,11,13,1,4,2,16.34,0.06,-0.17,30.24,Moderately Stressed
2024-11-01 13:30:00,16.19,30.09,272.0,0.9,38.7,5.57,28.9,6,18,9,13,1,4,2,16.32,0.07,-0.08,30.24,Moderately Stressed
2024-11-01 13:45:00,16.23,30.12,269.0,1.0,36.3,5.57,28.9,6,19,9,13,1,4,2,16.31,0.07,-0.1,30.24,Moderately Stressed
2024-11-01 14:00:00,16.19,30.07,268.0,1.0,36.3,5.57,28.9,6,17,8,14,1,4,2,16.29,0.08,-0.14,30.24,Moderately Stressed
2024-11-01 14:15:00,16.19,30.07,268.0,1.1,45.5,5.56,29.0,9,26,13,14,1,4,2,16.28,0.08,0.0,30.24,Moderately Stressed
2024-11-01 14:30:00,16.11,30.66,262.0,0.8,42.3,5.54,29.4,7,21,10,14,1,4,2,16.26,0.09,-0.08,30.66,Moderately Stressed
2024-11-01 14:45:00,16.11,30.66,262.0,12.1,33.1,5.54,29.4,6,19,9,14,1,4,2,16.24,0.09,-0.12,30.66,Moderately Stressed
2024-11-01 15:00:00,16.94,30.11,295.0,12.1,33.1,5.54,29.4,13,37,18,15,1,4,2,16.29,0.22,0.75,30.66,Moderately Stressed
2024-11-01 15:15:00,16.94,30.11,295.0,65.6,26.7,5.59,28.8,5,16,8,15,1,4,2,16.34,0.29,0.75,30.66,Moderately Stressed
2024-11-01 15:30:00,16.88,29.76,290.0,67.1,28.6,5.57,28.6,4,13,6,15,1,4,2,16.39,0.33,0.77,30.66,Moderately Stressed
2024-11-01 15:45:00,16.77,29.54,286.0,66.7,32.1,5.57,28.6,4,12,6,15,1,4,2,16.42,0.35,0.66,30.66,Moderately Stressed
2024-11-01 16:00:00,16.71,29.36,284.0,66.7,32.1,5.54,28.5,4,12,6,16,1,4,2,16.45,0.35,-0.23,30.66,Moderately Stressed
2024-11-01 16:15:00,16.71,29.36,284.0,66.1,33.0,5.54,28.5,4,12,6,16,1,4,2,16.5,0.35,-0.23,30.66,Moderately Stressed
2024-11-01 16:30:00,16.62,29.43,280.0,64.8,32.6,5.54,28.4,5,15,7,16,1,4,2,16.53,0.34,-0.26,30.66,Moderately Stressed
2024-11-01 16:45:00,16.63,29.43,277.0,62.6,33.0,5.54,28.4,5,14,7,16,1,4,2,16.57,0.33,-0.14,30.66,Moderately Stressed
2024-11-01 17:00:00,16.81,29.33,277.0,62.6,33.0,5.54,28.2,5,14,7,17,1,4,2,16.62,0.31,0.1,30.66,Moderately Stressed
2024-11-01 17:15:00,16.81,29.33,277.0,60.6,29.7,5.54,28.1,5,14,7,17,1,4,2,16.67,0.28,0.1,30.66,Moderately Stressed
2024-11-01 17:30:00,16.63,29.12,265.0,65.4,25.0,5.55,27.9,5,14,7,17,1,4,2,16.71,0.22,0.01,30.66,Moderately Stressed
2024-11-01 17:45:00,16.88,28.79,270.0,66.7,24.6,5.55,27.9,4,13,6,17,1,4,2,16.78,0.12,0.25,30.11,Moderately Stressed
2024-11-01 18:00:00,16.88,28.79,270.0,66.7,24.6,5.56,27.7,4,13,6,18,1,4,2,16.77,0.11,0.07,30.11,Moderately Stressed
2024-11-01 18:15:00,16.81,28.22,266.0,66.7,24.4,5.57,27.5,4,13,6,18,1,4,2,16.76,0.1,0.0,29.76,Moderately Stressed
2024-11-01 18:30:00,16.81,28.22,266.0,66.7,24.0,5.58,27.3,4,13,6,18,1,4,2,16.76,0.09,0.18,29.54,Moderately Stressed
2024-11-01 18:45:00,16.94,27.96,268.0,67.1,23.6,5.58,27.3,5,14,7,18,1,4,2,16.77,0.11,0.06,29.43,Moderately Stressed
2024-11-01 19:00:00,16.84,27.73,267.0,67.1,23.6,5.59,27.1,5,14,7,19,0,4,2,16.78,0.11,-0.04,29.43,Moderately Stressed
2024-11-01 19:15:00,16.84,27.73,267.0,66.0,23.6,5.59,27.0,5,14,7,19,0,4,2,16.79,0.11,0.03,29.43,Moderately Stressed
2024-11-01 19:30:00,16.86,27.51,268.0,66.4,22.5,5.6,26.8,5,14,7,19,0,4,2,16.81,0.09,0.05,29.43,Moderately Stressed
2024-11-01 19:45:00,16.86,27.51,268.0,66.4,21.6,5.6,26.8,4,13,6,19,0,4,2,16.83,0.07,-0.08,29.33,Moderately Stressed
2024-11-01 20:00:00,16.9,26.97,269.0,66.4,21.6,5.61,26.6,4,13,6,20,0,4,2,16.84,0.08,0.06,29.33,Moderately Stressed
2024-11-01 20:15:00,16.9,26.97,269.0,66.2,21.2,5.63,26.3,4,13,6,20,0,4,2,16.85,0.08,0.06,29.12,Moderately Stressed
2024-11-01 20:30:00,16.94,26.7,271.0,66.3,20.9,5.64,26.1,5,14,7,20,0,4,2,16.87,0.04,0.08,28.79,Moderately Stressed
2024-11-01 20:45:00,16.92,26.48,270.0,66.3,20.6,5.64,26.1,5,14,7,20,0,4,2,16.88,0.05,0.06,28.79,Moderately Stressed
2024-11-01 21:00:00,16.91,26.23,272.0,66.3,20.6,5.65,25.9,5,14,7,21,0,4,2,16.88,0.05,0.01,28.22,Moderately Stressed
2024-11-01 21:15:00,16.91,26.23,272.0,66.4,20.4,5.66,25.7,5,14,7,21,0,4,2,16.89,0.04,0.01,28.22,Moderately Stressed
2024-11-01 21:30:00,16.94,26.02,273.0,66.4,20.4,5.68,25.5,5,14,7,21,0,4,2,16.9,0.04,0.0,27.96,Moderately Stressed
2024-11-01 21:45:00,16.98,25.86,277.0,66.8,20.4,5.68,25.5,5,14,7,21,0,4,2,16.9,0.04,0.06,27.73,Moderately Stressed
2024-11-01 22:00:00,17.0,25.67,278.0,66.8,20.4,5.68,25.4,5,14,7,22,0,4,2,16.91,0.05,0.09,27.73,Moderately Stressed
2024-11-01 22:15:00,17.0,25.67,278.0,66.8,21.0,5.68,25.5,5,14,7,22,0,4,2,16.93,0.05,0.09,27.51,Moderately Stressed
2024-11-01 22:30:00,17.03,25.56,280.0,66.4,20.6,5.69,25.3,5,14,7,22,0,4,2,16.94,0.05,0.09,27.51,Moderately Stressed
2024-11-01 22:45:00,17.31,25.43,286.0,66.4,20.3,5.69,25.3,5,14,7,22,0,4,2,16.98,0.11,0.33,26.97,Moderately Stressed
2024-11-01 23:00:00,17.3,25.26,287.0,66.4,20.3,5.7,25.0,5,14,7,23,0,4,2,17.01,0.14,0.3,26.97,Moderately Stressed
2024-11-01 23:15:00,17.3,25.26,287.0,66.4,20.2,5.7,24.9,5,14,7,23,0,4,2,17.05,0.16,0.3,26.7,Moderately Stressed
2024-11-01 23:30:00,17.27,25.12,288.0,66.4,20.1,5.7,24.8,5,14,7,23,0,4,2,17.07,0.17,0.24,26.48,Moderately Stressed
2024-11-01 23:45:00,17.26,24.99,290.0,66.8,20.1,5.7,24.8,5,14,7,23,0,4,2,17.1,0.17,-0.05,26.23,Moderately Stressed
2024-11-02 00:00:00,17.27,24.84,294.0,66.8,20.1,5.7,24.7,5,14,7,0,0,5,2,17.13,0.16,-0.03,26.23,Moderately Stressed
2024-11-02 00:15:00,17.27,24.84,294.0,67.0,20.1,5.7,24.6,5,14,7,0,0,5,2,17.16,0.15,-0.03,26.02,Moderately Stressed
2024-11-02 00:30:00,17.44,24.73,300.0,67.1,20.2,5.7,24.5,5,14,7,0,0,5,2,17.2,0.16,0.17,25.86,Moderately Stressed
2024-11-02 00:45:00,17.03,24.63,295.0,67.8,20.7,5.7,24.5,5,14,7,0,0,5,2,17.21,0.15,-0.23,25.67,Moderately Stressed
2024-11-02 01:00:00,17.03,24.63,295.0,67.8,20.7,5.7,24.4,5,14,7,1,0,5,2,17.21,0.15,-0.24,25.67,Moderately Stressed
2024-11-02 01:15:00,17.2,24.45,303.0,67.2,20.4,5.7,24.4,5,14,7,1,0,5,2,17.23,0.13,-0.07,25.56,Moderately Stressed
2024-11-02 01:30:00,17.2,24.45,303.0,67.7,20.3,5.69,24.3,5,15,7,1,0,5,2,17.24,0.12,-0.24,25.43,Moderately Stressed
2024-11-02 01:45:00,17.18,24.42,304.0,68.0,21.3,5.69,24.3,5,15,7,1,0,5,2,17.23,0.11,0.15,25.26,Moderately Stressed
2024-11-02 02:00:00,17.16,24.4,307.0,68.0,21.3,5.69,24.3,5,15,7,2,0,5,2,17.22,0.11,0.13,25.26,Moderately Stressed
2024-11-02 02:15:00,17.16,24.4,307.0,67.9,21.4,5.68,24.2,5,15,7,2,0,5,2,17.21,0.11,-0.04,25.12,Moderately Stressed
2024-11-02 02:30:00,17.18,24.38,310.0,67.8,21.2,5.68,24.2,5,14,7,2,0,5,2,17.2,0.11,-0.02,24.99,Moderately Stressed
2024-11-02 02:45:00,17.17,24.34,312.0,67.9,21.2,5.68,24.2,5,16,8,2,0,5,2,17.19,0.11,-0.01,24.84,Moderately Stressed
2024-11-02 03:00:00,17.14,24.33,313.0,67.9,21.2,5.67,24.2,6,16,8,3,0,5,2,17.18,0.11,-0.02,24.84,Moderately Stressed
2024-11-02 03:15:00,17.14,24.33,313.0,67.0,20.3,5.67,24.2,6,17,8,3,0,5,2,17.17,0.1,-0.02,24.73,Moderately Stressed
2024-11-02 03:30:00,17.15,24.23,314.0,67.0,19.7,5.67,24.1,6,17,8,3,0,5,2,17.14,0.06,-0.03,24.63,Moderately Stressed
2024-11-02 03:45:00,17.17,24.11,314.0,67.0,19.5,5.67,24.1,6,17,8,3,0,5,2,17.16,0.04,0.0,24.63,Moderately Stressed
2024-11-02 04:00:00,17.17,24.01,316.0,67.0,19.5,5.67,23.9,6,17,8,4,0,5,2,17.17,0.02,0.03,24.45,Moderately Stressed
2024-11-02 04:15:00,17.17,24.01,316.0,67.0,19.3,5.67,23.8,6,17,8,4,0,5,2,17.17,0.02,0.03,24.45,Moderately Stressed
2024-11-02 04:30:00,17.23,23.89,317.0,67.0,19.3,5.67,23.8,6,17,8,4,0,5,2,17.17,0.02,0.08,24.42,Moderately Stressed
2024-11-02 04:45:00,17.31,23.76,315.0,66.9,18.9,5.68,23.6,6,17,8,4,0,5,2,17.18,0.05,0.14,24.4,Moderately Stressed
2024-11-02 05:00:00,17.51,23.61,322.0,66.9,18.9,5.68,23.6,6,17,8,5,0,5,2,17.21,0.11,0.34,24.4,Moderately Stressed
2024-11-02 05:15:00,17.51,23.61,322.0,66.9,18.8,5.68,23.5,6,17,8,5,0,5,2,17.24,0.14,0.34,24.38,Moderately Stressed
2024-11-02 05:30:00,17.0,23.51,307.0,67.0,18.6,5.69,23.4,6,18,9,5,0,5,2,17.22,0.15,-0.23,24.34,Moderately Stressed
2024-11-02 05:45:00,17.12,23.4,310.0,67.3,18.5,5.69,23.4,6,18,9,5,0,5,2,17.22,0.15,-0.19,24.33,Moderately Stressed
2024-11-02 06:00:00,17.12,23.29,311.0,67.3,18.5,5.69,23.3,6,18,9,6,1,5,2,17.22,0.15,-0.39,24.33,Moderately Stressed
2024-11-02 06:15:00,17.12,23.29,311.0,67.5,18.4,5.7,23.2,6,18,9,6,1,5,2,17.22,0.16,-0.39,24.23,Moderately Stressed
2024-11-02 06:30:00,17.09,23.19,311.0,67.6,18.7,5.71,23.1,6,18,9,6,1,5,2,17.21,0.16,0.09,24.11,Moderately Stressed
2024-11-02 06:45:00,17.12,23.13,314.0,68.4,19.6,5.71,23.1,6,18,9,6,1,5,2,17.21,0.16,0.0,24.01,Moderately Stressed
2024-11-02 07:00:00,17.13,23.1,317.0,68.4,19.6,5.71,23.1,6,19,9,7,1,5,2,17.2,0.16,0.01,24.01,Moderately Stressed
2024-11-02 07:15:00,17.13,23.1,317.0,69.5,21.5,5.71,23.1,7,19,9,7,1,5,2,17.2,0.16,0.01,23.89,Moderately Stressed
2024-11-02 07:30:00,17.16,23.21,322.0,69.4,22.4,5.71,23.2,7,20,10,7,1,5,2,17.19,0.16,0.07,23.76,Moderately Stressed
2024-11-02 07:45:00,17.14,23.36,324.0,70.2,24.5,5.71,23.2,7,20,10,7,1,5,2,17.18,0.16,0.02,23.61,Moderately Stressed
2024-11-02 08:00:00,17.04,23.58,328.0,70.2,24.5,5.7,23.3,7,21,10,8,1,5,2,17.14,0.12,-0.09,23.61,Moderately Stressed
2024-11-02 08:15:00,17.04,23.58,328.0,69.4,29.8,5.69,23.6,7,22,11,8,1,5,2,17.1,0.05,-0.09,23.58,Moderately Stressed
2024-11-02 08:30:00,16.97,23.95,330.0,64.1,33.7,5.66,24.0,8,22,11,8,1,5,2,17.1,0.05,-0.19,23.95,Moderately Stressed
2024-11-02 08:45:00,16.82,24.52,328.0,59.3,37.7,5.66,24.0,8,23,11,8,1,5,2,17.07,0.1,-0.32,24.52,Moderately Stressed
2024-11-02 09:00:00,16.55,25.14,324.0,59.3,37.7,5.61,24.6,8,24,12,9,1,5,2,17.03,0.18,-0.49,25.14,Moderately Stressed
2024-11-02 09:15:00,16.55,25.14,324.0,46.9,41.2,5.55,25.6,9,25,12,9,1,5,2,16.98,0.22,-0.49,25.14,Moderately Stressed
2024-11-02 09:30:00,16.31,25.9,326.0,25.2,43.9,5.5,26.0,7,22,11,9,1,5,2,16.91,0.29,-0.66,25.9,Moderately Stressed
2024-11-02 09:45:00,16.2,26.64,324.0,10.0,47.8,5.5,26.0,9,25,12,9,1,5,3,16.84,0.35,-0.62,26.64,Moderately Stressed
2024-11-02 10:00:00,16.2,26.64,324.0,10.0,47.8,5.47,26.6,7,20,10,10,1,5,3,16.76,0.38,-0.35,26.64,Moderately Stressed
2024-11-02 10:15:00,16.2,26.64,324.0,5.7,50.6,5.62,27.5,11,32,16,10,1,5,3,16.68,0.39,-0.35,26.64,Moderately Stressed
2024-11-02 10:30:00,19.86,29.21,468.0,3.2,53.9,5.61,28.0,15,43,21,10,1,5,3,16.91,1.0,3.55,29.21,Healthy
2024-11-02 10:45:00,19.86,29.21,468.0,1.7,51.8,5.61,28.0,14,40,20,10,1,5,3,17.13,1.31,3.66,29.21,Healthy
2024-11-02 11:00:00,19.47,29.69,445.0,1.7,51.8,5.52,28.6,13,37,18,11,1,5,3,17.34,1.48,3.27,29.69,Healthy
2024-11-02 11:15:00,19.47,29.69,445.0,1.7,55.6,5.52,29.0,13,39,19,11,1,5,3,17.54,1.59,3.27,29.69,Healthy
2024-11-02 11:30:00,18.97,30.51,427.0,1.3,57.0,5.51,29.6,12,35,17,11,1,5,3,17.7,1.63,-0.89,30.51,Healthy
2024-11-02 11:45:00,18.97,30.51,427.0,1.2,58.8,5.51,29.6,11,32,16,11,1,5,3,17.88,1.64,-0.89,30.51,Healthy
2024-11-02 12:00:00,18.45,31.7,403.0,1.2,58.8,5.5,30.2,11,32,16,12,1,5,3,18.04,1.59,-1.02,31.7,Healthy
2024-11-02 12:15:00,18.45,31.7,403.0,1.0,58.7,5.47,30.8,11,33,16,12,1,5,3,18.2,1.53,-1.02,31.7,Healthy
2024-11-02 12:30:00,18.43,32.36,395.0,0.5,51.9,5.46,31.4,11,32,16,12,1,5,3,18.38,1.41,-0.54,32.36,Healthy
2024-11-02 12:45:00,18.44,32.25,378.0,1.1,55.0,5.46,31.4,11,31,15,12,1,5,3,18.56,1.23,-0.53,32.36,Healthy
2024-11-02 13:00:00,18.44,32.25,378.0,1.1,55.0,5.48,31.4,10,29,14,13,1,5,3,18.75,0.98,-0.01,32.36,Healthy
2024-11-02 13:15:00,17.88,33.21,365.0,1.0,57.1,5.46,31.8,10,30,15,13,1,5,3,18.89,0.65,-0.57,33.21,Moderately Stressed
2024-11-02 13:30:00,17.88,33.21,365.0,1.0,57.3,5.45,32.1,10,29,14,13,1,5,3,18.73,0.63,-0.55,33.21,Moderately Stressed
2024-11-02 13:45:00,17.88,33.21,365.0,1.0,52.4,5.45,32.1,9,27,13,13,1,5,3,18.56,0.56,-0.56,33.21,Moderately Stressed
2024-11-02 14:00:00,17.55,33.7,347.0,1.0,52.4,5.46,32.1,9,26,13,14,1,5,3,18.4,0.55,-0.89,33.7,Moderately Stressed
2024-11-02 14:15:00,17.55,33.7,347.0,0.4,50.9,5.41,32.3,9,26,13,14,1,5,3,18.24,0.49,-0.33,33.7,Moderately Stressed
2024-11-02 14:30:00,17.43,33.8,336.0,0.3,42.4,5.41,32.3,9,26,13,14,1,5,3,18.11,0.48,-0.45,33.8,Moderately Stressed
2024-11-02 14:45:00,17.43,33.8,336.0,0.5,37.3,5.41,32.3,8,24,12,14,1,5,3,17.98,0.43,-0.45,33.8,Moderately Stressed
2024-11-02 15:00:00,17.5,33.39,319.0,0.5,37.3,5.4,32.3,7,22,11,15,1,5,3,17.9,0.43,-0.05,33.8,Moderately Stressed
2024-11-02 15:15:00,17.5,33.39,319.0,0.6,37.9,5.4,32.3,8,23,11,15,1,5,3,17.83,0.41,-0.05,33.8,Moderately Stressed
2024-11-02 15:30:00,17.5,33.39,319.0,0.6,36.3,5.41,32.3,8,24,12,15,1,5,3,17.75,0.37,0.07,33.8,Moderately Stressed
2024-11-02 15:45:00,22.42,30.51,336.0,0.6,36.0,5.41,32.3,13,38,19,15,1,5,3,18.08,1.4,4.99,33.8,Healthy
2024-11-02 16:00:00,22.42,30.51,336.0,0.6,36.0,5.49,31.2,14,40,20,16,1,5,3,18.41,1.88,4.92,33.8,Healthy
2024-11-02 16:15:00,22.42,30.51,336.0,0.7,34.7,5.53,30.7,12,34,17,16,1,5,3,18.79,2.19,4.92,33.8,Healthy
2024-11-02 16:30:00,21.05,30.9,281.0,0.8,30.5,5.57,30.5,11,32,16,16,1,5,3,19.05,2.26,3.55,33.8,Healthy
2024-11-02 16:45:00,21.05,30.9,281.0,0.8,31.1,5.57,30.5,10,28,14,16,1,5,3,19.32,2.3,-1.37,33.8,Healthy
2024-11-02 17:00:00,20.71,30.8,269.0,0.8,31.1,5.61,30.3,10,28,14,17,1,5,3,19.58,2.26,-1.71,33.8,Healthy
2024-11-02 17:15:00,20.71,30.8,269.0,0.9,28.3,5.65,30.1,8,24,12,17,1,5,3,19.85,2.18,-1.71,33.8,Healthy
2024-11-02 17:30:00,20.36,30.28,252.0,1.1,26.7,5.69,29.8,9,27,13,17,1,5,3,20.09,2.05,-0.69,33.8,Healthy
2024-11-02 17:45:00,20.36,30.28,252.0,1.6,25.1,5.69,29.8,9,25,12,17,1,5,3,20.33,1.87,-0.69,33.39,Healthy
2024-11-02 18:00:00,20.36,30.28,252.0,1.6,25.1,5.73,29.5,8,23,11,18,1,5,3,20.57,1.64,-0.35,33.39,Healthy
2024-11-02 18:15:00,20.36,30.28,252.0,1.3,23.9,5.67,29.2,5,15,7,18,1,5,3,20.81,1.34,-0.35,33.39,Healthy
2024-11-02 18:30:00,20.04,29.39,241.0,1.9,23.2,5.7,29.0,5,14,7,18,1,5,3,21.02,0.89,-0.32,30.9,Healthy
2024-11-02 18:45:00,20.04,29.39,241.0,1.8,23.0,5.7,29.0,5,14,7,18,1,5,3,20.82,0.82,-0.32,30.9,Healthy
2024-11-02 19:00:00,19.93,29.11,240.0,1.8,23.0,5.72,28.7,4,13,6,19,0,5,3,20.62,0.68,-0.43,30.9,Healthy
2024-11-02 19:15:00,19.93,29.11,240.0,1.8,22.9,5.73,28.5,4,13,6,19,0,5,3,20.41,0.4,-0.43,30.9,Healthy
2024-11-02 19:30:00,19.82,28.81,238.0,1.6,24.0,5.74,28.2,4,13,6,19,0,5,3,20.31,0.38,-0.22,30.9,Healthy
2024-11-02 19:45:00,19.69,28.56,235.0,1.6,24.0,5.74,28.2,4,13,6,19,0,5,3,20.19,0.33,-0.35,30.8,Healthy
2024-11-02 20:00:00,19.69,28.56,235.0,1.6,24.0,5.74,28.1,4,12,6,20,0,5,3,20.11,0.32,-0.24,30.8,Healthy
2024-11-02 20:15:00,19.69,28.56,235.0,2.2,23.2,5.75,27.9,4,12,6,20,0,5,3,20.02,0.28,-0.24,30.28,Healthy
2024-11-02 20:30:00,19.51,27.74,228.0,2.4,22.6,5.76,27.7,4,13,6,20,0,5,3,19.95,0.29,-0.31,30.28,Healthy
2024-11-02 20:45:00,19.51,27.74,228.0,3.0,22.4,5.76,27.7,4,13,6,20,0,5,3,19.88,0.29,-0.18,30.28,Healthy
2024-11-02 21:00:00,19.45,27.54,227.0,3.0,22.4,5.77,27.5,4,13,6,21,0,5,3,19.8,0.27,-0.24,30.28,Healthy
2024-11-02 21:15:00,19.45,27.54,227.0,3.1,22.7,5.77,27.3,4,13,6,21,0,5,3,19.73,0.22,-0.24,29.39,Healthy
2024-11-02 21:30:00,19.39,27.32,225.0,3.6,22.1,5.77,27.1,4,13,6,21,0,5,3,19.68,0.22,-0.12,29.39,Healthy
2024-11-02 21:45:00,19.39,27.32,225.0,3.0,22.6,5.77,27.1,4,13,6,21,0,5,3,19.62,0.2,-0.12,29.11,Healthy
2024-11-02 22:00:00,19.35,26.92,223.0,3.0,22.6,5.77,27.0,4,12,6,22,0,5,3,19.57,0.19,-0.1,29.11,Healthy
2024-11-02 22:15:00,19.35,26.92,223.0,2.4,22.9,5.77,26.9,5,16,8,22,0,5,3,19.52,0.16,-0.1,28.81,Healthy
2024-11-02 22:30:00,20.43,26.75,265.0,67.2,22.1,5.95,26.2,2,7,3,22,0,5,3,19.58,0.3,1.04,28.56,Healthy
2024-11-02 22:45:00,21.64,26.47,278.0,67.1,20.9,5.95,26.2,0,2,1,22,0,5,3,19.74,0.67,2.25,28.56,Healthy
2024-11-02 23:00:00,20.97,26.18,272.0,67.1,20.9,6.13,25.8,0,2,1,23,0,5,3,19.84,0.76,1.62,28.56,Healthy
2024-11-02 23:15:00,20.97,26.18,272.0,66.5,21.1,6.05,25.8,1,3,1,23,0,5,3,19.95,0.82,1.62,27.74,Healthy
2024-11-02 23:30:00,20.84,26.0,277.0,67.1,20.9,6.06,25.6,1,3,1,23,0,5,3,20.06,0.84,0.41,27.74,Healthy
2024-11-02 23:45:00,20.41,25.85,294.0,67.1,20.9,6.06,25.6,1,3,1,23,0,5,3,20.14,0.83,-1.23,27.54,Healthy
2024-11-03 00:00:00,20.14,25.73,305.0,67.1,20.9,6.03,25.7,1,3,1,0,0,6,3,20.19,0.8,-0.83,27.54,Healthy
2024-11-03 00:15:00,20.14,25.73,305.0,67.1,21.0,6.02,25.6,1,3,1,0,0,6,3,20.25,0.77,-0.83,27.32,Healthy
2024-11-03 00:30:00,19.94,25.59,314.0,67.2,21.2,6.03,25.5,1,3,1,0,0,6,3,20.3,0.73,-0.9,27.32,Healthy
2024-11-03 00:45:00,19.85,25.54,323.0,67.6,21.4,6.03,25.5,1,3,1,0,0,6,3,20.34,0.69,-0.56,26.92,Healthy
2024-11-03 01:00:00,19.8,25.45,330.0,67.6,21.4,6.03,25.4,1,3,1,1,0,6,3,20.37,0.64,-0.34,26.92,Healthy
2024-11-03 01:15:00,19.8,25.45,330.0,67.2,21.3,6.04,25.4,1,3,1,1,0,6,3,20.41,0.58,-0.34,26.75,Healthy
2024-11-03 01:30:00,19.75,25.35,337.0,67.1,21.0,6.04,25.4,1,3,1,1,0,6,3,20.35,0.61,-0.19,26.47,Healthy
2024-11-03 01:45:00,19.76,25.24,342.0,67.0,20.7,6.04,25.4,1,3,1,1,0,6,3,20.2,0.48,-0.09,26.18,Healthy
2024-11-03 02:00:00,19.62,25.1,343.0,67.0,20.7,6.04,25.4,1,3,1,2,0,6,3,20.08,0.44,-0.18,26.18,Healthy
2024-11-03 02:15:00,19.62,25.1,343.0,66.5,20.3,6.05,25.0,1,3,1,2,0,6,3,19.97,0.36,-0.18,26.0,Healthy
2024-11-03 02:30:00,19.58,24.96,347.0,66.3,19.9,6.05,24.9,1,3,1,2,0,6,3,19.87,0.25,-0.17,25.85,Healthy
2024-11-03 02:45:00,19.55,24.83,351.0,66.3,19.7,6.05,24.9,1,3,1,2,0,6,3,19.8,0.2,-0.21,25.73,Healthy
2024-11-03 03:00:00,19.55,24.7,356.0,66.3,19.7,6.05,24.8,1,3,1,3,0,6,3,19.75,0.18,-0.07,25.73,Healthy
2024-11-03 03:15:00,19.55,24.7,356.0,66.4,20.1,6.06,24.7,1,3,1,3,0,6,3,19.7,0.14,-0.07,25.59,Healthy
2024-11-03 03:30:00,19.52,24.59,360.0,66.4,20.2,6.06,24.6,1,3,1,3,0,6,3,19.66,0.12,-0.06,25.54,Healthy
2024-11-03 03:45:00,19.48,24.52,364.0,66.4,20.3,6.06,24.6,0,2,1,3,0,6,3,19.63,0.12,-0.07,25.45,Healthy
2024-11-03 04:00:00,19.46,24.43,367.0,66.4,20.3,6.06,24.6,0,2,1,4,0,6,3,19.6,0.11,-0.09,25.45,Healthy
2024-11-03 04:15:00,19.46,24.43,367.0,66.3,19.8,6.06,24.5,0,2,1,4,0,6,3,19.58,0.1,-0.09,25.35,Healthy
2024-11-03 04:30:00,19.46,24.32,370.0,66.0,19.8,6.06,24.4,0,2,1,4,0,6,3,19.55,0.09,-0.06,25.24,Healthy
2024-11-03 04:45:00,19.41,24.23,372.0,65.7,20.0,6.06,24.4,0,2,1,4,0,6,3,19.52,0.07,-0.07,25.1,Healthy
2024-11-03 05:00:00,19.44,24.17,375.0,65.7,20.0,6.05,24.3,0,2,1,5,0,6,3,19.51,0.06,-0.02,25.1,Healthy
2024-11-03 05:15:00,19.44,24.17,375.0,66.4,20.8,6.05,24.2,0,2,1,5,0,6,3,19.49,0.06,-0.02,24.96,Healthy
2024-11-03 05:30:00,19.45,24.11,379.0,40.8,19.7,6.05,24.2,0,2,1,5,0,6,3,19.48,0.05,-0.01,24.83,Healthy
2024-11-03 05:45:00,19.4,24.02,381.0,42.4,19.7,6.05,24.2,0,2,1,5,0,6,3,19.47,0.05,-0.01,24.7,Healthy
2024-11-03 06:00:00,19.41,23.93,384.0,42.4,19.7,6.05,24.1,0,2,1,6,1,6,3,19.46,0.04,-0.03,24.7,Healthy
2024-11-03 06:15:00,19.41,23.93,384.0,42.1,19.5,6.04,24.0,0,2,1,6,1,6,3,19.44,0.03,-0.03,24.59,Healthy
2024-11-03 06:30:00,19.34,23.86,385.0,42.1,19.9,6.04,23.9,0,2,1,6,1,6,3,19.43,0.04,-0.11,24.52,Healthy
2024-11-03 06:45:00,19.31,23.8,387.0,41.7,20.4,6.04,23.9,0,2,1,6,1,6,3,19.42,0.05,-0.09,24.43,Healthy
2024-11-03 07:00:00,19.27,23.77,388.0,41.7,20.4,6.04,23.9,0,2,1,7,1,6,3,19.4,0.06,-0.14,24.43,Healthy
2024-11-03 07:15:00,19.27,23.77,388.0,41.2,21.5,6.03,23.9,0,2,1,7,1,6,3,19.38,0.07,-0.14,24.32,Healthy
2024-11-03 07:30:00,19.2,23.8,389.0,40.0,22.2,6.03,23.9,0,2,1,7,1,6,3,19.36,0.08,-0.14,24.23,Healthy
2024-11-03 07:45:00,19.15,23.82,390.0,36.9,28.0,6.03,23.9,0,2,1,7,1,6,3,19.34,0.1,-0.16,24.17,Healthy
2024-11-03 08:00:00,19.13,24.09,392.0,36.9,28.0,6.02,24.0,0,2,1,8,1,6,3,19.32,0.11,-0.14,24.17,Healthy
2024-11-03 08:15:00,19.13,24.09,392.0,34.1,30.6,5.99,24.2,0,2,1,8,1,6,3,19.29,0.12,-0.14,24.11,Healthy
2024-11-03 08:30:00,19.09,24.33,394.0,36.6,32.2,5.98,24.5,0,2,1,8,1,6,3,19.26,0.12,-0.11,24.33,Healthy
2024-11-03 08:45:00,18.98,24.68,397.0,55.5,36.0,5.98,24.5,1,3,1,8,1,6,3,19.22,0.13,-0.17,24.68,Healthy
2024-11-03 09:00:00,18.82,25.13,398.0,55.5,36.0,5.96,24.9,1,3,1,9,1,6,3,19.17,0.16,-0.31,25.13,Healthy
2024-11-03 09:15:00,18.82,25.13,398.0,56.6,41.9,5.93,25.4,1,3,1,9,1,6,3,19.13,0.18,-0.31,25.13,Healthy
2024-11-03 09:30:00,18.75,25.71,401.0,54.3,41.9,5.91,25.9,1,3,1,9,1,6,3,19.08,0.19,-0.34,25.71,Healthy
2024-11-03 09:45:00,18.62,26.47,403.0,44.9,44.2,5.91,25.9,1,3,1,9,1,6,4,19.02,0.22,-0.36,26.47,Healthy
2024-11-03 10:00:00,18.47,27.12,405.0,44.9,44.2,5.88,26.5,1,3,1,10,1,6,4,18.95,0.25,-0.35,27.12,Healthy
2024-11-03 10:15:00,18.47,27.12,405.0,24.1,47.7,5.86,27.0,1,3,1,10,1,6,4,18.89,0.27,-0.35,27.12,Healthy
2024-11-03 10:30:00,18.3,27.84,406.0,10.6,51.6,5.83,27.5,1,3,1,10,1,6,4,18.81,0.3,-0.45,27.84,Healthy
2024-11-03 10:45:00,18.3,27.84,406.0,4.5,53.4,5.83,27.5,1,3,1,10,1,6,4,18.74,0.31,-0.32,27.84,Healthy
2024-11-03 11:00:00,17.94,29.33,406.0,4.5,53.4,5.81,28.1,1,3,1,11,1,6,4,18.64,0.36,-0.53,29.33,Moderately Stressed
2024-11-03 11:15:00,17.94,29.33,406.0,2.0,50.8,5.78,28.7,1,3,1,11,1,6,4,18.54,0.38,-0.53,29.33,Moderately Stressed
2024-11-03 11:30:00,17.8,29.75,406.0,1.3,56.5,5.76,29.1,1,3,1,11,1,6,4,18.43,0.39,-0.5,29.75,Moderately Stressed
2024-11-03 11:45:00,17.59,30.51,404.0,1.3,57.3,5.76,29.1,1,3,1,11,1,6,4,18.32,0.42,-0.71,30.51,Moderately Stressed
2024-11-03 12:00:00,17.59,30.51,404.0,1.3,57.3,5.73,29.7,1,3,1,12,1,6,4,18.22,0.43,-0.35,30.51,Moderately Stressed
2024-11-03 12:15:00,17.53,31.71,402.0,1.2,57.1,5.7,30.4,1,3,1,12,1,6,4,18.11,0.43,-0.41,31.71,Moderately Stressed
2024-11-03 12:30:00,17.53,31.71,402.0,0.6,47.8,5.7,30.5,1,3,1,12,1,6,4,18.01,0.41,-0.27,31.71,Moderately Stressed
2024-11-03 12:45:00,17.53,31.71,402.0,0.5,49.9,5.7,30.5,1,3,1,12,1,6,4,17.92,0.38,-0.06,31.71,Moderately Stressed
2024-11-03 13:00:00,17.54,32.1,397.0,0.5,49.9,5.69,30.8,1,3,1,13,1,6,4,17.84,0.35,-0.05,32.1,Moderately Stressed
2024-11-03 13:15:00,17.54,32.1,397.0,0.6,44.4,5.7,30.7,1,3,1,13,1,6,4,17.76,0.3,0.01,32.1,Moderately Stressed
2024-11-03 13:30:00,17.25,32.06,397.0,0.9,56.3,5.69,30.8,1,3,1,13,1,6,4,17.67,0.28,-0.28,32.1,Moderately Stressed
2024-11-03 13:45:00,17.27,32.58,396.0,0.6,46.7,5.69,30.8,1,3,1,13,1,6,4,17.59,0.22,-0.26,32.58,Moderately Stressed
2024-11-03 14:00:00,17.35,32.48,392.0,0.6,46.7,5.68,31.0,1,3,1,14,1,6,4,17.54,0.2,-0.19,32.58,Moderately Stressed
2024-11-03 14:15:00,17.35,32.48,392.0,0.5,44.0,5.69,30.9,1,3,1,14,1,6,4,17.49,0.16,-0.19,32.58,Moderately Stressed
2024-11-03 14:30:00,17.38,32.15,389.0,0.6,41.2,5.7,30.8,1,3,1,14,1,6,4,17.45,0.12,0.13,32.58,Moderately Stressed
2024-11-03 14:45:00,17.38,32.15,389.0,0.6,39.9,5.7,30.8,1,3,1,14,1,6,4,17.44,0.12,0.11,32.58,Moderately Stressed
2024-11-03 15:00:00,17.38,32.05,386.0,0.6,39.9,5.69,30.7,1,3,1,15,1,6,4,17.42,0.11,0.03,32.58,Moderately Stressed
2024-11-03 15:15:00,17.38,32.05,386.0,0.6,36.2,5.7,30.6,1,3,1,15,1,6,4,17.41,0.1,0.03,32.58,Moderately Stressed
2024-11-03 15:30:00,17.38,32.05,386.0,0.7,35.0,5.69,30.6,1,3,1,15,1,6,4,17.39,0.1,0.0,32.58,Moderately Stressed
2024-11-03 15:45:00,17.41,31.5,379.0,0.6,36.9,5.69,30.6,1,3,1,15,1,6,4,17.38,0.09,0.03,32.58,Moderately Stressed
2024-11-03 16:00:00,17.41,31.5,379.0,0.6,36.9,5.69,30.6,1,3,1,16,1,6,4,17.37,0.07,0.03,32.58,Moderately Stressed
2024-11-03 16:15:00,17.41,31.5,379.0,0.7,34.2,5.7,30.5,1,3,1,16,1,6,4,17.36,0.05,0.03,32.58,Moderately Stressed
2024-11-03 16:30:00,17.43,31.16,377.0,0.8,31.0,5.71,30.2,1,3,1,16,1,6,4,17.38,0.04,0.05,32.58,Moderately Stressed
2024-11-03 16:45:00,17.55,30.87,375.0,0.8,30.7,5.71,30.2,0,2,1,16,1,6,4,17.4,0.05,0.14,32.48,Moderately Stressed
2024-11-03 17:00:00,17.52,30.51,372.0,0.8,30.7,5.72,29.9,0,2,1,17,1,6,4,17.42,0.06,0.11,32.48,Moderately Stressed
2024-11-03 17:15:00,17.52,30.51,372.0,0.9,27.6,5.73,29.6,0,2,1,17,1,6,4,17.43,0.06,0.11,32.15,Moderately Stressed
2024-11-03 17:30:00,17.64,30.12,371.0,1.1,25.8,5.75,29.3,0,2,1,17,1,6,4,17.45,0.09,0.21,32.15,Moderately Stressed
2024-11-03 17:45:00,17.67,29.82,369.0,1.3,24.4,5.75,29.3,0,2,1,17,1,6,4,17.48,0.1,0.12,32.05,Moderately Stressed
2024-11-03 18:00:00,17.72,29.44,368.0,1.3,24.4,5.76,29.0,0,2,1,18,1,6,4,17.5,0.12,0.2,32.05,Moderately Stressed
2024-11-03 18:15:00,17.72,29.44,368.0,1.5,23.5,5.77,28.6,0,2,1,18,1,6,4,17.53,0.13,0.2,32.05,Moderately Stressed
2024-11-03 18:30:00,17.74,29.12,366.0,1.6,22.8,5.78,28.3,0,2,1,18,1,6,4,17.56,0.13,0.1,31.5,Moderately Stressed
2024-11-03 18:45:00,17.74,28.86,365.0,1.9,22.3,5.78,28.3,0,2,1,18,1,6,4,17.59,0.13,0.07,31.5,Moderately Stressed
2024-11-03 19:00:00,17.77,28.57,364.0,1.9,22.3,5.79,28.1,0,2,1,19,0,6,4,17.62,0.13,0.05,31.5,Moderately Stressed
2024-11-03 19:15:00,17.77,28.57,364.0,2.0,22.1,5.8,27.8,0,2,1,19,0,6,4,17.65,0.12,0.05,31.16,Moderately Stressed
2024-11-03 19:30:00,17.75,28.3,363.0,2.0,22.6,5.8,27.6,0,2,1,19,0,6,4,17.68,0.1,0.01,30.87,Moderately Stressed
2024-11-03 19:45:00,17.75,28.11,362.0,2.0,23.2,5.8,27.6,0,2,1,19,0,6,4,17.69,0.09,0.01,30.51,Moderately Stressed
2024-11-03 20:00:00,17.76,27.93,361.0,2.0,23.2,5.81,27.5,0,2,1,20,0,6,4,17.71,0.07,-0.01,30.51,Moderately Stressed
2024-11-03 20:15:00,17.76,27.93,361.0,1.9,23.6,5.81,27.4,0,2,1,20,0,6,4,17.73,0.04,-0.01,30.12,Moderately Stressed
2024-11-03 20:30:00,17.74,27.74,360.0,1.9,23.7,5.81,27.2,0,2,1,20,0,6,4,17.74,0.03,-0.01,29.82,Moderately Stressed
2024-11-03 20:45:00,17.72,27.64,359.0,2.0,23.9,5.81,27.2,0,2,1,20,0,6,4,17.74,0.02,-0.03,29.44,Moderately Stressed
2024-11-03 21:00:00,17.77,27.46,359.0,2.0,23.9,5.81,27.1,0,2,1,21,0,6,4,17.75,0.02,0.01,29.44,Moderately Stressed
2024-11-03 21:15:00,17.77,27.46,359.0,13.4,22.8,5.81,27.0,1,3,1,21,0,6,4,17.75,0.02,0.01,29.12,Moderately Stressed
2024-11-03 21:30:00,21.59,26.91,595.0,50.4,21.2,6.06,24.8,0,1,0,21,0,6,4,18.07,1.11,3.85,28.86,Healthy
2024-11-03 21:45:00,22.51,25.52,629.0,44.6,21.1,6.06,24.8,0,1,0,21,0,6,4,18.47,1.68,4.79,28.57,Healthy
2024-11-03 22:00:00,21.41,25.55,522.0,44.6,21.1,6.14,24.5,0,1,0,22,0,6,4,18.77,1.86,3.64,28.57,Healthy
2024-11-03 22:15:00,21.41,25.55,522.0,41.3,21.4,6.15,24.9,0,1,0,22,0,6,4,19.08,1.98,3.64,28.3,Healthy
2024-11-03 22:30:00,20.8,25.69,462.0,40.9,21.7,6.13,25.5,0,1,0,22,0,6,4,19.33,1.99,-0.79,28.11,Healthy
2024-11-03 22:45:00,20.58,25.76,432.0,42.2,21.9,6.13,25.5,0,1,0,22,0,6,4,19.57,1.95,-1.93,27.93,Healthy
2024-11-03 23:00:00,20.0,25.77,413.0,42.2,21.9,6.12,25.4,0,1,0,23,0,6,4,19.76,1.87,-1.41,27.93,Healthy
2024-11-03 23:15:00,20.0,25.77,413.0,43.6,22.0,6.09,25.5,0,1,0,23,0,6,4,19.94,1.76,-1.41,27.74,Healthy
2024-11-03 23:30:00,19.84,25.76,402.0,42.0,22.1,6.06,25.5,0,1,0,23,0,6,4,20.12,1.62,-0.96,27.64,Healthy
2024-11-03 23:45:00,19.8,25.75,396.0,40.3,22.1,6.06,25.5,0,1,0,23,0,6,4,20.29,1.44,-0.78,27.46,Healthy
2024-11-04 00:00:00,19.78,25.66,392.0,40.3,22.1,6.06,25.5,0,1,0,0,0,0,4,20.46,1.22,-0.22,27.46,Healthy
2024-11-04 00:15:00,19.78,25.66,392.0,39.9,22.1,6.06,25.4,0,1,0,0,0,0,4,20.62,0.92,-0.22,26.91,Healthy
2024-11-04 00:30:00,19.95,25.56,394.0,39.9,21.5,6.06,25.4,0,1,0,0,0,0,4,20.49,0.88,0.11,25.77,Healthy
2024-11-04 00:45:00,19.98,25.42,393.0,40.3,21.1,6.06,25.4,0,1,0,0,0,0,4,20.28,0.62,0.18,25.77,Healthy
2024-11-04 01:00:00,19.88,25.27,389.0,40.3,21.1,6.06,25.6,0,1,0,1,0,0,4,20.15,0.51,0.1,25.77,Healthy
2024-11-04 01:15:00,19.88,25.27,389.0,39.9,21.4,6.07,25.2,0,1,0,1,0,0,4,20.02,0.33,0.1,25.77,Healthy
2024-11-04 01:30:00,19.75,25.17,386.0,39.0,21.6,6.08,25.2,0,1,0,1,0,0,4,19.93,0.22,-0.2,25.77,Healthy
2024-11-04 01:45:00,19.75,25.13,385.0,38.6,21.6,6.08,25.2,0,1,0,1,0,0,4,19.87,0.1,-0.23,25.77,Healthy
2024-11-04 02:00:00,19.75,25.04,384.0,38.6,21.6,6.09,25.0,0,1,0,2,0,0,4,19.84,0.09,-0.13,25.77,Healthy
2024-11-04 02:15:00,19.75,25.04,384.0,36.7,21.8,6.1,24.9,0,2,1,2,0,0,4,19.82,0.08,-0.13,25.76,Healthy
2024-11-04 02:30:00,19.77,24.94,383.0,35.6,21.6,6.1,24.8,0,2,1,2,0,0,4,19.82,0.08,0.02,25.75,Healthy
2024-11-04 02:45:00,19.74,24.88,382.0,35.8,21.6,6.1,24.8,0,2,1,2,0,0,4,19.81,0.09,-0.01,25.66,Healthy
2024-11-04 03:00:00,19.76,24.82,382.0,35.8,21.6,6.1,24.8,0,2,1,3,0,0,4,19.81,0.09,0.01,25.66,Healthy
2024-11-04 03:15:00,19.76,24.82,382.0,35.6,21.6,6.1,24.7,0,2,1,3,0,0,4,19.81,0.09,0.01,25.56,Healthy
2024-11-04 03:30:00,19.76,24.72,381.0,34.8,21.2,6.11,24.6,0,2,1,3,0,0,4,19.79,0.08,-0.01,25.42,Healthy
2024-11-04 03:45:00,19.77,24.61,381.0,36.8,20.8,6.11,24.6,0,2,1,3,0,0,4,19.78,0.05,0.03,25.27,Healthy
2024-11-04 04:00:00,19.81,24.51,381.0,36.8,20.8,6.11,24.5,0,2,1,4,0,0,4,19.77,0.04,0.05,25.27,Healthy
2024-11-04 04:15:00,19.81,24.51,381.0,36.8,21.1,6.12,24.4,0,2,1,4,0,0,4,19.76,0.02,0.05,25.17,Healthy
2024-11-04 04:30:00,19.76,24.45,380.0,35.9,21.2,6.12,24.4,0,2,1,4,0,0,4,19.77,0.02,0.0,25.13,Healthy
2024-11-04 04:45:00,19.77,24.42,378.0,35.4,21.3,6.12,24.4,1,3,1,4,0,0,4,19.77,0.02,0.0,25.04,Healthy
2024-11-04 05:00:00,19.78,24.34,378.0,35.4,21.3,6.13,24.3,0,2,1,5,0,0,4,19.77,0.02,-0.03,25.04,Healthy
2024-11-04 05:15:00,19.78,24.34,378.0,34.8,21.2,6.13,24.3,0,2,1,5,0,0,4,19.77,0.02,-0.03,24.94,Healthy
2024-11-04 05:30:00,19.99,24.32,378.0,35.6,21.2,6.13,24.2,0,2,1,5,0,0,4,19.79,0.07,0.23,24.88,Healthy
2024-11-04 05:45:00,19.84,24.26,376.0,35.6,21.1,6.13,24.2,0,2,1,5,0,0,4,19.8,0.07,0.07,24.82,Healthy
2024-11-04 06:00:00,19.79,24.22,375.0,35.6,21.1,6.13,24.2,0,2,1,6,1,0,4,19.8,0.06,0.01,24.82,Healthy
2024-11-04 06:15:00,19.79,24.22,375.0,35.9,21.0,6.14,24.1,1,3,1,6,1,0,4,19.8,0.06,0.01,24.72,Healthy
2024-11-04 06:30:00,19.79,24.14,373.0,37.1,20.3,6.14,24.1,1,3,1,6,1,0,4,19.81,0.06,-0.2,24.61,Healthy
2024-11-04 06:45:00,19.79,24.06,373.0,37.7,20.4,6.14,24.1,1,3,1,6,1,0,4,19.81,0.06,-0.05,24.51,Healthy
2024-11-04 07:00:00,19.79,24.01,372.0,37.7,20.4,6.14,24.0,1,3,1,7,1,0,4,19.81,0.06,0.0,24.51,Healthy
2024-11-04 07:15:00,19.79,24.01,372.0,37.0,21.8,6.15,23.9,1,3,1,7,1,0,4,19.8,0.06,0.0,24.45,Healthy
2024-11-04 07:30:00,19.76,24.01,370.0,33.9,22.5,6.14,24.0,1,3,1,7,1,0,4,19.8,0.06,-0.03,24.42,Healthy
2024-11-04 07:45:00,19.74,24.01,370.0,31.2,23.6,6.14,24.0,1,3,1,7,1,0,4,19.8,0.06,-0.05,24.34,Healthy
2024-11-04 08:00:00,19.64,24.11,368.0,31.2,23.6,6.14,24.0,1,3,1,8,1,0,4,19.79,0.08,-0.15,24.34,Healthy
2024-11-04 08:15:00,19.64,24.11,368.0,21.0,27.7,6.13,24.1,1,3,1,8,1,0,4,19.78,0.09,-0.15,24.32,Healthy
2024-11-04 08:30:00,19.61,24.27,367.0,22.4,34.3,6.12,24.4,1,3,1,8,1,0,4,19.75,0.07,-0.15,24.27,Healthy
2024-11-04 08:45:00,19.47,24.73,365.0,20.3,32.6,6.12,24.4,1,3,1,8,1,0,4,19.72,0.1,-0.27,24.73,Healthy
2024-11-04 09:00:00,19.32,24.94,364.0,20.3,32.6,6.11,24.8,1,3,1,9,1,0,4,19.68,0.15,-0.32,24.94,Healthy
2024-11-04 09:15:00,19.32,24.94,364.0,24.1,40.8,6.07,25.8,1,3,1,9,1,0,4,19.64,0.18,-0.32,24.94,Healthy
2024-11-04 09:30:00,19.15,25.56,363.0,26.9,42.2,6.06,25.8,1,3,1,9,1,0,4,19.58,0.22,-0.46,25.56,Healthy
2024-11-04 09:45:00,19.94,26.08,395.0,31.4,38.1,6.06,25.8,1,3,1,9,1,0,5,19.6,0.24,0.47,26.08,Healthy
2024-11-04 10:00:00,19.63,26.49,360.0,31.4,38.1,6.06,26.1,1,3,1,10,1,0,5,19.58,0.23,0.31,26.49,Healthy
2024-11-04 10:15:00,19.63,26.49,360.0,31.4,44.7,6.03,26.4,1,3,1,10,1,0,5,19.57,0.22,0.31,26.49,Healthy
2024-11-04 10:30:00,19.1,27.65,336.0,15.8,47.0,6.0,26.8,1,3,1,10,1,0,5,19.52,0.25,-0.05,27.65,Healthy
2024-11-04 10:45:00,19.1,27.65,336.0,15.8,47.0,6.0,26.8,1,3,1,10,1,0,5,19.46,0.26,-0.84,27.65,Healthy
2024-11-04 11:00:00,18.91,28.39,330.0,3.2,50.6,5.97,27.3,1,3,1,11,1,0,5,19.4,0.3,-0.72,28.39,Healthy
2024-11-04 11:15:00,18.91,28.39,330.0,3.2,50.6,5.94,27.9,1,3,1,11,1,0,5,19.34,0.32,-0.72,28.39,Healthy
2024-11-04 11:30:00,19.08,28.99,330.0,1.5,46.1,5.93,28.2,1,3,1,11,1,0,5,19.3,0.32,-0.02,28.99,Healthy
2024-11-04 11:45:00,18.91,29.33,327.0,1.7,52.0,5.93,28.2,1,4,2,11,1,0,5,19.25,0.33,-0.19,29.33,Healthy
2024-11-04 12:00:00,18.66,30.08,325.0,1.7,52.0,5.92,28.5,1,3,1,12,1,0,5,19.2,0.37,-0.25,30.08,Healthy
2024-11-04 12:15:00,18.66,30.08,325.0,0.7,49.5,5.89,29.1,1,3,1,12,1,0,5,19.14,0.4,-0.25,30.08,Healthy
2024-11-04 12:30:00,18.78,30.39,321.0,0.9,41.1,5.9,29.1,1,3,1,12,1,0,5,19.11,0.41,-0.3,30.39,Healthy
2024-11-04 12:45:00,18.53,30.62,320.0,1.2,51.2,5.9,29.1,1,3,1,12,1,0,5,18.99,0.35,-0.38,30.62,Healthy
2024-11-04 13:00:00,18.48,31.19,317.0,1.2,51.2,5.88,29.4,1,3,1,13,1,0,5,18.9,0.31,-0.18,31.19,Healthy
2024-11-04 13:15:00,18.48,31.19,317.0,1.0,46.2,5.87,29.8,1,3,1,13,1,0,5,18.8,0.24,-0.18,31.19,Healthy
2024-11-04 13:30:00,18.33,31.31,317.0,1.1,54.9,5.85,30.1,1,3,1,13,1,0,5,18.74,0.25,-0.45,31.31,Healthy
2024-11-04 13:45:00,18.33,31.31,317.0,0.8,54.4,5.85,30.1,1,3,1,13,1,0,5,18.67,0.25,-0.2,31.31,Healthy
2024-11-04 14:00:00,18.01,32.53,314.0,0.8,54.4,5.83,30.5,1,3,1,14,1,0,5,18.6,0.3,-0.47,32.53,Healthy
2024-11-04 14:15:00,18.01,32.53,314.0,0.2,48.5,5.82,30.8,1,3,1,14,1,0,5,18.52,0.33,-0.47,32.53,Healthy
2024-11-04 14:30:00,18.35,32.65,312.0,0.4,40.6,5.83,30.7,1,3,1,14,1,0,5,18.46,0.28,0.02,32.65,Healthy
2024-11-04 14:45:00,18.49,32.27,310.0,0.5,35.2,5.83,30.7,1,3,1,14,1,0,5,18.43,0.24,0.16,32.65,Healthy
2024-11-04 15:00:00,18.6,31.82,313.0,0.5,35.2,5.85,30.5,1,3,1,15,1,0,5,18.42,0.23,0.59,32.65,Healthy
2024-11-04 15:15:00,18.6,31.82,313.0,0.6,35.1,5.84,30.4,1,3,1,15,1,0,5,18.42,0.23,0.59,32.65,Healthy
2024-11-04 15:30:00,18.63,31.75,311.0,0.5,32.8,5.85,30.4,1,3,1,15,1,0,5,18.4,0.21,0.28,32.65,Healthy
2024-11-04 15:45:00,18.63,31.75,311.0,0.8,30.6,5.85,30.4,1,3,1,15,1,0,5,18.41,0.22,0.14,32.65,Healthy
2024-11-04 16:00:00,18.69,30.88,311.0,0.8,30.6,5.88,30.0,1,3,1,16,1,0,5,18.43,0.23,0.09,32.65,Healthy
2024-11-04 16:15:00,18.69,30.88,311.0,0.8,35.3,5.89,29.8,1,3,1,16,1,0,5,18.45,0.24,0.09,32.65,Healthy
2024-11-04 16:30:00,18.7,30.73,309.0,0.7,33.2,5.9,29.6,1,3,1,16,1,0,5,18.48,0.25,0.07,32.65,Healthy
2024-11-04 16:45:00,18.54,30.55,304.0,0.8,30.3,5.9,29.6,1,3,1,16,1,0,5,18.5,0.25,-0.09,32.65,Healthy
2024-11-04 17:00:00,18.66,30.28,302.0,0.8,30.3,5.91,29.4,1,3,1,17,1,0,5,18.55,0.2,-0.03,32.65,Healthy
2024-11-04 17:15:00,18.66,30.28,302.0,0.8,28.1,5.92,29.2,1,3,1,17,1,0,5,18.6,0.1,-0.03,32.65,Healthy
2024-11-04 17:30:00,18.72,29.65,299.0,1.0,27.0,5.94,28.9,1,3,1,17,1,0,5,18.63,0.07,0.02,32.27,Healthy
2024-11-04 17:45:00,18.72,29.65,299.0,1.1,24.7,5.94,28.9,1,3,1,17,1,0,5,18.65,0.06,0.18,31.82,Healthy
2024-11-04 18:00:00,18.73,29.21,297.0,1.1,24.7,5.95,28.6,1,3,1,18,1,0,5,18.66,0.06,0.07,31.82,Healthy
2024-11-04 18:15:00,18.73,29.21,297.0,1.1,23.5,5.97,28.2,1,3,1,18,1,0,5,18.68,0.06,0.07,31.75,Healthy
2024-11-04 18:30:00,18.84,28.43,297.0,1.2,22.8,5.99,27.9,1,3,1,18,1,0,5,18.69,0.07,0.12,31.75,Healthy
2024-11-04 18:45:00,18.84,28.43,297.0,1.3,22.2,5.99,27.9,1,3,1,18,1,0,5,18.71,0.08,0.12,30.88,Healthy
2024-11-04 19:00:00,18.85,28.15,297.0,1.3,22.2,6.0,27.6,1,3,1,19,0,0,5,18.72,0.09,0.12,30.88,Healthy
2024-11-04 19:15:00,18.85,28.15,297.0,1.5,21.8,6.01,27.3,1,3,1,19,0,0,5,18.74,0.1,0.12,30.73,Healthy
2024-11-04 19:30:00,18.79,27.84,294.0,1.6,21.7,6.01,27.1,1,3,1,19,0,0,5,18.74,0.1,-0.05,30.55,Healthy
2024-11-04 19:45:00,18.83,27.54,291.0,1.7,21.4,6.01,27.1,1,3,1,19,0,0,5,18.77,0.07,-0.01,30.28,Healthy
2024-11-04 20:00:00,18.93,27.24,290.0,1.7,21.4,6.02,26.9,1,3,1,20,0,0,5,18.79,0.08,0.08,30.28,Healthy
2024-11-04 20:15:00,18.93,27.24,290.0,1.9,21.0,6.03,26.6,1,3,1,20,0,0,5,18.81,0.08,0.08,29.65,Healthy
2024-11-04 20:30:00,18.75,27.01,287.0,2.1,20.8,6.03,26.3,1,3,1,20,0,0,5,18.82,0.07,-0.04,29.65,Healthy
2024-11-04 20:45:00,18.75,27.01,287.0,2.3,20.6,6.03,26.3,1,3,1,20,0,0,5,18.82,0.07,-0.08,29.21,Healthy
2024-11-04 21:00:00,18.75,27.01,287.0,2.3,20.6,6.03,26.2,1,3,1,21,0,0,5,18.82,0.07,-0.18,29.21,Healthy
2024-11-04 21:15:00,18.7,26.28,283.0,2.5,20.4,6.03,26.0,1,3,1,21,0,0,5,18.82,0.07,-0.23,28.43,Healthy
2024-11-04 21:30:00,18.7,26.28,283.0,2.7,20.1,6.04,25.7,1,3,1,21,0,0,5,18.81,0.08,-0.05,28.43,Healthy
2024-11-04 21:45:00,18.76,26.08,284.0,3.0,19.9,6.04,25.7,1,3,1,21,0,0,5,18.8,0.08,0.01,28.15,Healthy
2024-11-04 22:00:00,18.72,25.87,282.0,3.0,19.9,6.04,25.5,0,2,1,22,0,0,5,18.79,0.08,-0.03,28.15,Healthy
2024-11-04 22:15:00,18.72,25.87,282.0,3.4,19.7,6.04,25.4,0,2,1,22,0,0,5,18.78,0.08,0.02,27.84,Healthy
2024-11-04 22:30:00,18.57,25.54,280.0,3.8,19.7,6.02,25.6,0,2,1,22,0,0,5,18.76,0.1,-0.13,27.54,Healthy
2024-11-04 22:45:00,18.57,25.54,280.0,4.2,19.6,6.02,25.6,0,2,1,22,0,0,5,18.74,0.11,-0.19,27.24,Healthy
2024-11-04 23:00:00,18.67,25.35,279.0,4.2,19.6,6.03,25.2,0,2,1,23,0,0,5,18.72,0.09,-0.05,27.24,Healthy
2024-11-04 23:15:00,18.67,25.35,279.0,4.8,19.4,6.03,24.9,0,2,1,23,0,0,5,18.69,0.07,-0.05,27.01,Healthy
2024-11-04 23:30:00,18.56,25.15,277.0,5.2,19.4,6.03,24.8,0,2,1,23,0,0,5,18.68,0.07,-0.01,27.01,Healthy
2024-11-04 23:45:00,18.53,25.02,276.0,5.8,19.3,6.03,24.8,0,2,1,23,0,0,5,18.66,0.08,-0.04,27.01,Healthy
2024-11-05 00:00:00,18.57,24.84,276.0,5.8,19.3,6.02,24.7,0,2,1,0,0,1,5,18.64,0.08,-0.1,26.28,Healthy
2024-11-05 00:15:00,18.57,24.84,276.0,6.3,19.1,6.02,24.6,0,2,1,0,0,1,5,18.63,0.08,-0.1,26.28,Healthy
2024-11-05 00:30:00,18.57,24.69,275.0,6.8,18.9,6.02,24.4,0,2,1,0,0,1,5,18.62,0.08,0.01,26.08,Healthy
2024-11-05 00:45:00,18.54,24.54,274.0,7.0,20.0,6.02,24.4,0,2,1,0,0,1,5,18.6,0.07,0.01,25.87,Healthy
2024-11-05 01:00:00,18.55,24.46,273.0,7.0,20.0,6.02,24.3,0,2,1,1,0,1,5,18.59,0.06,-0.02,25.87,Healthy
2024-11-05 01:15:00,18.55,24.46,273.0,7.2,19.1,6.01,24.3,0,2,1,1,0,1,5,18.58,0.05,-0.02,25.54,Healthy
2024-11-05 01:30:00,18.54,24.32,272.0,7.6,18.7,5.99,24.1,0,2,1,1,0,1,5,18.57,0.05,-0.03,25.54,Healthy
2024-11-05 01:45:00,18.52,24.2,272.0,8.0,18.6,5.99,24.1,0,2,1,1,0,1,5,18.57,0.05,-0.02,25.35,Healthy
2024-11-05 02:00:00,18.52,24.06,272.0,8.0,18.6,5.98,24.0,0,2,1,2,0,1,5,18.56,0.04,-0.03,25.35,Healthy
2024-11-05 02:15:00,18.52,24.06,272.0,8.4,18.4,5.98,23.9,0,2,1,2,0,1,5,18.54,0.02,-0.03,25.15,Healthy
2024-11-05 02:30:00,18.52,23.91,271.0,9.0,18.4,5.97,23.8,0,2,1,2,0,1,5,18.54,0.02,-0.02,25.02,Healthy
2024-11-05 02:45:00,18.54,23.74,271.0,9.6,19.0,5.97,23.8,0,2,1,2,0,1,5,18.54,0.02,0.02,24.84,Healthy
2024-11-05 03:00:00,18.47,23.69,270.0,9.6,19.0,5.97,23.7,0,2,1,3,0,1,5,18.53,0.03,-0.05,24.84,Healthy
2024-11-05 03:15:00,18.47,23.69,270.0,9.6,19.5,5.96,23.7,0,2,1,3,0,1,5,18.53,0.03,-0.05,24.69,Healthy
2024-11-05 03:30:00,18.49,23.61,270.0,9.6,19.4,5.96,23.6,0,2,1,3,0,1,5,18.52,0.03,-0.03,24.54,Healthy
2024-11-05 03:45:00,18.47,23.58,269.0,9.7,19.0,5.96,23.6,0,2,1,3,0,1,5,18.51,0.03,-0.07,24.46,Healthy
2024-11-05 04:00:00,18.46,23.5,268.0,9.7,19.0,5.95,23.6,0,2,1,4,0,1,5,18.51,0.03,-0.01,24.46,Healthy
2024-11-05 04:15:00,18.46,23.5,268.0,10.0,18.6,5.95,23.5,0,2,1,4,0,1,5,18.5,0.03,-0.01,24.32,Healthy
2024-11-05 04:30:00,18.45,23.38,268.0,10.4,18.1,5.95,23.4,0,2,1,4,0,1,5,18.49,0.03,-0.04,24.2,Healthy
2024-11-05 04:45:00,18.48,23.29,268.0,10.7,18.6,5.95,23.4,0,2,1,4,0,1,5,18.49,0.03,0.01,24.06,Healthy
2024-11-05 05:00:00,18.47,23.19,268.0,10.7,18.6,5.95,23.3,0,2,1,5,0,1,5,18.48,0.03,0.01,24.06,Healthy
2024-11-05 05:15:00,18.47,23.19,268.0,11.0,18.1,5.95,23.2,0,2,1,5,0,1,5,18.48,0.03,0.01,23.91,Healthy
2024-11-05 05:30:00,18.49,23.08,268.0,11.5,18.0,5.94,23.1,0,2,1,5,0,1,5,18.48,0.02,0.04,23.74,Healthy
2024-11-05 05:45:00,18.49,22.97,267.0,11.9,17.7,5.94,23.1,0,2,1,5,0,1,5,18.47,0.01,0.01,23.69,Healthy
2024-11-05 06:00:00,18.5,22.86,267.0,11.9,17.7,5.94,23.0,0,2,1,6,1,1,5,18.47,0.02,0.03,23.69,Healthy
2024-11-05 06:15:00,18.5,22.86,267.0,12.3,18.5,5.94,22.9,0,2,1,6,1,1,5,18.48,0.02,0.03,23.61,Healthy
2024-11-05 06:30:00,18.5,22.78,267.0,12.5,18.5,5.93,22.9,0,2,1,6,1,1,5,18.48,0.02,0.01,23.58,Healthy
2024-11-05 06:45:00,18.49,22.73,267.0,12.5,19.0,5.93,22.9,0,2,1,6,1,1,5,18.48,0.02,0.0,23.5,Healthy
2024-11-05 07:00:00,18.42,22.76,266.0,12.5,19.0,5.93,22.8,0,2,1,7,1,1,5,18.48,0.02,-0.08,23.5,Healthy
2024-11-05 07:15:00,18.42,22.76,266.0,12.1,20.2,5.93,22.8,0,2,1,7,1,1,5,18.47,0.03,-0.08,23.38,Healthy
2024-11-05 07:30:00,18.34,22.98,266.0,10.4,21.4,5.67,22.9,0,2,1,7,1,1,5,18.46,0.05,-0.16,23.29,Healthy
2024-11-05 07:45:00,18.34,22.98,266.0,5.3,24.5,5.67,22.9,0,2,1,7,1,1,5,18.45,0.06,-0.15,23.19,Healthy
2024-11-05 08:00:00,18.29,23.29,266.0,5.3,24.5,5.66,23.0,0,2,1,8,1,1,5,18.44,0.08,-0.13,23.29,Healthy
2024-11-05 08:15:00,18.29,23.29,266.0,2.7,27.4,5.66,23.3,0,2,1,8,1,1,5,18.42,0.09,-0.13,23.29,Healthy
2024-11-05 08:30:00,18.2,23.66,266.0,2.2,31.2,5.64,23.6,0,2,1,8,1,1,5,18.4,0.1,-0.14,23.66,Healthy
2024-11-05 08:45:00,18.14,24.12,266.0,1.9,36.9,5.64,23.6,0,2,1,8,1,1,5,18.37,0.12,-0.2,24.12,Healthy
2024-11-05 09:00:00,18.02,24.82,267.0,1.9,36.9,5.62,24.1,0,2,1,9,1,1,5,18.33,0.15,-0.27,24.82,Healthy
2024-11-05 09:15:00,18.02,24.82,267.0,1.6,41.6,5.59,24.7,1,3,1,9,1,1,5,18.29,0.16,-0.27,24.82,Healthy
2024-11-05 09:30:00,17.83,26.38,266.0,1.3,44.7,5.55,25.4,1,3,1,9,1,1,5,18.23,0.2,-0.37,26.38,Moderately Stressed
2024-11-05 09:45:00,17.83,26.38,266.0,1.1,47.2,5.55,25.4,1,3,1,9,1,1,6,18.18,0.21,-0.31,26.38,Moderately Stressed
2024-11-05 10:00:00,17.66,27.21,267.0,1.1,47.2,5.5,26.1,1,3,1,10,1,1,6,18.11,0.24,-0.36,27.21,Moderately Stressed
2024-11-05 10:15:00,17.66,27.21,267.0,1.1,49.1,5.45,26.9,1,3,1,10,1,1,6,18.05,0.26,-0.36,27.21,Moderately Stressed
2024-11-05 10:30:00,17.5,27.91,268.0,0.9,51.1,5.42,27.4,1,3,1,10,1,1,6,17.98,0.28,-0.33,27.91,Moderately Stressed
2024-11-05 10:45:00,17.5,27.91,268.0,1.0,53.3,5.42,27.4,1,3,1,10,1,1,6,17.91,0.29,-0.33,27.91,Moderately Stressed
2024-11-05 11:00:00,17.2,29.43,268.0,1.0,53.3,5.38,28.0,1,3,1,11,1,1,6,17.82,0.33,-0.46,29.43,Moderately Stressed
2024-11-05 11:15:00,17.2,29.43,268.0,0.6,54.0,5.34,28.6,1,3,1,11,1,1,6,17.73,0.34,-0.46,29.43,Moderately Stressed
2024-11-05 11:30:00,17.23,30.11,267.0,0.2,46.2,5.33,29.0,1,3,1,11,1,1,6,17.65,0.33,-0.27,30.11,Moderately Stressed
2024-11-05 11:45:00,17.23,30.11,267.0,0.9,50.5,5.33,29.0,1,3,1,11,1,1,6,17.57,0.31,-0.27,30.11,Moderately Stressed
2024-11-05 12:00:00,16.94,30.71,264.0,0.9,50.5,5.32,29.1,1,3,1,12,1,1,6,17.48,0.33,-0.26,30.71,Moderately Stressed
2024-11-05 12:15:00,16.94,30.71,264.0,0.8,55.2,5.28,29.6,1,3,1,12,1,1,6,17.39,0.31,-0.26,30.71,Moderately Stressed
2024-11-05 12:30:00,16.82,31.26,263.0,0.6,56.8,5.24,30.2,1,3,1,12,1,1,6,17.31,0.32,-0.41,31.26,Moderately Stressed
2024-11-05 12:45:00,16.82,31.26,263.0,0.1,53.4,5.24,30.2,1,3,1,12,1,1,6,17.22,0.3,-0.41,31.26,Moderately Stressed
2024-11-05 13:00:00,16.82,31.26,263.0,0.1,53.4,5.22,30.6,1,3,1,13,1,1,6,17.16,0.29,-0.12,31.26,Moderately Stressed
2024-11-05 13:15:00,16.73,32.48,259.0,0.6,53.3,5.21,30.8,1,3,1,13,1,1,6,17.08,0.27,-0.21,32.48,Moderately Stressed
2024-11-05 13:30:00,16.73,32.48,259.0,0.5,47.0,5.21,30.7,1,3,1,13,1,1,6,17.01,0.25,-0.09,32.48,Moderately Stressed
2024-11-05 13:45:00,16.73,32.48,259.0,0.2,43.0,5.21,30.7,1,3,1,13,1,1,6,16.95,0.21,-0.09,32.48,Moderately Stressed
2024-11-05 14:00:00,16.62,32.48,258.0,0.2,43.0,5.2,30.8,1,3,1,14,1,1,6,16.9,0.21,-0.2,32.48,Moderately Stressed
2024-11-05 14:15:00,16.62,32.48,258.0,0.2,46.7,5.19,30.9,1,3,1,14,1,1,6,16.85,0.2,-0.11,32.48,Moderately Stressed
2024-11-05 14:30:00,16.69,32.58,256.0,0.1,38.6,5.2,30.8,1,3,1,14,1,1,6,16.81,0.17,-0.04,32.58,Moderately Stressed
2024-11-05 14:45:00,16.81,32.17,255.0,0.2,36.3,5.2,30.8,0,2,1,14,1,1,6,16.77,0.11,0.08,32.58,Moderately Stressed
2024-11-05 15:00:00,16.79,32.09,254.0,0.2,36.3,5.2,30.7,0,2,1,15,1,1,6,16.76,0.09,0.17,32.58,Moderately Stressed
2024-11-05 15:15:00,16.79,32.09,254.0,0.3,35.8,5.2,30.7,0,2,1,15,1,1,6,16.75,0.07,0.17,32.58,Moderately Stressed
2024-11-05 15:30:00,16.89,31.89,253.0,0.3,34.2,5.22,30.5,0,2,1,15,1,1,6,16.75,0.08,0.2,32.58,Moderately Stressed
2024-11-05 15:45:00,16.89,31.89,253.0,0.3,38.0,5.22,30.5,0,2,1,15,1,1,6,16.76,0.09,0.08,32.58,Moderately Stressed
2024-11-05 16:00:00,17.0,31.55,252.0,0.3,38.0,5.22,30.5,0,2,1,16,1,1,6,16.77,0.11,0.21,32.58,Moderately Stressed
2024-11-05 16:15:00,17.0,31.55,252.0,0.2,32.7,5.23,30.3,0,2,1,16,1,1,6,16.8,0.13,0.21,32.58,Moderately Stressed
2024-11-05 16:30:00,17.02,31.26,250.0,0.5,33.4,5.26,30.0,0,2,1,16,1,1,6,16.82,0.14,0.13,32.58,Moderately Stressed
2024-11-05 16:45:00,17.02,31.26,250.0,0.6,30.5,5.26,30.0,0,2,1,16,1,1,6,16.84,0.15,0.13,32.58,Moderately Stressed
2024-11-05 17:00:00,13.44,30.6,180.0,0.6,30.5,5.28,29.7,4,12,6,17,1,1,6,16.58,1.0,-3.56,32.58,Moderately Stressed
2024-11-05 17:15:00,13.44,30.6,180.0,0.5,27.0,5.29,29.5,4,12,6,17,1,1,6,16.31,1.35,-3.56,32.58,Moderately Stressed
2024-11-05 17:30:00,13.54,30.07,178.0,0.7,25.1,5.33,28.8,4,12,6,17,1,1,6,16.05,1.56,-3.48,32.17,Moderately Stressed
2024-11-05 17:45:00,13.59,29.55,177.0,0.8,23.3,5.33,28.8,4,12,6,17,1,1,6,15.78,1.69,-3.43,32.09,Moderately Stressed
2024-11-05 18:00:00,13.84,29.06,180.0,0.8,23.3,5.39,28.2,4,11,5,18,1,1,6,15.54,1.74,0.4,32.09,Moderately Stressed
2024-11-05 18:15:00,13.84,29.06,180.0,1.0,22.1,5.46,27.6,3,10,5,18,1,1,6,15.29,1.76,0.4,31.89,Moderately Stressed
2024-11-05 18:30:00,13.14,28.57,160.0,1.1,21.5,5.52,27.1,3,10,5,18,1,1,6,14.98,1.78,-0.4,31.89,Moderately Stressed
2024-11-05 18:45:00,13.14,28.57,160.0,1.2,21.3,5.52,27.1,3,9,4,18,1,1,6,14.67,1.74,-0.45,31.55,Moderately Stressed
2024-11-05 19:00:00,13.17,27.74,158.0,1.2,21.3,5.56,26.7,3,9,4,19,0,1,6,14.35,1.62,-0.67,31.55,Moderately Stressed
2024-11-05 19:15:00,13.17,27.74,158.0,1.3,21.3,5.6,26.4,3,9,4,19,0,1,6,14.03,1.42,-0.67,31.26,Moderately Stressed
2024-11-05 19:30:00,13.22,27.38,158.0,1.3,21.0,5.64,26.1,3,9,4,19,0,1,6,13.71,1.07,0.08,31.26,Moderately Stressed
2024-11-05 19:45:00,13.18,27.05,158.0,1.3,20.8,5.64,26.1,3,9,4,19,0,1,6,13.39,0.26,0.04,30.6,Moderately Stressed
2024-11-05 20:00:00,13.2,26.76,157.0,1.3,20.8,5.67,25.8,4,13,6,20,0,1,6,13.37,0.27,0.03,30.6,Moderately Stressed
2024-11-05 20:15:00,13.2,26.76,157.0,1.5,20.3,5.7,25.5,4,13,6,20,0,1,6,13.35,0.27,0.03,30.07,Moderately Stressed
2024-11-05 20:30:00,13.2,26.48,157.0,1.5,20.2,5.73,25.2,4,13,6,20,0,1,6,13.32,0.27,-0.02,29.55,Moderately Stressed
2024-11-05 20:45:00,13.2,26.48,157.0,1.7,20.1,5.73,25.2,4,13,6,20,0,1,6,13.29,0.26,0.02,29.06,Moderately Stressed
2024-11-05 21:00:00,13.27,25.97,156.0,1.7,20.1,5.75,24.9,4,13,6,21,0,1,6,13.24,0.19,0.07,29.06,Moderately Stressed
2024-11-05 21:15:00,13.27,25.97,156.0,1.7,19.9,5.77,24.7,4,13,6,21,0,1,6,13.2,0.04,0.07,28.57,Moderately Stressed
2024-11-05 21:30:00,13.3,25.75,156.0,1.9,19.6,5.79,24.4,4,13,6,21,0,1,6,13.21,0.05,0.1,28.57,Moderately Stressed
2024-11-05 21:45:00,13.3,25.75,156.0,1.9,19.5,5.79,24.4,4,13,6,21,0,1,6,13.22,0.05,0.1,27.74,Moderately Stressed
2024-11-05 22:00:00,13.36,25.29,156.0,1.9,19.5,5.81,24.3,4,13,6,22,0,1,6,13.24,0.06,0.09,27.74,Moderately Stressed
2024-11-05 22:15:00,13.36,25.29,156.0,1.9,19.4,5.86,24.1,4,13,6,22,0,1,6,13.26,0.06,0.09,27.38,Moderately Stressed
2024-11-05 22:30:00,13.43,25.07,156.0,2.1,19.2,5.86,23.9,4,13,6,22,0,1,6,13.27,0.08,0.13,27.05,Moderately Stressed
2024-11-05 22:45:00,13.43,24.89,155.0,2.1,19.1,5.86,23.9,4,13,6,22,0,1,6,13.29,0.09,0.13,26.76,Moderately Stressed
2024-11-05 23:00:00,13.44,24.72,155.0,2.1,19.1,5.86,23.7,4,13,6,23,0,1,6,13.31,0.09,0.08,26.76,Moderately Stressed
2024-11-05 23:15:00,13.44,24.72,155.0,2.1,18.9,5.87,23.5,4,13,6,23,0,1,6,13.33,0.09,0.08,26.48,Moderately Stressed
2024-11-05 23:30:00,13.44,24.52,155.0,2.1,18.8,5.87,23.3,4,13,6,23,0,1,6,13.35,0.08,0.01,26.48,Moderately Stressed
2024-11-05 23:45:00,13.44,24.37,155.0,2.2,18.7,5.87,23.3,4,12,6,23,0,1,6,13.37,0.07,0.01,25.97,Moderately Stressed
2024-11-06 00:00:00,13.46,24.21,155.0,2.2,18.7,5.87,23.2,4,12,6,0,0,2,6,13.39,0.07,0.02,25.97,Moderately Stressed
2024-11-06 00:15:00,13.46,24.21,155.0,2.3,18.5,5.88,23.0,4,12,6,0,0,2,6,13.4,0.06,0.02,25.75,Moderately Stressed
2024-11-06 00:30:00,13.47,24.03,155.0,2.3,18.4,5.88,22.8,4,12,6,0,0,2,6,13.42,0.05,0.03,25.75,Moderately Stressed
2024-11-06 00:45:00,13.47,23.9,155.0,2.4,18.3,5.88,22.8,4,12,6,0,0,2,6,13.43,0.04,0.03,25.29,Moderately Stressed
2024-11-06 01:00:00,13.5,23.71,155.0,2.4,18.3,5.89,22.7,4,12,6,1,0,2,6,13.44,0.03,0.04,25.29,Moderately Stressed
2024-11-06 01:15:00,13.5,23.71,155.0,2.5,18.1,5.9,22.5,4,12,6,1,0,2,6,13.46,0.02,0.04,25.07,Moderately Stressed
2024-11-06 01:30:00,13.59,23.56,156.0,2.5,17.9,5.9,22.3,4,12,6,1,0,2,6,13.47,0.04,0.12,24.89,Moderately Stressed
2024-11-06 01:45:00,13.61,23.4,156.0,2.7,17.8,5.9,22.3,4,13,6,1,0,2,6,13.49,0.06,0.14,24.72,Moderately Stressed
2024-11-06 02:00:00,13.61,23.27,156.0,2.7,17.8,5.91,22.2,4,13,6,2,0,2,6,13.5,0.07,0.11,24.72,Moderately Stressed
2024-11-06 02:15:00,13.61,23.27,156.0,2.7,17.5,5.91,22.0,5,14,7,2,0,2,6,13.51,0.07,0.11,24.52,Moderately Stressed
2024-11-06 02:30:00,13.67,23.09,156.0,3.1,17.5,5.91,21.9,4,12,6,2,0,2,6,13.53,0.08,0.08,24.37,Moderately Stressed
2024-11-06 02:45:00,13.69,22.96,155.0,4.7,17.3,5.91,21.9,4,12,6,2,0,2,6,13.55,0.09,0.08,24.21,Moderately Stressed
2024-11-06 03:00:00,13.71,22.79,155.0,4.7,17.3,5.92,21.7,4,12,6,3,0,2,6,13.57,0.09,0.1,24.21,Moderately Stressed
2024-11-06 03:15:00,13.71,22.79,155.0,4.5,17.2,5.92,21.6,4,12,6,3,0,2,6,13.6,0.09,0.1,24.03,Moderately Stressed
2024-11-06 03:30:00,13.85,22.68,159.0,4.1,17.1,5.92,21.5,4,12,6,3,0,2,6,13.63,0.11,0.18,23.9,Moderately Stressed
2024-11-06 03:45:00,13.88,22.55,159.0,4.0,17.0,5.92,21.5,4,12,6,3,0,2,6,13.66,0.12,0.19,23.71,Moderately Stressed
2024-11-06 04:00:00,13.89,22.41,159.0,4.0,17.0,5.92,21.4,4,12,6,4,0,2,6,13.69,0.12,0.18,23.71,Moderately Stressed
2024-11-06 04:15:00,13.89,22.41,159.0,4.1,16.9,5.92,21.2,4,12,6,4,0,2,6,13.73,0.12,0.18,23.56,Moderately Stressed
2024-11-06 04:30:00,13.88,22.28,159.0,4.2,16.8,5.92,21.1,4,12,6,4,0,2,6,13.75,0.12,0.03,23.4,Moderately Stressed
2024-11-06 04:45:00,13.89,22.17,159.0,4.2,16.8,5.92,21.1,4,12,6,4,0,2,6,13.77,0.12,0.01,23.27,Moderately Stressed
2024-11-06 05:00:00,13.99,22.07,163.0,4.2,16.8,5.92,21.0,4,12,6,5,0,2,6,13.8,0.12,0.1,23.27,Moderately Stressed
2024-11-06 05:15:00,13.99,22.07,163.0,4.5,16.7,5.92,20.9,4,11,5,5,0,2,6,13.84,0.11,0.1,23.09,Moderately Stressed
2024-11-06 05:30:00,13.97,21.96,163.0,4.5,16.6,5.92,20.8,4,13,6,5,0,2,6,13.86,0.11,0.09,22.96,Moderately Stressed
2024-11-06 05:45:00,13.98,21.86,163.0,4.5,16.5,5.92,20.8,4,13,6,5,0,2,6,13.89,0.1,0.09,22.79,Moderately Stressed
2024-11-06 06:00:00,13.93,21.76,162.0,4.5,16.5,5.93,20.7,4,13,6,6,1,2,6,13.9,0.08,-0.06,22.79,Moderately Stressed
2024-11-06 06:15:00,13.93,21.76,162.0,4.7,16.5,5.93,20.6,4,13,6,6,1,2,6,13.92,0.05,-0.06,22.68,Moderately Stressed
2024-11-06 06:30:00,13.98,21.66,170.0,4.5,16.7,5.93,20.6,4,13,6,6,1,2,6,13.93,0.05,0.01,22.55,Moderately Stressed
2024-11-06 06:45:00,14.05,21.62,171.0,4.1,17.3,5.93,20.6,4,13,6,6,1,2,6,13.95,0.05,0.07,22.41,Moderately Stressed
2024-11-06 07:00:00,13.8,21.65,169.0,4.1,17.3,5.92,20.7,5,14,7,7,1,2,6,13.94,0.07,-0.13,22.41,Moderately Stressed
2024-11-06 07:15:00,13.8,21.65,169.0,3.2,18.1,5.91,20.9,5,14,7,7,1,2,6,13.93,0.08,-0.13,22.28,Moderately Stressed
2024-11-06 07:30:00,13.72,21.76,170.0,2.9,18.9,5.89,21.1,5,14,7,7,1,2,6,13.92,0.1,-0.26,22.17,Moderately Stressed
2024-11-06 07:45:00,13.63,21.87,170.0,2.2,22.0,5.89,21.1,5,14,7,7,1,2,6,13.9,0.13,-0.42,22.07,Moderately Stressed
2024-11-06 08:00:00,13.49,22.4,173.0,2.2,22.0,5.86,21.9,5,14,7,8,1,2,6,13.86,0.17,-0.31,22.4,Moderately Stressed
2024-11-06 08:15:00,13.49,22.4,173.0,2.0,24.1,5.78,23.2,5,14,7,8,1,2,6,13.81,0.19,-0.31,22.4,Moderately Stressed
2024-11-06 08:30:00,13.28,23.15,175.0,1.7,27.0,5.68,24.6,5,15,7,8,1,2,6,13.76,0.24,-0.44,23.15,Moderately Stressed
2024-11-06 08:45:00,13.19,24.0,176.0,1.5,29.0,5.68,24.6,4,13,6,8,1,2,6,13.69,0.28,-0.44,24.0,Moderately Stressed
2024-11-06 09:00:00,13.05,24.75,177.0,1.5,29.0,5.57,25.9,4,13,6,9,1,2,6,13.62,0.32,-0.44,24.75,Moderately Stressed
2024-11-06 09:15:00,13.05,24.75,177.0,1.5,31.5,5.44,27.3,6,16,8,9,1,2,6,13.54,0.34,-0.44,24.75,Moderately Stressed
2024-11-06 09:30:00,12.93,25.72,178.0,1.3,32.2,5.3,28.8,6,17,8,9,1,2,6,13.46,0.36,-0.35,25.72,Severely Stressed
2024-11-06 09:45:00,12.7,26.7,178.0,1.2,35.5,5.3,28.8,6,17,8,9,1,2,7,13.34,0.37,-0.49,26.7,Severely Stressed
2024-11-06 10:00:00,12.65,27.56,178.0,1.2,35.5,5.18,29.9,6,17,8,10,1,2,7,13.25,0.39,-0.4,27.56,Severely Stressed
2024-11-06 10:15:00,12.65,27.56,178.0,1.1,38.2,5.6,29.7,16,46,23,10,1,2,7,13.15,0.38,-0.4,27.56,Severely Stressed
2024-11-06 10:30:00,18.26,29.33,294.0,1.1,41.3,5.53,32.0,15,42,21,10,1,2,7,13.53,1.53,5.33,29.33,Healthy
2024-11-06 10:45:00,18.26,29.33,294.0,0.8,45.1,5.53,32.0,17,49,24,10,1,2,7,13.92,2.05,5.56,29.33,Healthy
2024-11-06 11:00:00,18.26,29.33,294.0,0.8,45.1,5.75,29.6,16,45,22,11,1,2,7,14.31,2.39,5.61,29.33,Healthy
2024-11-06 11:15:00,18.83,30.17,174.0,0.9,45.4,5.68,31.3,17,47,23,11,1,2,7,14.76,2.7,6.18,30.17,Healthy
2024-11-06 11:30:00,18.83,30.17,174.0,0.6,43.8,5.68,31.8,16,45,22,11,1,2,7,15.22,2.89,0.57,30.17,Healthy
2024-11-06 11:45:00,18.48,30.39,160.0,0.6,46.5,5.68,31.8,13,37,18,11,1,2,7,15.66,2.96,0.22,30.39,Healthy
2024-11-06 12:00:00,17.82,30.77,150.0,0.6,46.5,5.6,32.7,12,34,17,12,1,2,7,16.06,2.9,-0.44,30.77,Moderately Stressed
2024-11-06 12:15:00,17.82,30.77,150.0,0.7,47.9,5.54,33.5,11,30,15,12,1,2,7,16.46,2.77,-1.01,30.77,Moderately Stressed
2024-11-06 12:30:00,17.03,31.49,142.0,0.6,49.2,5.51,34.2,9,27,13,12,1,2,7,16.8,2.54,-1.8,31.49,Moderately Stressed
2024-11-06 12:45:00,17.03,31.49,142.0,0.6,46.7,5.51,34.2,10,28,14,12,1,2,7,17.16,2.19,-1.45,31.49,Moderately Stressed
2024-11-06 13:00:00,16.44,32.15,131.0,0.6,46.7,5.54,33.7,9,27,13,13,1,2,7,17.48,1.69,-1.38,32.15,Moderately Stressed
2024-11-06 13:15:00,16.44,32.15,131.0,0.6,47.3,5.5,34.1,9,26,13,13,1,2,7,17.79,0.86,-1.38,32.15,Moderately Stressed
2024-11-06 13:30:00,16.05,32.68,129.0,0.2,47.3,5.5,34.1,9,25,12,13,1,2,7,17.61,0.98,-0.98,32.68,Moderately Stressed
2024-11-06 13:45:00,16.1,32.59,126.0,0.3,44.8,5.5,34.1,8,23,11,13,1,2,7,17.43,1.04,-0.93,32.68,Moderately Stressed
2024-11-06 14:00:00,16.03,32.46,124.0,0.3,44.8,5.54,33.3,8,24,12,14,1,2,7,17.24,1.08,-0.41,32.68,Moderately Stressed
2024-11-06 14:15:00,16.03,32.46,124.0,0.5,44.8,5.54,33.1,8,23,11,14,1,2,7,17.01,1.0,-0.41,32.68,Moderately Stressed
2024-11-06 14:30:00,15.96,32.43,122.0,0.4,39.4,5.58,32.4,7,22,11,14,1,2,7,16.77,0.86,-0.09,32.68,Moderately Stressed
2024-11-06 14:45:00,15.93,32.06,119.0,0.4,37.6,5.58,32.4,7,21,10,14,1,2,7,16.56,0.7,-0.17,32.68,Moderately Stressed
2024-11-06 15:00:00,15.75,32.04,118.0,0.4,37.6,5.55,32.8,7,20,10,15,1,2,7,16.38,0.61,-0.28,32.68,Moderately Stressed
2024-11-06 15:15:00,15.75,32.04,118.0,0.3,35.9,5.56,32.5,7,19,9,15,1,2,7,16.21,0.44,-0.28,32.68,Moderately Stressed
2024-11-06 15:30:00,15.81,31.49,115.0,0.4,35.2,5.59,31.9,6,19,9,15,1,2,7,16.11,0.37,-0.15,32.68,Moderately Stressed
2024-11-06 15:45:00,15.81,31.49,115.0,0.4,32.2,5.59,31.9,6,18,9,15,1,2,7,16.01,0.23,-0.12,32.68,Moderately Stressed
2024-11-06 16:00:00,15.78,31.25,115.0,0.4,32.2,5.63,31.3,6,18,9,16,1,2,7,15.95,0.2,0.03,32.68,Moderately Stressed
2024-11-06 16:15:00,15.78,31.25,115.0,0.5,33.0,5.62,31.4,5,16,8,16,1,2,7,15.9,0.13,0.03,32.68,Moderately Stressed
2024-11-06 16:30:00,15.61,31.33,115.0,0.5,34.0,5.91,29.9,12,33,16,16,1,2,7,15.86,0.15,-0.2,32.59,Moderately Stressed
2024-11-06 16:45:00,17.34,31.16,127.0,0.4,31.5,5.91,29.9,9,27,13,16,1,2,7,15.97,0.45,1.53,32.46,Moderately Stressed
2024-11-06 17:00:00,17.13,30.72,121.0,0.4,31.5,5.87,29.8,9,25,12,17,1,2,7,16.06,0.56,1.35,32.46,Moderately Stressed
2024-11-06 17:15:00,17.13,30.72,121.0,0.5,27.7,5.88,29.2,7,21,10,17,1,2,7,16.15,0.64,1.35,32.43,Moderately Stressed
2024-11-06 17:30:00,16.91,30.15,115.0,0.7,25.4,5.91,28.6,7,20,10,17,1,2,7,16.23,0.67,1.3,32.06,Moderately Stressed
2024-11-06 17:45:00,16.83,29.63,111.0,0.9,24.0,5.91,28.6,6,19,9,17,1,2,7,16.3,0.69,-0.51,32.04,Moderately Stressed
2024-11-06 18:00:00,16.73,29.11,108.0,0.9,24.0,5.94,28.0,6,17,8,18,1,2,7,16.38,0.68,-0.4,32.04,Moderately Stressed
2024-11-06 18:15:00,16.73,29.11,108.0,0.9,23.3,5.96,27.6,6,17,8,18,1,2,7,16.47,0.65,-0.4,31.49,Moderately Stressed
2024-11-06 18:30:00,16.61,28.69,106.0,1.1,23.2,5.97,27.3,5,16,8,18,1,2,7,16.53,0.62,-0.3,31.49,Moderately Stressed
2024-11-06 18:45:00,16.51,28.37,105.0,1.1,23.5,5.97,27.3,5,15,7,18,1,2,7,16.59,0.57,-0.32,31.33,Moderately Stressed
2024-11-06 19:00:00,16.45,28.11,104.0,1.1,23.5,5.98,27.2,5,15,7,19,0,2,7,16.65,0.52,-0.28,31.33,Moderately Stressed
2024-11-06 19:15:00,16.45,28.11,104.0,1.1,23.5,5.98,27.0,5,15,7,19,0,2,7,16.7,0.45,-0.28,31.33,Moderately Stressed
2024-11-06 19:30:00,16.35,27.85,103.0,1.1,23.0,6.0,26.8,5,14,7,19,0,2,7,16.76,0.31,-0.26,31.16,Moderately Stressed
2024-11-06 19:45:00,16.31,27.56,102.0,1.1,22.6,6.0,26.8,5,14,7,19,0,2,7,16.68,0.28,-0.2,30.72,Moderately Stressed
2024-11-06 20:00:00,16.27,27.33,101.0,1.1,22.6,6.01,26.5,4,13,6,20,0,2,7,16.61,0.26,-0.18,30.72,Moderately Stressed
2024-11-06 20:15:00,16.27,27.33,101.0,1.1,22.9,6.01,26.4,4,13,6,20,0,2,7,16.54,0.22,-0.18,30.15,Moderately Stressed
2024-11-06 20:30:00,16.21,27.16,101.0,1.1,23.0,6.02,26.3,5,14,7,20,0,2,7,16.48,0.21,-0.14,29.63,Moderately Stressed
2024-11-06 20:45:00,16.16,27.02,101.0,1.1,23.0,6.02,26.3,5,14,7,20,0,2,7,16.42,0.19,-0.15,29.11,Moderately Stressed
2024-11-06 21:00:00,16.14,26.89,100.0,1.1,23.0,6.02,26.2,4,13,6,21,0,2,7,16.37,0.18,-0.13,29.11,Moderately Stressed
2024-11-06 21:15:00,16.14,26.89,100.0,1.1,22.4,6.03,25.9,4,13,6,21,0,2,7,16.32,0.15,-0.13,28.69,Moderately Stressed
2024-11-06 21:30:00,16.15,26.68,100.0,1.3,21.5,6.04,25.5,4,13,6,21,0,2,7,16.28,0.13,-0.06,28.37,Moderately Stressed
2024-11-06 21:45:00,16.19,26.4,105.0,1.3,21.3,6.04,25.5,4,12,6,21,0,2,7,16.26,0.11,0.03,28.11,Moderately Stressed
2024-11-06 22:00:00,16.18,26.18,105.0,1.3,21.3,6.04,25.4,4,12,6,22,0,2,7,16.24,0.1,0.04,28.11,Moderately Stressed
2024-11-06 22:15:00,16.18,26.18,105.0,1.4,21.2,6.05,25.0,4,12,6,22,0,2,7,16.21,0.07,0.04,27.85,Moderately Stressed
2024-11-06 22:30:00,16.13,25.97,104.0,1.5,21.4,6.05,24.9,4,12,6,22,0,2,7,16.19,0.06,-0.02,27.56,Moderately Stressed
2024-11-06 22:45:00,16.08,25.8,104.0,1.5,20.9,6.05,24.9,4,11,5,22,0,2,7,16.18,0.06,-0.11,27.33,Moderately Stressed
2024-11-06 23:00:00,16.06,25.58,103.0,1.5,20.9,6.06,24.7,4,11,5,23,0,2,7,16.16,0.06,-0.12,27.33,Moderately Stressed
2024-11-06 23:15:00,16.06,25.58,103.0,1.5,20.7,6.07,24.4,4,11,5,23,0,2,7,16.14,0.05,-0.12,27.16,Moderately Stressed
2024-11-06 23:30:00,16.04,25.39,103.0,1.7,20.5,6.08,24.2,4,11,5,23,0,2,7,16.13,0.05,-0.09,27.02,Moderately Stressed
2024-11-06 23:45:00,16.02,25.22,103.0,1.7,20.3,6.08,24.2,3,11,5,23,0,2,7,16.11,0.06,-0.06,26.89,Moderately Stressed
2024-11-07 00:00:00,16.0,25.04,103.0,1.7,20.3,6.08,24.0,3,11,5,0,0,3,7,16.1,0.07,-0.06,26.89,Moderately Stressed
2024-11-07 00:15:00,16.0,25.04,103.0,1.9,20.1,6.09,23.8,3,11,5,0,0,3,7,16.09,0.07,-0.06,26.68,Moderately Stressed
2024-11-07 00:30:00,15.98,24.84,103.0,1.9,19.9,6.09,23.7,3,11,5,0,0,3,7,16.08,0.08,-0.06,26.4,Moderately Stressed
2024-11-07 00:45:00,15.94,24.71,102.0,2.0,19.9,6.09,23.7,3,10,5,0,0,3,7,16.06,0.08,-0.08,26.18,Moderately Stressed
2024-11-07 01:00:00,15.91,24.55,103.0,2.0,19.9,6.09,23.5,3,10,5,1,0,3,7,16.03,0.08,-0.09,26.18,Moderately Stressed
2024-11-07 01:15:00,15.91,24.55,103.0,2.1,19.8,6.1,23.4,3,9,4,1,0,3,7,16.01,0.07,-0.09,25.97,Moderately Stressed
2024-11-07 01:30:00,15.91,24.42,102.0,2.2,19.7,6.1,23.2,3,9,4,1,0,3,7,15.99,0.06,-0.07,25.8,Moderately Stressed
2024-11-07 01:45:00,15.9,24.28,102.0,2.3,19.6,6.1,23.2,3,9,4,1,0,3,7,15.98,0.06,-0.04,25.58,Moderately Stressed
2024-11-07 02:00:00,15.87,24.12,102.0,2.3,19.6,6.1,23.1,3,9,4,2,0,3,7,15.96,0.06,-0.04,25.58,Moderately Stressed
2024-11-07 02:15:00,15.87,24.12,102.0,2.5,19.4,6.1,22.9,3,9,4,2,0,3,7,15.95,0.06,-0.04,25.39,Moderately Stressed
2024-11-07 02:30:00,15.88,24.01,102.0,2.7,19.1,6.1,22.8,3,9,4,2,0,3,7,15.93,0.05,-0.03,25.22,Moderately Stressed
2024-11-07 02:45:00,15.87,23.88,102.0,2.9,19.0,6.1,22.8,3,9,4,2,0,3,7,15.92,0.05,-0.03,25.04,Moderately Stressed
2024-11-07 03:00:00,15.86,23.75,102.0,2.9,19.0,6.1,22.7,3,8,4,3,0,3,7,15.91,0.04,-0.01,25.04,Moderately Stressed
2024-11-07 03:15:00,15.86,23.75,102.0,3.0,19.0,6.1,22.5,3,8,4,3,0,3,7,15.9,0.04,-0.01,24.84,Moderately Stressed
2024-11-07 03:30:00,15.85,23.6,102.0,3.1,18.9,6.09,22.4,3,8,4,3,0,3,7,15.89,0.03,-0.03,24.71,Moderately Stressed
2024-11-07 03:45:00,15.82,23.49,102.0,3.1,19.0,6.09,22.4,3,8,4,3,0,3,7,15.88,0.03,-0.05,24.55,Moderately Stressed
2024-11-07 04:00:00,15.85,23.39,102.0,3.1,19.0,6.09,22.3,3,8,4,4,0,3,7,15.87,0.03,-0.01,24.55,Moderately Stressed
2024-11-07 04:15:00,15.85,23.39,102.0,2.9,19.1,6.09,22.3,2,8,4,4,0,3,7,15.87,0.02,-0.01,24.42,Moderately Stressed
2024-11-07 04:30:00,15.79,23.29,102.0,2.9,19.5,6.09,22.3,3,8,4,4,0,3,7,15.86,0.03,-0.06,24.28,Moderately Stressed
2024-11-07 04:45:00,15.79,23.26,102.0,3.1,19.2,6.09,22.3,3,8,4,4,0,3,7,15.85,0.03,-0.03,24.12,Moderately Stressed
2024-11-07 05:00:00,15.78,23.19,103.0,3.1,19.2,6.09,22.2,3,8,4,5,0,3,7,15.84,0.04,-0.07,24.12,Moderately Stressed
2024-11-07 05:15:00,15.78,23.19,103.0,3.2,19.3,6.09,22.2,3,8,4,5,0,3,7,15.83,0.04,-0.07,24.01,Moderately Stressed
2024-11-07 05:30:00,15.78,23.1,103.0,3.0,19.4,6.09,22.1,3,8,4,5,0,3,7,15.82,0.04,-0.01,23.88,Moderately Stressed
2024-11-07 05:45:00,15.74,23.06,103.0,2.9,19.8,6.09,22.1,3,8,4,5,0,3,7,15.81,0.04,-0.05,23.75,Moderately Stressed
2024-11-07 06:00:00,15.72,23.04,104.0,2.9,19.8,6.08,22.2,2,8,4,6,1,3,7,15.8,0.05,-0.06,23.75,Moderately Stressed
2024-11-07 06:15:00,15.72,23.04,104.0,2.7,20.1,6.08,22.3,2,8,4,6,1,3,7,15.79,0.05,-0.06,23.6,Moderately Stressed
2024-11-07 06:30:00,15.67,23.08,104.0,2.6,20.6,6.07,22.4,3,8,4,6,1,3,7,15.77,0.05,-0.11,23.49,Moderately Stressed
2024-11-07 06:45:00,15.65,23.12,104.0,2.6,21.0,6.07,22.4,3,8,4,6,1,3,7,15.76,0.06,-0.09,23.39,Moderately Stressed
2024-11-07 07:00:00,15.61,23.2,104.0,2.6,21.0,6.06,22.6,3,8,4,7,1,3,7,15.74,0.07,-0.11,23.39,Moderately Stressed
2024-11-07 07:15:00,15.61,23.2,104.0,2.4,21.6,6.05,22.8,3,8,4,7,1,3,7,15.72,0.07,-0.11,23.29,Moderately Stressed
2024-11-07 07:30:00,15.58,23.39,105.0,2.4,22.1,6.04,23.1,3,8,4,7,1,3,7,15.7,0.08,-0.09,23.39,Moderately Stressed
2024-11-07 07:45:00,15.53,23.5,105.0,2.2,22.3,6.04,23.1,3,8,4,7,1,3,7,15.68,0.09,-0.12,23.5,Moderately Stressed
2024-11-07 08:00:00,15.5,23.6,105.0,2.2,22.3,6.03,23.2,3,8,4,8,1,3,7,15.66,0.09,-0.11,23.6,Moderately Stressed
2024-11-07 08:15:00,15.5,23.6,105.0,2.2,22.7,6.02,23.3,3,8,4,8,1,3,7,15.63,0.1,-0.11,23.6,Moderately Stressed
2024-11-07 08:30:00,15.45,23.79,105.0,2.1,23.6,6.01,23.5,3,8,4,8,1,3,7,15.61,0.1,-0.13,23.79,Moderately Stressed
2024-11-07 08:45:00,15.38,24.01,106.0,2.0,25.2,6.01,23.5,3,8,4,8,1,3,7,15.58,0.11,-0.15,24.01,Moderately Stressed
2024-11-07 09:00:00,16.1,24.41,114.0,2.0,25.2,5.99,24.1,8,22,11,9,1,3,7,15.61,0.18,0.6,24.41,Moderately Stressed
2024-11-07 09:15:00,16.1,24.41,114.0,1.8,26.4,6.1,25.6,9,26,13,9,1,3,7,15.64,0.23,0.6,24.41,Moderately Stressed
2024-11-07 09:30:00,16.98,25.45,124.0,1.7,28.6,6.04,26.2,7,19,9,9,1,3,7,15.75,0.45,1.53,25.45,Moderately Stressed
2024-11-07 09:45:00,16.98,25.45,124.0,1.5,29.5,6.04,26.2,7,19,9,9,1,3,8,15.86,0.57,1.6,25.45,Moderately Stressed
2024-11-07 10:00:00,18.18,25.97,139.0,1.5,29.5,6.11,26.4,10,30,15,10,1,3,8,16.07,0.87,2.08,25.97,Healthy
2024-11-07 10:15:00,18.18,25.97,139.0,1.6,32.6,5.99,28.6,8,23,11,10,1,3,8,16.29,1.05,2.08,25.97,Healthy
2024-11-07 10:30:00,18.18,25.97,139.0,1.3,37.8,5.85,31.7,10,28,14,10,1,3,8,16.5,1.15,1.2,25.97,Healthy
2024-11-07 10:45:00,18.07,29.23,142.0,1.1,36.9,5.85,31.7,12,35,17,10,1,3,8,16.72,1.19,1.09,29.23,Healthy
2024-11-07 11:00:00,18.07,29.23,142.0,1.1,36.9,5.88,31.0,11,31,15,11,1,3,8,16.93,1.18,-0.11,29.23,Healthy
2024-11-07 11:15:00,18.07,29.23,142.0,1.1,36.5,5.91,31.1,13,38,19,11,1,3,8,17.14,1.13,-0.11,29.23,Healthy
2024-11-07 11:30:00,18.52,29.7,148.0,1.0,36.2,5.88,31.1,12,35,17,11,1,3,8,17.4,1.05,0.34,29.7,Healthy
2024-11-07 11:45:00,18.21,29.76,138.0,1.1,37.2,5.88,31.1,11,31,15,11,1,3,8,17.64,0.86,0.14,29.76,Healthy
2024-11-07 12:00:00,17.85,29.86,132.0,1.1,37.2,5.86,31.2,9,26,13,12,1,3,8,17.78,0.71,-0.22,29.86,Moderately Stressed
2024-11-07 12:15:00,17.85,29.86,132.0,0.9,33.4,5.92,30.1,8,23,11,12,1,3,8,17.93,0.48,-0.22,29.86,Moderately Stressed
2024-11-07 12:30:00,17.59,29.54,127.0,0.9,32.2,5.93,29.9,8,22,11,12,1,3,8,17.98,0.39,-0.93,29.86,Moderately Stressed
2024-11-07 12:45:00,17.59,29.54,127.0,1.0,34.0,5.93,29.9,7,21,10,12,1,3,8,18.03,0.27,-0.62,29.86,Moderately Stressed
2024-11-07 13:00:00,16.9,29.87,121.0,1.0,34.0,5.91,30.1,7,21,10,13,1,3,8,17.92,0.42,-0.95,29.87,Moderately Stressed
2024-11-07 13:15:00,16.9,29.87,121.0,0.9,36.7,5.88,30.5,7,19,9,13,1,3,8,17.82,0.5,-0.95,29.87,Moderately Stressed
2024-11-07 13:30:00,16.86,30.07,117.0,0.9,34.2,5.91,30.0,6,19,9,13,1,3,8,17.71,0.56,-0.73,30.07,Moderately Stressed
2024-11-07 13:45:00,16.69,30.1,115.0,0.8,34.7,5.91,30.0,6,18,9,13,1,3,8,17.59,0.61,-0.9,30.1,Moderately Stressed
2024-11-07 14:00:00,16.52,30.23,114.0,0.8,34.7,5.9,30.2,6,18,9,14,1,3,8,17.46,0.66,-0.38,30.23,Moderately Stressed
2024-11-07 14:15:00,16.52,30.23,114.0,0.9,34.6,5.91,30.1,6,17,8,14,1,3,8,17.33,0.69,-0.38,30.23,Moderately Stressed
2024-11-07 14:30:00,16.48,30.18,112.0,1.0,33.4,5.91,30.0,6,17,8,14,1,3,8,17.16,0.61,-0.38,30.23,Moderately Stressed
2024-11-07 14:45:00,16.51,30.17,111.0,0.9,30.8,5.91,30.0,5,16,8,14,1,3,8,17.02,0.54,-0.18,30.23,Moderately Stressed
2024-11-07 15:00:00,16.37,29.85,109.0,0.9,30.8,5.95,29.3,5,16,8,15,1,3,8,16.9,0.5,-0.15,30.23,Moderately Stressed
2024-11-07 15:15:00,16.37,29.85,109.0,0.9,30.9,5.95,29.2,5,15,7,15,1,3,8,16.78,0.43,-0.15,30.23,Moderately Stressed
2024-11-07 15:30:00,16.32,29.74,108.0,0.9,30.8,5.95,29.1,5,15,7,15,1,3,8,16.67,0.36,-0.16,30.23,Moderately Stressed
2024-11-07 15:45:00,16.21,29.64,107.0,1.0,30.1,5.95,29.1,5,14,7,15,1,3,8,16.55,0.23,-0.3,30.23,Moderately Stressed
2024-11-07 16:00:00,16.21,29.64,107.0,1.0,30.1,5.97,28.9,5,14,7,16,1,3,8,16.5,0.23,-0.16,30.23,Moderately Stressed
2024-11-07 16:15:00,16.15,29.3,105.0,1.0,29.7,5.97,28.7,5,14,7,16,1,3,8,16.43,0.21,-0.22,30.23,Moderately Stressed
2024-11-07 16:30:00,16.15,29.3,105.0,1.0,28.7,5.99,28.3,5,14,7,16,1,3,8,16.38,0.17,-0.17,30.23,Moderately Stressed
2024-11-07 16:45:00,16.12,29.08,105.0,1.1,28.5,5.99,28.3,5,14,7,16,1,3,8,16.33,0.16,-0.09,30.23,Moderately Stressed
2024-11-07 17:00:00,16.06,28.91,104.0,1.1,28.5,6.0,28.1,4,13,6,17,1,3,8,16.29,0.16,-0.15,30.23,Moderately Stressed
2024-11-07 17:15:00,16.06,28.91,104.0,1.2,27.2,6.02,27.7,4,13,6,17,1,3,8,16.25,0.16,-0.09,30.18,Moderately Stressed
2024-11-07 17:30:00,16.19,28.58,105.0,1.2,25.2,6.04,27.1,4,13,6,17,1,3,8,16.23,0.14,0.04,30.17,Moderately Stressed
2024-11-07 17:45:00,16.13,28.2,103.0,1.4,24.4,6.04,27.1,4,12,6,17,1,3,8,16.2,0.11,0.01,29.85,Moderately Stressed
2024-11-07 18:00:00,16.12,27.89,102.0,1.4,24.4,6.05,26.8,4,12,6,18,1,3,8,16.17,0.09,0.06,29.85,Moderately Stressed
2024-11-07 18:15:00,16.12,27.89,102.0,1.6,24.1,6.06,26.6,4,12,6,18,1,3,8,16.15,0.07,0.06,29.74,Moderately Stressed
2024-11-07 18:30:00,16.14,27.43,102.0,1.6,24.2,6.07,26.4,4,12,6,18,1,3,8,16.14,0.05,-0.05,29.64,Moderately Stressed
2024-11-07 18:45:00,16.14,27.43,102.0,1.7,23.9,6.07,26.4,4,12,6,18,1,3,8,16.13,0.04,0.01,29.64,Moderately Stressed
2024-11-07 19:00:00,16.01,27.22,99.0,1.7,23.9,6.07,26.2,4,12,6,19,0,3,8,16.12,0.05,-0.11,29.3,Moderately Stressed
2024-11-07 19:15:00,16.01,27.22,99.0,1.8,24.0,6.07,26.1,4,12,6,19,0,3,8,16.1,0.06,-0.11,29.3,Moderately Stressed
2024-11-07 19:30:00,15.98,27.03,99.0,1.8,24.0,6.07,26.0,4,12,6,19,0,3,8,16.09,0.06,-0.16,29.08,Moderately Stressed
2024-11-07 19:45:00,15.95,26.87,99.0,2.0,23.7,6.07,26.0,4,12,6,19,0,3,8,16.08,0.08,-0.19,28.91,Moderately Stressed
2024-11-07 20:00:00,15.94,26.69,98.0,2.0,23.7,6.08,25.7,4,12,6,20,0,3,8,16.07,0.08,-0.07,28.91,Moderately Stressed
2024-11-07 20:15:00,15.94,26.69,98.0,2.0,23.6,6.09,25.6,4,12,6,20,0,3,8,16.06,0.09,-0.07,28.58,Moderately Stressed
2024-11-07 20:30:00,15.9,26.49,98.0,2.0,23.5,6.09,25.4,4,11,5,20,0,3,8,16.03,0.09,-0.08,28.2,Moderately Stressed
2024-11-07 20:45:00,15.9,26.49,98.0,2.0,23.3,6.09,25.4,4,11,5,20,0,3,8,16.01,0.09,-0.05,27.89,Moderately Stressed
2024-11-07 21:00:00,15.83,26.18,97.0,2.0,23.3,6.09,25.4,4,11,5,21,0,3,8,15.99,0.1,-0.11,27.89,Moderately Stressed
2024-11-07 21:15:00,15.83,26.18,97.0,2.2,22.7,6.11,25.0,4,11,5,21,0,3,8,15.96,0.1,-0.11,27.43,Moderately Stressed
2024-11-07 21:30:00,15.85,25.98,97.0,2.2,22.7,6.12,24.8,4,11,5,21,0,3,8,15.94,0.09,-0.05,27.43,Moderately Stressed
2024-11-07 21:45:00,15.85,25.85,99.0,2.4,22.2,6.12,24.8,4,11,5,21,0,3,8,15.92,0.07,-0.05,27.22,Moderately Stressed
2024-11-07 22:00:00,15.85,25.65,99.0,2.4,22.2,6.13,24.6,4,11,5,22,0,3,8,15.9,0.06,0.02,27.22,Moderately Stressed
2024-11-07 22:15:00,15.85,25.65,99.0,2.4,21.9,6.14,24.4,4,11,5,22,0,3,8,15.89,0.05,0.02,27.03,Moderately Stressed
2024-11-07 22:30:00,15.86,25.45,99.0,2.6,21.4,6.15,24.1,4,11,5,22,0,3,8,15.88,0.04,0.01,26.87,Moderately Stressed
2024-11-07 22:45:00,15.88,25.23,98.0,2.8,21.2,6.15,24.1,4,11,5,22,0,3,8,15.87,0.04,0.03,26.69,Moderately Stressed
2024-11-07 23:00:00,15.88,25.04,98.0,2.8,21.2,6.16,23.8,3,11,5,23,0,3,8,15.87,0.03,0.03,26.69,Moderately Stressed
2024-11-07 23:15:00,15.88,25.04,98.0,2.8,21.3,6.16,23.8,3,11,5,23,0,3,8,15.86,0.02,0.03,26.49,Moderately Stressed
2024-11-07 23:30:00,15.81,24.92,97.0,3.0,21.1,6.16,23.7,3,11,5,23,0,3,8,15.86,0.03,-0.05,26.49,Moderately Stressed
2024-11-07 23:45:00,15.79,24.74,97.0,3.0,20.7,6.16,23.7,3,10,5,23,0,3,8,15.85,0.03,-0.09,26.18,Moderately Stressed
2024-11-08 00:00:00,15.76,24.56,97.0,3.0,20.7,6.16,23.5,3,10,5,0,0,4,8,15.84,0.04,-0.12,26.18,Moderately Stressed
2024-11-08 00:15:00,15.76,24.56,97.0,3.1,20.5,6.17,23.3,3,10,5,0,0,4,8,15.84,0.04,-0.12,25.98,Moderately Stressed
2024-11-08 00:30:00,15.75,24.4,96.0,3.4,20.4,6.18,23.1,3,10,5,0,0,4,8,15.83,0.05,-0.06,25.85,Moderately Stressed
2024-11-08 00:45:00,15.75,24.22,96.0,3.4,20.2,6.18,23.1,3,10,5,0,0,4,8,15.82,0.05,-0.04,25.65,Moderately Stressed
2024-11-08 01:00:00,15.74,24.1,96.0,3.4,20.2,6.18,23.0,3,10,5,1,0,4,8,15.81,0.06,-0.02,25.65,Moderately Stressed
2024-11-08 01:15:00,15.74,24.1,96.0,3.4,20.2,6.18,22.9,3,10,5,1,0,4,8,15.8,0.06,-0.02,25.45,Moderately Stressed
2024-11-08 01:30:00,15.74,23.95,96.0,3.6,20.1,6.18,22.8,3,10,5,1,0,4,8,15.79,0.06,-0.01,25.23,Moderately Stressed
2024-11-08 01:45:00,15.76,23.81,96.0,3.8,20.0,6.18,22.8,3,10,5,1,0,4,8,15.78,0.05,0.01,25.04,Moderately Stressed
2024-11-08 02:00:00,15.75,23.7,95.0,3.8,20.0,6.18,22.6,3,10,5,2,0,4,8,15.77,0.04,0.01,25.04,Moderately Stressed
2024-11-08 02:15:00,15.75,23.7,95.0,4.3,19.9,6.18,22.5,3,10,5,2,0,4,8,15.76,0.02,0.01,24.92,Moderately Stressed
2024-11-08 02:30:00,15.73,23.59,95.0,5.4,19.7,6.19,22.4,3,10,5,2,0,4,8,15.75,0.02,-0.01,24.74,Moderately Stressed
2024-11-08 02:45:00,15.91,23.47,97.0,6.9,19.6,6.19,22.4,3,10,5,2,0,4,8,15.76,0.05,0.15,24.56,Moderately Stressed
2024-11-08 03:00:00,15.68,23.32,94.0,6.9,19.6,6.19,22.2,3,10,5,3,0,4,8,15.76,0.05,-0.07,24.56,Moderately Stressed
2024-11-08 03:15:00,15.68,23.32,94.0,8.7,19.5,6.19,22.1,3,9,4,3,0,4,8,15.75,0.06,-0.07,24.4,Moderately Stressed
2024-11-08 03:30:00,15.69,23.19,94.0,9.4,19.4,6.2,22.0,3,9,4,3,0,4,8,15.74,0.06,-0.04,24.22,Moderately Stressed
2024-11-08 03:45:00,15.67,23.09,94.0,10.0,19.3,6.2,22.0,3,10,5,3,0,4,8,15.74,0.06,-0.24,24.1,Moderately Stressed
2024-11-08 04:00:00,15.64,22.98,94.0,10.0,19.3,6.2,21.9,3,9,4,4,0,4,8,15.73,0.07,-0.04,24.1,Moderately Stressed
2024-11-08 04:15:00,15.64,22.98,94.0,10.2,19.2,6.2,21.8,3,9,4,4,0,4,8,15.72,0.07,-0.04,23.95,Moderately Stressed
2024-11-08 04:30:00,15.66,22.87,94.0,10.8,19.1,6.21,21.7,3,9,4,4,0,4,8,15.71,0.08,-0.03,23.81,Moderately Stressed
2024-11-08 04:45:00,15.65,22.76,94.0,9.4,18.9,6.21,21.7,3,9,4,4,0,4,8,15.7,0.08,-0.02,23.7,Moderately Stressed
2024-11-08 05:00:00,15.67,22.65,94.0,9.4,18.9,6.21,21.5,3,9,4,5,0,4,8,15.7,0.07,0.03,23.7,Moderately Stressed
2024-11-08 05:15:00,15.67,22.65,94.0,8.9,18.8,6.21,21.4,3,9,4,5,0,4,8,15.69,0.07,0.03,23.59,Moderately Stressed
2024-11-08 05:30:00,15.65,22.54,94.0,8.6,18.7,6.21,21.3,3,10,5,5,0,4,8,15.68,0.07,-0.01,23.47,Moderately Stressed
2024-11-08 05:45:00,15.67,22.42,94.0,8.0,18.6,6.21,21.3,3,9,4,5,0,4,8,15.66,0.02,0.02,23.32,Moderately Stressed
2024-11-08 06:00:00,15.69,22.31,94.0,8.0,18.6,6.21,21.2,3,9,4,6,1,4,8,15.66,0.02,0.02,23.32,Moderately Stressed
2024-11-08 06:15:00,15.69,22.31,94.0,8.2,18.4,6.22,21.1,3,9,4,6,1,4,8,15.67,0.02,0.02,23.19,Moderately Stressed
2024-11-08 06:30:00,15.67,22.22,94.0,8.4,18.6,6.21,21.1,3,9,4,6,1,4,8,15.66,0.02,0.02,23.09,Moderately Stressed
2024-11-08 06:45:00,15.67,22.16,94.0,6.6,18.9,6.21,21.1,3,9,4,6,1,4,8,15.66,0.02,0.0,22.98,Moderately Stressed
2024-11-08 07:00:00,15.66,22.16,95.0,6.6,18.9,6.21,21.1,3,9,4,7,1,4,8,15.67,0.02,-0.03,22.98,Moderately Stressed
2024-11-08 07:15:00,15.66,22.16,95.0,4.4,19.5,6.21,21.3,3,9,4,7,1,4,8,15.67,0.01,-0.03,22.87,Moderately Stressed
2024-11-08 07:30:00,15.63,22.23,95.0,3.2,20.4,6.19,21.6,3,9,4,7,1,4,8,15.66,0.02,-0.04,22.76,Moderately Stressed
2024-11-08 07:45:00,15.27,22.36,90.0,2.5,25.6,6.19,21.6,3,9,4,7,1,4,8,15.63,0.12,-0.4,22.65,Moderately Stressed
2024-11-08 08:00:00,15.05,22.98,90.0,2.5,25.6,6.15,22.5,3,9,4,8,1,4,8,15.58,0.2,-0.61,22.98,Moderately Stressed
2024-11-08 08:15:00,15.05,22.98,90.0,2.1,29.8,6.09,23.9,3,9,4,8,1,4,8,15.53,0.25,-0.61,22.98,Moderately Stressed
2024-11-08 08:30:00,14.86,23.74,91.0,1.8,32.3,6.02,25.3,3,9,4,8,1,4,8,15.46,0.31,-0.77,23.74,Moderately Stressed
2024-11-08 08:45:00,14.77,24.51,92.0,1.6,33.5,6.02,25.3,3,9,4,8,1,4,8,15.39,0.36,-0.5,24.51,Moderately Stressed
2024-11-08 09:00:00,14.61,25.16,92.0,1.6,33.5,5.96,26.9,3,9,4,9,1,4,8,15.3,0.41,-0.44,25.16,Moderately Stressed
2024-11-08 09:15:00,14.61,25.16,92.0,1.4,32.5,5.9,27.9,3,10,5,9,1,4,8,15.21,0.44,-0.44,25.16,Moderately Stressed
2024-11-08 09:30:00,14.54,25.87,92.0,1.3,31.6,5.87,28.6,3,10,5,9,1,4,8,15.12,0.45,-0.32,25.87,Moderately Stressed
2024-11-08 09:45:00,14.43,26.6,93.0,1.2,32.3,5.87,28.6,3,10,5,9,1,4,9,15.01,0.45,-0.34,26.6,Moderately Stressed
2024-11-08 10:00:00,14.29,27.44,93.0,1.2,32.3,5.8,29.7,3,10,5,10,1,4,9,14.9,0.45,-0.32,27.44,Moderately Stressed
2024-11-08 10:15:00,14.29,27.44,93.0,1.1,32.8,5.76,30.2,3,10,5,10,1,4,9,14.78,0.41,-0.32,27.44,Moderately Stressed
2024-11-08 10:30:00,14.17,28.27,93.0,1.0,33.5,5.7,31.2,3,10,5,10,1,4,9,14.66,0.35,-0.37,28.27,Moderately Stressed
2024-11-08 10:45:00,14.03,29.17,93.0,1.0,34.3,5.7,31.2,3,10,5,10,1,4,9,14.56,0.33,-0.4,29.17,Moderately Stressed
2024-11-08 11:00:00,13.98,30.08,94.0,1.0,34.3,5.65,31.9,3,10,5,11,1,4,9,14.47,0.33,-0.31,30.08,Moderately Stressed
2024-11-08 11:15:00,13.98,30.08,94.0,1.0,35.3,5.65,31.6,3,10,5,11,1,4,9,14.38,0.3,-0.31,30.08,Moderately Stressed
2024-11-08 11:30:00,13.93,30.76,94.0,0.8,36.3,5.59,32.6,3,10,5,11,1,4,9,14.3,0.29,-0.24,30.76,Moderately Stressed
2024-11-08 11:45:00,13.8,31.39,94.0,0.8,36.3,5.59,32.6,3,10,5,11,1,4,9,14.22,0.28,-0.23,31.39,Moderately Stressed
2024-11-08 12:00:00,13.71,31.91,93.0,0.7,39.3,5.56,33.2,3,10,5,12,1,4,9,14.15,0.29,-0.27,31.91,Moderately Stressed
2024-11-08 12:15:00,13.71,31.91,93.0,0.7,39.3,5.52,33.8,3,10,5,12,1,4,9,14.07,0.27,-0.27,31.91,Moderately Stressed
2024-11-08 12:30:00,13.55,32.36,92.0,0.8,42.0,5.47,34.5,3,10,5,12,1,4,9,13.99,0.27,-0.38,32.36,Moderately Stressed
2024-11-08 12:45:00,13.69,32.7,92.0,0.7,42.8,5.47,34.5,3,10,5,12,1,4,9,13.93,0.24,-0.11,32.7,Moderately Stressed
2024-11-08 13:00:00,13.45,33.16,92.0,0.7,42.8,5.46,34.7,3,10,5,13,1,4,9,13.86,0.25,-0.26,33.16,Moderately Stressed
2024-11-08 13:15:00,13.45,33.16,92.0,0.7,42.9,5.46,34.6,3,10,5,13,1,4,9,13.79,0.23,-0.26,33.16,Moderately Stressed
2024-11-08 13:30:00,13.44,33.48,92.0,0.7,47.3,5.4,35.3,3,10,5,13,1,4,9,13.73,0.22,-0.11,33.48,Moderately Stressed
2024-11-08 13:45:00,13.66,33.72,92.0,0.6,46.0,5.4,35.3,3,10,5,13,1,4,9,13.7,0.2,-0.03,33.72,Moderately Stressed
2024-11-08 14:00:00,13.45,34.05,92.0,0.6,46.0,5.44,34.5,3,10,5,14,1,4,9,13.65,0.19,0.0,34.05,Moderately Stressed
2024-11-08 14:15:00,13.45,34.05,92.0,0.6,47.1,5.4,34.9,3,9,4,14,1,4,9,13.61,0.17,0.0,34.05,Moderately Stressed
2024-11-08 14:30:00,13.28,34.51,92.0,0.6,48.3,5.73,31.0,11,32,16,14,1,4,9,13.55,0.16,-0.16,34.51,Moderately Stressed
2024-11-08 14:45:00,13.28,34.51,92.0,0.6,37.0,5.73,31.0,14,39,19,14,1,4,9,13.51,0.15,-0.38,34.51,Moderately Stressed
2024-11-08 15:00:00,17.6,32.8,124.0,0.6,37.0,5.73,29.3,13,39,19,15,1,4,9,13.83,1.19,4.15,34.51,Moderately Stressed
2024-11-08 15:15:00,17.6,32.8,124.0,0.6,32.5,5.76,31.4,11,31,15,15,1,4,9,14.16,1.61,4.15,34.51,Moderately Stressed
2024-11-08 15:30:00,17.11,32.15,116.0,0.6,31.0,5.85,30.5,8,23,11,15,1,4,9,14.46,1.81,3.83,34.51,Moderately Stressed
2024-11-08 15:45:00,17.11,32.15,116.0,0.8,30.1,5.85,30.5,7,22,11,15,1,4,9,14.74,1.94,3.83,34.51,Moderately Stressed
2024-11-08 16:00:00,16.29,31.58,107.0,0.8,30.1,5.84,30.8,7,20,10,16,1,4,9,14.98,1.94,-1.31,34.51,Moderately Stressed
2024-11-08 16:15:00,16.29,31.58,107.0,0.9,32.2,5.83,31.0,6,18,9,16,1,4,9,15.21,1.91,-1.31,34.51,Moderately Stressed
2024-11-08 16:30:00,13.86,31.93,88.0,0.7,33.8,5.86,30.7,6,17,8,16,1,4,9,15.25,1.88,-3.25,34.51,Moderately Stressed
2024-11-08 16:45:00,13.86,31.93,88.0,0.6,32.2,5.86,30.7,2,7,3,16,1,4,9,15.26,1.86,-3.25,34.51,Moderately Stressed
2024-11-08 17:00:00,13.95,31.47,87.0,0.6,32.2,5.9,30.2,2,7,3,17,1,4,9,15.31,1.83,-2.34,34.51,Moderately Stressed
2024-11-08 17:15:00,13.95,31.47,87.0,0.6,28.2,5.95,29.4,2,6,3,17,1,4,9,15.35,1.78,-2.34,34.51,Moderately Stressed
2024-11-08 17:30:00,14.01,30.73,86.0,0.7,25.9,5.99,28.7,2,6,3,17,1,4,9,15.41,1.72,0.15,34.51,Moderately Stressed
2024-11-08 17:45:00,13.99,30.09,84.0,0.9,24.5,5.99,28.7,2,6,3,17,1,4,9,15.47,1.65,0.13,32.8,Moderately Stressed
2024-11-08 18:00:00,14.01,29.54,83.0,0.9,24.5,6.02,28.1,2,6,3,18,1,4,9,15.17,1.55,0.06,32.8,Moderately Stressed
2024-11-08 18:15:00,14.01,29.54,83.0,1.0,23.6,6.03,27.6,2,6,3,18,1,4,9,14.87,1.37,0.06,32.15,Moderately Stressed
2024-11-08 18:30:00,13.96,28.6,80.0,1.1,23.5,6.04,27.2,2,6,3,18,1,4,9,14.61,1.2,-0.05,32.15,Moderately Stressed
2024-11-08 18:45:00,13.96,28.6,80.0,1.1,23.2,6.04,27.2,2,5,2,18,1,4,9,14.34,0.91,-0.03,31.93,Moderately Stressed
2024-11-08 19:00:00,13.96,28.6,80.0,1.1,23.2,6.05,26.9,2,5,2,19,0,4,9,14.15,0.68,-0.05,31.93,Moderately Stressed
2024-11-08 19:15:00,13.89,27.83,79.0,1.3,22.8,6.06,26.5,2,5,2,19,0,4,9,13.95,0.05,-0.12,31.93,Moderately Stressed
2024-11-08 19:30:00,13.89,27.83,79.0,1.2,22.1,6.07,26.2,2,5,2,19,0,4,9,13.95,0.05,-0.07,31.93,Moderately Stressed
2024-11-08 19:45:00,13.89,27.43,78.0,1.3,22.1,6.07,26.2,2,5,2,19,0,4,9,13.96,0.05,-0.07,31.47,Moderately Stressed
2024-11-08 20:00:00,13.9,27.12,81.0,1.3,22.1,6.08,25.9,2,5,2,20,0,4,9,13.95,0.05,-0.06,31.47,Moderately Stressed
2024-11-08 20:15:00,13.9,27.12,81.0,1.3,21.7,6.1,25.6,1,5,2,20,0,4,9,13.95,0.05,0.01,30.73,Moderately Stressed
2024-11-08 20:30:00,13.9,26.81,83.0,1.3,21.4,6.11,25.4,1,5,2,20,0,4,9,13.94,0.05,0.01,30.09,Moderately Stressed
2024-11-08 20:45:00,13.87,26.59,83.0,1.3,21.3,6.11,25.4,1,5,2,20,0,4,9,13.93,0.05,-0.02,29.54,Moderately Stressed
2024-11-08 21:00:00,13.86,26.34,82.0,1.3,21.3,6.11,25.2,1,5,2,21,0,4,9,13.92,0.05,-0.04,29.54,Moderately Stressed
2024-11-08 21:15:00,13.86,26.34,82.0,1.3,21.2,6.12,25.0,1,5,2,21,0,4,9,13.9,0.04,-0.04,28.6,Moderately Stressed
2024-11-08 21:30:00,13.85,26.11,82.0,1.6,21.1,6.12,24.8,1,5,2,21,0,4,9,13.89,0.04,-0.05,28.6,Moderately Stressed
2024-11-08 21:45:00,14.12,25.88,94.0,1.8,21.0,6.12,24.8,1,5,2,21,0,4,9,13.91,0.07,0.25,28.6,Moderately Stressed
2024-11-08 22:00:00,14.08,25.66,93.0,1.8,21.0,6.12,24.5,1,5,2,22,0,4,9,13.92,0.09,0.22,27.83,Moderately Stressed
2024-11-08 22:15:00,14.08,25.66,93.0,1.9,20.9,6.13,24.4,1,5,2,22,0,4,9,13.93,0.1,0.22,27.83,Moderately Stressed
2024-11-08 22:30:00,14.05,25.46,93.0,2.1,20.8,6.14,24.2,1,5,2,22,0,4,9,13.95,0.1,0.2,27.43,Moderately Stressed
2024-11-08 22:45:00,14.05,25.46,93.0,2.4,20.6,6.14,24.2,1,5,2,22,0,4,9,13.96,0.11,-0.07,27.12,Moderately Stressed
2024-11-08 23:00:00,14.04,25.1,93.0,2.4,20.6,6.14,24.0,1,5,2,23,0,4,9,13.97,0.11,-0.04,27.12,Moderately Stressed
2024-11-08 23:15:00,14.04,25.1,93.0,2.6,20.6,6.14,23.8,1,5,2,23,0,4,9,13.98,0.1,-0.04,26.81,Moderately Stressed
2024-11-08 23:30:00,14.02,24.93,92.0,2.7,20.5,6.14,23.7,1,5,2,23,0,4,9,13.99,0.1,-0.03,26.59,Moderately Stressed
2024-11-08 23:45:00,14.01,24.74,92.0,3.2,20.2,6.14,23.7,1,5,2,23,0,4,9,14.0,0.09,-0.04,26.34,Moderately Stressed
2024-11-09 00:00:00,14.01,24.55,92.0,3.2,20.2,6.14,23.5,1,5,2,0,0,5,9,14.02,0.08,-0.03,26.34,Moderately Stressed
2024-11-09 00:15:00,14.01,24.55,92.0,4.2,19.9,6.15,23.3,1,5,2,0,0,5,9,14.03,0.07,-0.03,26.11,Moderately Stressed
2024-11-09 00:30:00,14.01,24.39,92.0,3.6,19.9,6.14,23.2,1,5,2,0,0,5,9,14.04,0.04,-0.01,25.88,Moderately Stressed
2024-11-09 00:45:00,14.0,24.22,92.0,4.2,19.8,6.14,23.2,1,5,2,0,0,5,9,14.03,0.03,-0.01,25.66,Moderately Stressed
2024-11-09 01:00:00,14.01,24.09,91.0,4.2,19.8,6.14,23.0,1,5,2,1,0,5,9,14.03,0.02,0.0,25.66,Moderately Stressed
2024-11-09 01:15:00,14.01,24.09,91.0,4.2,19.7,6.15,22.9,1,5,2,1,0,5,9,14.02,0.02,0.0,25.46,Moderately Stressed
2024-11-09 01:30:00,13.98,23.93,91.0,3.6,20.0,6.14,22.9,1,5,2,1,0,5,9,14.02,0.02,-0.03,25.46,Moderately Stressed
2024-11-09 01:45:00,13.93,23.91,92.0,3.4,20.5,6.14,22.9,1,5,2,1,0,5,9,14.01,0.03,-0.07,25.1,Moderately Stressed
2024-11-09 02:00:00,13.92,23.9,92.0,3.4,20.5,6.13,23.0,1,5,2,2,0,5,9,14.0,0.04,-0.09,25.1,Moderately Stressed
2024-11-09 02:15:00,13.92,23.9,92.0,3.2,20.7,6.13,23.1,1,5,2,2,0,5,9,13.99,0.04,-0.09,24.93,Moderately Stressed
2024-11-09 02:30:00,13.85,23.9,91.0,3.8,20.2,6.14,22.8,1,5,2,2,0,5,9,13.97,0.05,-0.13,24.74,Moderately Stressed
2024-11-09 02:45:00,13.86,23.74,91.0,3.8,20.1,6.14,22.8,1,5,2,2,0,5,9,13.96,0.06,-0.07,24.55,Moderately Stressed
2024-11-09 03:00:00,13.95,23.67,94.0,3.8,20.1,6.14,22.8,1,5,2,3,0,5,9,13.95,0.06,0.03,24.55,Moderately Stressed
2024-11-09 03:15:00,13.95,23.67,94.0,3.9,20.0,6.14,22.7,1,5,2,3,0,5,9,13.95,0.06,0.03,24.39,Moderately Stressed
2024-11-09 03:30:00,13.93,23.6,94.0,4.2,19.7,6.15,22.5,1,5,2,3,0,5,9,13.94,0.05,0.08,24.22,Moderately Stressed
2024-11-09 03:45:00,13.93,23.6,94.0,3.5,20.0,6.15,22.5,1,5,2,3,0,5,9,13.94,0.05,0.07,24.09,Moderately Stressed
2024-11-09 04:00:00,13.93,23.6,94.0,3.5,20.0,6.14,22.6,1,5,2,4,0,5,9,13.93,0.04,-0.02,24.09,Moderately Stressed
2024-11-09 04:15:00,13.91,23.28,93.0,4.2,19.5,6.15,22.3,1,4,2,4,0,5,9,13.92,0.04,-0.04,23.93,Moderately Stressed
2024-11-09 04:30:00,13.91,23.28,93.0,5.2,19.0,6.16,22.1,1,4,2,4,0,5,9,13.92,0.03,-0.02,23.91,Moderately Stressed
2024-11-09 04:45:00,13.9,23.09,93.0,4.0,19.3,6.16,22.1,1,4,2,4,0,5,9,13.91,0.03,-0.03,23.9,Moderately Stressed
2024-11-09 05:00:00,13.9,23.09,93.0,4.0,19.3,6.16,22.1,1,4,2,5,0,5,9,13.91,0.03,-0.03,23.9,Moderately Stressed
2024-11-09 05:15:00,13.89,22.88,93.0,4.6,19.0,6.16,21.9,1,4,2,5,0,5,9,13.91,0.03,-0.02,23.9,Moderately Stressed
2024-11-09 05:30:00,13.89,22.88,93.0,5.2,18.7,6.16,21.8,1,4,2,5,0,5,9,13.91,0.03,-0.02,23.74,Moderately Stressed
2024-11-09 05:45:00,13.88,22.78,93.0,4.8,18.9,6.16,21.8,1,4,2,5,0,5,9,13.91,0.02,-0.02,23.67,Moderately Stressed
2024-11-09 06:00:00,13.87,22.68,92.0,4.8,18.9,6.16,21.7,1,4,2,6,1,5,9,13.91,0.02,-0.03,23.67,Moderately Stressed
2024-11-09 06:15:00,13.87,22.68,92.0,4.8,18.9,6.16,21.7,1,5,2,6,1,5,9,13.9,0.02,-0.02,23.6,Moderately Stressed
2024-11-09 06:30:00,13.89,22.61,92.0,4.7,18.8,6.16,21.6,1,4,2,6,1,5,9,13.9,0.02,0.0,23.6,Moderately Stressed
2024-11-09 06:45:00,13.84,22.57,92.0,3.6,19.5,6.16,21.6,1,4,2,6,1,5,9,13.89,0.02,-0.04,23.6,Moderately Stressed
2024-11-09 07:00:00,13.82,22.67,93.0,3.6,19.5,6.15,21.8,1,4,2,7,1,5,9,13.88,0.03,-0.05,23.28,Moderately Stressed
2024-11-09 07:15:00,13.82,22.67,93.0,3.2,20.5,6.14,22.1,1,4,2,7,1,5,9,13.87,0.03,-0.05,23.28,Moderately Stressed
2024-11-09 07:30:00,13.73,22.79,93.0,2.8,21.3,6.13,22.4,1,4,2,7,1,5,9,13.86,0.05,-0.16,23.09,Moderately Stressed
2024-11-09 07:45:00,13.68,22.98,94.0,2.4,24.1,6.13,22.4,1,4,2,7,1,5,9,13.84,0.07,-0.16,23.09,Moderately Stressed
2024-11-09 08:00:00,13.55,23.5,95.0,2.4,24.1,6.09,23.2,1,3,1,8,1,5,9,13.81,0.11,-0.27,23.5,Moderately Stressed
2024-11-09 08:15:00,13.55,23.5,95.0,1.9,27.4,6.03,24.4,1,4,2,8,1,5,9,13.78,0.13,-0.27,23.5,Moderately Stressed
2024-11-09 08:30:00,13.44,24.11,96.0,1.8,29.8,5.97,25.7,1,4,2,8,1,5,9,13.74,0.16,-0.29,24.11,Moderately Stressed
2024-11-09 08:45:00,13.35,24.8,97.0,1.5,31.3,5.97,25.7,1,4,2,8,1,5,9,13.7,0.19,-0.33,24.8,Moderately Stressed
2024-11-09 09:00:00,13.21,25.5,97.0,1.5,31.3,5.84,28.3,1,5,2,9,1,5,9,13.65,0.22,-0.34,25.5,Moderately Stressed
2024-11-09 09:15:00,13.21,25.5,97.0,1.4,32.8,5.84,28.3,1,5,2,9,1,5,9,13.59,0.24,-0.34,25.5,Moderately Stressed
2024-11-09 09:30:00,13.13,26.39,98.0,1.3,32.4,5.81,28.8,1,5,2,9,1,5,9,13.53,0.26,-0.31,26.39,Moderately Stressed
2024-11-09 09:45:00,13.1,27.17,98.0,1.1,31.8,5.81,28.8,1,4,2,9,1,5,10,13.47,0.26,-0.25,27.17,Moderately Stressed
2024-11-09 10:00:00,13.05,27.75,98.0,1.1,31.8,5.8,28.9,1,4,2,10,1,5,10,13.4,0.26,-0.16,27.75,Moderately Stressed
2024-11-09 10:15:00,13.05,27.75,98.0,1.0,34.2,5.73,30.3,1,4,2,10,1,5,10,13.34,0.25,-0.16,27.75,Moderately Stressed
2024-11-09 10:30:00,12.84,28.8,98.0,1.0,35.4,5.67,31.3,1,4,2,10,1,5,10,13.26,0.25,-0.29,28.8,Severely Stressed
2024-11-09 10:45:00,12.77,29.97,98.0,0.8,35.6,5.67,31.3,1,4,2,10,1,5,10,13.19,0.25,-0.33,29.97,Severely Stressed
2024-11-09 11:00:00,12.56,30.95,98.0,0.8,35.6,5.61,32.1,1,4,2,11,1,5,10,13.1,0.28,-0.49,30.95,Severely Stressed
2024-11-09 11:15:00,12.56,30.95,98.0,0.7,36.1,5.55,33.2,1,4,2,11,1,5,10,13.02,0.29,-0.49,30.95,Severely Stressed
2024-11-09 11:30:00,12.48,31.95,98.0,0.6,36.4,5.49,34.0,1,4,2,11,1,5,10,12.94,0.29,-0.36,31.95,Severely Stressed
2024-11-09 11:45:00,12.41,32.7,98.0,0.6,37.0,5.49,34.0,1,5,2,11,1,5,10,12.86,0.3,-0.36,32.7,Severely Stressed
2024-11-09 12:00:00,12.41,33.15,97.0,0.6,37.0,5.47,34.2,1,5,2,12,1,5,10,12.8,0.3,-0.15,33.15,Severely Stressed
2024-11-09 12:15:00,12.41,33.15,97.0,0.6,37.4,5.42,34.9,1,4,2,12,1,5,10,12.73,0.29,-0.15,33.15,Severely Stressed
2024-11-09 12:30:00,12.15,33.61,97.0,0.6,39.3,5.35,36.0,1,5,2,12,1,5,10,12.65,0.31,-0.33,33.61,Severely Stressed
2024-11-09 12:45:00,12.21,34.38,97.0,0.6,39.5,5.35,36.0,1,5,2,12,1,5,10,12.57,0.3,-0.2,34.38,Severely Stressed
2024-11-09 13:00:00,12.08,34.63,96.0,0.6,39.5,5.34,36.2,1,5,2,13,1,5,10,12.49,0.29,-0.33,34.63,Severely Stressed
2024-11-09 13:15:00,12.08,34.63,96.0,0.5,40.1,5.34,36.0,1,5,2,13,1,5,10,12.41,0.25,-0.33,34.63,Severely Stressed
2024-11-09 13:30:00,12.13,35.04,96.0,0.5,40.7,5.31,36.4,1,3,1,13,1,5,10,12.35,0.22,-0.02,35.04,Severely Stressed
2024-11-09 13:45:00,12.25,34.85,95.0,0.5,40.0,5.31,36.4,1,4,2,13,1,5,10,12.31,0.18,0.04,35.04,Severely Stressed
2024-11-09 14:00:00,11.97,35.4,95.0,0.5,40.0,5.33,35.8,1,4,2,14,1,5,10,12.26,0.19,-0.11,35.4,Severely Stressed
2024-11-09 14:15:00,11.97,35.4,95.0,0.4,41.7,5.35,35.5,1,4,2,14,1,5,10,12.21,0.18,-0.11,35.4,Severely Stressed
2024-11-09 14:30:00,17.2,35.09,176.0,7.5,34.0,5.46,33.2,5,15,7,14,1,5,10,12.61,1.46,5.07,35.4,Moderately Stressed
2024-11-09 14:45:00,14.05,34.16,112.0,1.8,30.8,5.46,33.2,2,5,2,14,1,5,10,12.74,1.51,1.8,35.4,Moderately Stressed
2024-11-09 15:00:00,13.6,33.2,99.0,1.8,30.8,5.48,32.2,2,5,2,15,1,5,10,12.84,1.53,1.63,35.4,Moderately Stressed
2024-11-09 15:15:00,13.6,33.2,99.0,1.6,28.6,5.61,30.1,12,35,17,15,1,5,10,12.94,1.53,1.63,35.4,Moderately Stressed
2024-11-09 15:30:00,16.75,31.83,138.0,0.8,28.6,5.66,27.9,13,38,19,15,1,5,10,13.32,1.86,-0.45,35.4,Moderately Stressed
2024-11-09 15:45:00,16.75,31.83,138.0,0.8,29.0,5.66,27.9,12,34,17,15,1,5,10,13.7,2.06,2.7,35.4,Moderately Stressed
2024-11-09 16:00:00,16.75,31.83,138.0,0.8,29.0,5.7,29.2,10,29,14,16,1,5,10,14.09,2.17,3.15,35.4,Moderately Stressed
2024-11-09 16:15:00,16.64,31.59,126.0,0.8,28.9,5.65,28.4,12,35,17,16,1,5,10,14.47,2.18,3.04,35.4,Moderately Stressed
2024-11-09 16:30:00,16.64,31.59,126.0,0.8,29.8,5.8,28.5,11,32,16,16,1,5,10,14.85,2.13,-0.11,35.4,Moderately Stressed
2024-11-09 16:45:00,16.47,31.44,121.0,0.6,30.0,5.8,28.5,11,31,15,16,1,5,10,15.2,2.01,-0.28,35.4,Moderately Stressed
2024-11-09 17:00:00,16.58,30.99,114.0,0.6,30.0,5.87,28.2,9,25,12,17,1,5,10,15.58,1.76,-0.17,35.4,Moderately Stressed
2024-11-09 17:15:00,16.58,30.99,114.0,0.7,26.4,5.94,27.7,8,24,12,17,1,5,10,15.97,1.35,-0.06,35.09,Moderately Stressed
2024-11-09 17:30:00,16.23,29.76,105.0,0.9,24.4,5.95,27.5,6,18,9,17,1,5,10,15.89,1.3,-0.41,34.16,Moderately Stressed
2024-11-09 17:45:00,16.23,29.76,105.0,1.6,23.3,5.95,27.5,5,15,7,17,1,5,10,16.07,1.17,-0.24,33.2,Moderately Stressed
2024-11-09 18:00:00,16.23,29.76,105.0,1.6,23.3,5.97,27.1,5,14,7,18,1,5,10,16.29,0.87,-0.35,33.2,Moderately Stressed
2024-11-09 18:15:00,16.23,29.76,105.0,2.2,23.0,5.99,26.8,4,13,6,18,1,5,10,16.51,0.22,-0.35,31.83,Moderately Stressed
2024-11-09 18:30:00,14.27,28.27,73.0,2.1,22.4,6.01,26.5,4,12,6,18,1,5,10,16.3,0.67,-1.96,31.83,Moderately Stressed
2024-11-09 18:45:00,14.27,28.27,73.0,2.5,22.2,6.01,26.5,4,11,5,18,1,5,10,16.09,0.87,-1.96,31.83,Moderately Stressed
2024-11-09 19:00:00,14.26,27.86,72.0,2.5,22.2,6.02,26.2,4,11,5,19,0,5,10,15.89,0.99,-1.97,31.59,Moderately Stressed
2024-11-09 19:15:00,14.26,27.86,72.0,2.8,22.1,6.04,25.8,3,11,5,19,0,5,10,15.69,1.06,-1.97,31.59,Moderately Stressed
2024-11-09 19:30:00,14.15,27.49,71.0,2.8,21.8,6.05,25.5,3,10,5,19,0,5,10,15.48,1.1,-0.12,31.44,Moderately Stressed
2024-11-09 19:45:00,14.08,27.12,70.0,2.4,21.7,6.05,25.5,3,10,5,19,0,5,10,15.28,1.12,-0.19,30.99,Moderately Stressed
2024-11-09 20:00:00,14.01,26.79,70.0,2.4,21.7,6.05,25.3,3,9,4,20,0,5,10,15.07,1.1,-0.25,30.99,Moderately Stressed
2024-11-09 20:15:00,14.01,26.79,70.0,3.6,21.0,6.06,24.9,3,9,4,20,0,5,10,14.85,1.02,-0.25,29.76,Moderately Stressed
2024-11-09 20:30:00,13.95,26.47,69.0,3.6,20.8,6.07,24.7,3,9,4,20,0,5,10,14.66,0.95,-0.2,29.76,Moderately Stressed
2024-11-09 20:45:00,13.94,26.17,69.0,4.1,20.5,6.07,24.7,3,9,4,20,0,5,10,14.47,0.83,-0.14,29.76,Moderately Stressed
2024-11-09 21:00:00,13.93,25.86,69.0,4.1,20.5,6.07,24.4,3,9,4,21,0,5,10,14.28,0.63,-0.08,29.76,Moderately Stressed
2024-11-09 21:15:00,13.93,25.86,69.0,3.2,20.1,6.08,24.2,3,8,4,21,0,5,10,14.09,0.15,-0.08,28.27,Moderately Stressed
2024-11-09 21:30:00,13.88,25.58,69.0,4.6,20.0,6.08,24.0,3,8,4,21,0,5,10,14.06,0.14,-0.07,28.27,Moderately Stressed
2024-11-09 21:45:00,14.0,25.36,72.0,5.0,20.0,6.08,24.0,3,8,4,21,0,5,10,14.03,0.13,0.06,27.86,Moderately Stressed
2024-11-09 22:00:00,13.92,25.14,72.0,5.0,20.0,6.09,23.7,2,8,4,22,0,5,10,14.0,0.11,-0.01,27.86,Moderately Stressed
2024-11-09 22:15:00,13.92,25.14,72.0,4.6,19.9,6.09,23.6,2,8,4,22,0,5,10,13.98,0.08,-0.01,27.49,Moderately Stressed
2024-11-09 22:30:00,13.79,24.93,68.0,4.8,19.8,6.08,23.4,2,8,4,22,0,5,10,13.95,0.07,-0.09,27.12,Moderately Stressed
2024-11-09 22:45:00,13.73,24.73,68.0,5.2,19.8,6.08,23.4,2,8,4,22,0,5,10,13.92,0.08,-0.27,26.79,Moderately Stressed
2024-11-09 23:00:00,13.71,24.56,68.0,5.2,19.8,6.08,23.3,2,8,4,23,0,5,10,13.89,0.1,-0.21,26.79,Moderately Stressed
2024-11-09 23:15:00,13.71,24.56,68.0,5.1,19.7,6.07,23.1,2,7,3,23,0,5,10,13.87,0.1,-0.21,26.47,Moderately Stressed
2024-11-09 23:30:00,13.68,24.42,68.0,5.8,19.6,6.07,23.0,2,7,3,23,0,5,10,13.84,0.11,-0.11,26.17,Moderately Stressed
2024-11-09 23:45:00,13.65,24.24,68.0,5.6,19.6,6.07,23.0,2,7,3,23,0,5,10,13.82,0.12,-0.08,25.86,Moderately Stressed
2024-11-10 00:00:00,13.65,24.1,68.0,5.6,19.6,6.07,22.9,2,7,3,0,0,6,10,13.8,0.13,-0.06,25.86,Moderately Stressed
2024-11-10 00:15:00,13.65,24.1,68.0,6.3,19.6,6.06,22.8,2,7,3,0,0,6,10,13.77,0.12,-0.06,25.58,Moderately Stressed
2024-11-10 00:30:00,13.63,23.95,68.0,5.8,19.5,6.06,22.6,2,7,3,0,0,6,10,13.75,0.13,-0.05,25.36,Moderately Stressed
2024-11-10 00:45:00,13.64,23.81,69.0,7.2,19.5,6.06,22.6,2,7,3,0,0,6,10,13.72,0.1,-0.01,25.14,Moderately Stressed
2024-11-10 01:00:00,13.62,23.66,69.0,7.2,19.5,6.06,22.5,2,7,3,1,0,6,10,13.7,0.09,-0.03,25.14,Moderately Stressed
2024-11-10 01:15:00,13.62,23.66,69.0,7.2,19.4,6.07,22.3,2,7,3,1,0,6,10,13.67,0.05,-0.03,24.93,Moderately Stressed
2024-11-10 01:30:00,13.77,23.52,78.0,7.6,19.2,6.07,22.1,2,7,3,1,0,6,10,13.67,0.05,0.14,24.73,Moderately Stressed
2024-11-10 01:45:00,13.73,23.39,77.0,9.0,18.8,6.07,22.1,2,7,3,1,0,6,10,13.67,0.05,0.09,24.56,Moderately Stressed
2024-11-10 02:00:00,13.71,23.22,77.0,9.0,18.8,6.07,22.0,2,7,3,2,0,6,10,13.67,0.05,0.09,24.56,Moderately Stressed
2024-11-10 02:15:00,13.71,23.22,77.0,9.0,18.7,6.07,21.8,2,7,3,2,0,6,10,13.67,0.05,0.09,24.42,Moderately Stressed
2024-11-10 02:30:00,13.67,23.09,77.0,10.7,18.5,6.06,21.7,2,7,3,2,0,6,10,13.67,0.05,-0.1,24.24,Moderately Stressed
2024-11-10 02:45:00,13.71,22.95,77.0,11.2,18.4,6.06,21.7,2,6,3,2,0,6,10,13.68,0.05,-0.02,24.1,Moderately Stressed
2024-11-10 03:00:00,13.69,22.81,77.0,11.2,18.4,6.06,21.6,2,7,3,3,0,6,10,13.68,0.05,-0.02,24.1,Moderately Stressed
2024-11-10 03:15:00,13.69,22.81,77.0,13.6,18.3,6.06,21.4,2,6,3,3,0,6,10,13.68,0.05,-0.02,23.95,Moderately Stressed
2024-11-10 03:30:00,13.68,22.68,76.0,27.3,18.1,6.07,21.4,2,6,3,3,0,6,10,13.69,0.04,0.01,23.81,Moderately Stressed
2024-11-10 03:45:00,13.66,22.57,77.0,34.7,18.4,6.07,21.4,2,7,3,3,0,6,10,13.69,0.04,-0.05,23.66,Moderately Stressed
2024-11-10 04:00:00,13.64,22.48,77.0,34.7,18.4,6.05,21.3,2,7,3,4,0,6,10,13.69,0.04,-0.05,23.66,Moderately Stressed
2024-11-10 04:15:00,13.64,22.48,77.0,30.7,18.4,6.06,21.3,2,7,3,4,0,6,10,13.69,0.04,-0.05,23.52,Moderately Stressed
2024-11-10 04:30:00,13.61,22.37,77.0,34.6,18.4,6.05,21.2,2,6,3,4,0,6,10,13.68,0.04,-0.07,23.39,Moderately Stressed
2024-11-10 04:45:00,13.6,22.33,77.0,21.0,18.8,6.05,21.2,2,6,3,4,0,6,10,13.67,0.04,-0.06,23.22,Moderately Stressed
2024-11-10 05:00:00,13.59,22.34,77.0,21.0,18.8,6.05,21.3,2,6,3,5,0,6,10,13.66,0.04,-0.05,23.22,Moderately Stressed
2024-11-10 05:15:00,13.59,22.34,77.0,17.2,19.3,6.05,21.5,2,6,3,5,0,6,10,13.65,0.04,-0.05,23.09,Moderately Stressed
2024-11-10 05:30:00,13.56,22.37,77.0,30.0,19.3,6.04,21.5,2,7,3,5,0,6,10,13.64,0.05,-0.05,22.95,Moderately Stressed
2024-11-10 05:45:00,13.51,22.37,77.0,46.5,19.3,6.04,21.5,2,7,3,5,0,6,10,13.62,0.06,-0.09,22.81,Moderately Stressed
2024-11-10 06:00:00,13.5,22.36,77.0,46.5,19.3,6.04,21.5,2,7,3,6,1,6,10,13.61,0.06,-0.09,22.81,Moderately Stressed
2024-11-10 06:15:00,13.5,22.36,77.0,59.3,19.2,6.04,21.4,2,6,3,6,1,6,10,13.59,0.06,-0.09,22.68,Moderately Stressed
2024-11-10 06:30:00,13.5,22.27,76.0,58.8,18.9,6.04,21.3,2,6,3,6,1,6,10,13.58,0.06,-0.06,22.57,Moderately Stressed
2024-11-10 06:45:00,13.48,22.17,76.0,50.7,18.7,6.04,21.3,2,7,3,6,1,6,10,13.56,0.06,-0.03,22.48,Moderately Stressed
2024-11-10 07:00:00,13.59,22.1,78.0,50.7,18.7,6.04,21.1,2,7,3,7,1,6,10,13.56,0.05,0.09,22.48,Moderately Stressed
2024-11-10 07:15:00,13.59,22.1,78.0,22.7,19.2,6.03,21.3,2,7,3,7,1,6,10,13.55,0.05,0.09,22.37,Moderately Stressed
2024-11-10 07:30:00,13.72,22.16,79.0,8.2,20.6,6.02,21.6,2,7,3,7,1,6,10,13.56,0.07,0.22,22.37,Moderately Stressed
2024-11-10 07:45:00,13.61,22.27,79.0,2.7,25.3,6.02,21.6,2,7,3,7,1,6,10,13.56,0.07,0.13,22.37,Moderately Stressed
2024-11-10 08:00:00,13.47,22.97,80.0,2.7,25.3,5.97,22.6,2,8,4,8,1,6,10,13.55,0.07,-0.12,22.97,Moderately Stressed
2024-11-10 08:15:00,13.47,22.97,80.0,2.1,28.5,5.9,24.0,2,8,4,8,1,6,10,13.54,0.07,-0.12,22.97,Moderately Stressed
2024-11-10 08:30:00,13.3,23.71,81.0,1.9,29.4,5.84,25.1,2,6,3,8,1,6,10,13.52,0.1,-0.42,23.71,Moderately Stressed
2024-11-10 08:45:00,12.79,24.41,78.0,1.6,31.1,5.84,25.1,2,7,3,8,1,6,10,13.46,0.23,-0.82,24.41,Severely Stressed
2024-11-10 09:00:00,12.56,24.92,75.0,1.6,31.1,5.75,26.5,2,7,3,9,1,6,10,13.38,0.35,-0.91,24.92,Severely Stressed
2024-11-10 09:15:00,12.56,24.92,75.0,1.4,30.3,5.69,27.3,2,7,3,9,1,6,10,13.3,0.42,-0.91,24.92,Severely Stressed
2024-11-10 09:30:00,12.61,25.46,79.0,1.3,31.7,5.59,29.2,2,7,3,9,1,6,10,13.23,0.46,-0.69,25.46,Severely Stressed
2024-11-10 09:45:00,12.29,26.4,76.0,1.3,31.4,5.59,29.2,2,7,3,9,1,6,11,13.13,0.52,-0.5,26.4,Severely Stressed
2024-11-10 10:00:00,12.05,27.44,77.0,1.3,31.4,5.53,30.3,2,7,3,10,1,6,11,13.0,0.58,-0.51,27.44,Severely Stressed
2024-11-10 10:15:00,12.05,27.44,77.0,1.1,31.9,5.49,31.0,2,7,3,10,1,6,11,12.87,0.61,-0.51,27.44,Severely Stressed
2024-11-10 10:30:00,12.0,28.37,77.0,1.0,33.1,5.42,32.3,2,7,3,10,1,6,11,12.73,0.6,-0.61,28.37,Severely Stressed
2024-11-10 10:45:00,11.76,29.54,77.0,0.8,34.1,5.42,32.3,2,7,3,10,1,6,11,12.58,0.59,-0.53,29.54,Severely Stressed
2024-11-10 11:00:00,11.9,30.0,77.0,0.8,34.1,5.42,32.4,2,7,3,11,1,6,11,12.44,0.54,-0.15,30.0,Severely Stressed
2024-11-10 11:15:00,11.9,30.0,77.0,0.9,33.5,5.38,33.0,2,8,4,11,1,6,11,12.31,0.46,-0.15,30.0,Severely Stressed
2024-11-10 11:30:00,11.72,30.83,77.0,0.7,34.9,5.36,33.1,2,7,3,11,1,6,11,12.18,0.37,-0.28,30.83,Severely Stressed
2024-11-10 11:45:00,11.73,31.38,76.0,0.7,35.1,5.36,33.1,2,7,3,11,1,6,11,12.09,0.33,-0.03,31.38,Severely Stressed
2024-11-10 12:00:00,11.68,32.15,76.0,0.7,35.1,5.31,34.1,2,7,3,12,1,6,11,12.02,0.32,-0.22,32.15,Severely Stressed
2024-11-10 12:15:00,11.68,32.15,76.0,0.6,35.6,5.27,34.8,2,7,3,12,1,6,11,11.95,0.28,-0.22,32.15,Severely Stressed
2024-11-10 12:30:00,11.48,32.82,76.0,0.5,40.4,5.21,35.7,2,7,3,12,1,6,11,11.85,0.22,-0.24,32.82,Severely Stressed
2024-11-10 12:45:00,11.48,32.82,76.0,0.4,40.4,5.21,35.7,2,7,3,12,1,6,11,11.79,0.2,-0.25,32.82,Severely Stressed
2024-11-10 13:00:00,11.43,33.62,76.0,0.4,40.4,5.22,35.4,2,7,3,13,1,6,11,11.73,0.2,-0.25,33.62,Severely Stressed
2024-11-10 13:15:00,11.43,33.62,76.0,0.5,42.4,5.2,35.5,2,7,3,13,1,6,11,11.68,0.19,-0.25,33.62,Severely Stressed
2024-11-10 13:30:00,11.42,33.83,76.0,0.5,42.2,5.17,36.0,2,7,3,13,1,6,11,11.63,0.18,-0.06,33.83,Severely Stressed
2024-11-10 13:45:00,11.42,34.17,76.0,0.5,42.6,5.17,36.0,2,7,3,13,1,6,11,11.61,0.18,-0.06,34.17,Severely Stressed
2024-11-10 14:00:00,11.46,33.94,76.0,0.5,42.6,5.19,35.1,2,7,3,14,1,6,11,11.57,0.16,0.03,34.17,Severely Stressed
2024-11-10 14:15:00,11.46,33.94,76.0,0.4,38.8,5.21,34.2,2,7,3,14,1,6,11,11.53,0.13,0.03,34.17,Severely Stressed
2024-11-10 14:30:00,11.46,33.81,76.0,0.5,40.7,5.19,33.8,2,7,3,14,1,6,11,11.51,0.11,0.04,34.17,Severely Stressed
2024-11-10 14:45:00,11.61,33.44,75.0,0.3,36.5,5.19,33.8,2,7,3,14,1,6,11,11.5,0.1,0.19,34.17,Severely Stressed
2024-11-10 15:00:00,11.66,32.76,75.0,0.3,36.5,5.2,32.9,2,6,3,15,1,6,11,11.5,0.09,0.2,34.17,Severely Stressed
2024-11-10 15:15:00,11.66,32.76,75.0,0.4,33.2,5.2,32.5,2,6,3,15,1,6,11,11.5,0.09,0.2,34.17,Severely Stressed
2024-11-10 15:30:00,11.75,32.25,74.0,0.4,31.5,5.21,31.5,2,6,3,15,1,6,11,11.52,0.12,0.29,34.17,Severely Stressed
2024-11-10 15:45:00,11.7,31.82,74.0,0.4,31.9,5.21,31.5,2,6,3,15,1,6,11,11.54,0.13,0.09,34.17,Severely Stressed
2024-11-10 16:00:00,11.7,31.82,74.0,0.4,31.9,5.17,31.9,2,5,2,16,1,6,11,11.56,0.13,0.04,34.17,Severely Stressed
2024-11-10 16:15:00,11.47,32.02,74.0,0.5,32.0,5.17,31.7,2,6,3,16,1,6,11,11.56,0.13,-0.19,34.17,Severely Stressed
2024-11-10 16:30:00,11.47,32.02,74.0,0.5,34.9,5.18,31.2,2,6,3,16,1,6,11,11.57,0.12,-0.28,34.17,Severely Stressed
2024-11-10 16:45:00,11.51,31.81,74.0,0.4,32.9,5.18,31.2,2,6,3,16,1,6,11,11.58,0.11,-0.19,33.94,Severely Stressed
2024-11-10 17:00:00,11.73,31.32,74.0,0.4,32.9,5.22,30.6,2,6,3,17,1,6,11,11.6,0.12,0.03,33.94,Severely Stressed
2024-11-10 17:15:00,11.73,31.32,74.0,0.5,29.3,5.27,29.6,2,6,3,17,1,6,11,11.62,0.11,0.26,33.81,Severely Stressed
2024-11-10 17:30:00,11.96,29.9,73.0,0.7,26.3,5.33,28.7,2,6,3,17,1,6,11,11.66,0.14,0.49,33.44,Severely Stressed
2024-11-10 17:45:00,11.96,29.9,73.0,0.9,24.6,5.33,28.7,2,6,3,17,1,6,11,11.69,0.16,0.45,32.76,Severely Stressed
2024-11-10 18:00:00,11.99,29.29,73.0,0.9,24.6,5.41,28.0,2,5,2,18,1,6,11,11.72,0.18,0.26,32.76,Severely Stressed
2024-11-10 18:15:00,11.99,29.29,73.0,1.1,23.6,5.5,27.4,2,5,2,18,1,6,11,11.75,0.2,0.26,32.25,Severely Stressed
2024-11-10 18:30:00,12.03,28.7,72.0,1.5,22.9,5.57,26.9,2,5,2,18,1,6,11,11.77,0.21,0.07,32.02,Severely Stressed
2024-11-10 18:45:00,12.08,28.25,72.0,1.4,22.5,5.57,26.9,1,3,1,18,1,6,11,11.8,0.23,0.12,32.02,Severely Stressed
2024-11-10 19:00:00,12.09,27.82,72.0,1.4,22.5,5.63,26.4,1,3,1,19,0,6,11,11.83,0.24,0.1,32.02,Severely Stressed
2024-11-10 19:15:00,12.09,27.82,72.0,1.5,22.1,5.67,26.0,1,3,1,19,0,6,11,11.89,0.22,0.1,32.02,Severely Stressed
2024-11-10 19:30:00,12.11,27.43,72.0,1.6,21.9,5.71,25.6,1,3,1,19,0,6,11,11.94,0.19,0.08,31.81,Severely Stressed
2024-11-10 19:45:00,12.14,27.06,72.0,1.7,21.8,5.71,25.6,1,3,1,19,0,6,11,11.99,0.14,0.06,31.32,Severely Stressed
2024-11-10 20:00:00,12.14,27.06,72.0,1.7,21.8,5.75,25.3,1,3,1,20,0,6,11,12.03,0.11,0.05,31.32,Severely Stressed
2024-11-10 20:15:00,12.17,26.42,72.0,1.9,21.5,5.78,25.0,1,3,1,20,0,6,11,12.06,0.07,0.08,29.9,Severely Stressed
2024-11-10 20:30:00,12.17,26.42,72.0,1.9,21.1,5.8,24.7,1,3,1,20,0,6,11,12.08,0.07,0.06,29.9,Severely Stressed
2024-11-10 20:45:00,12.18,26.16,71.0,2.8,20.7,5.8,24.7,1,3,1,20,0,6,11,12.1,0.07,0.04,29.29,Severely Stressed
2024-11-10 21:00:00,12.21,25.86,71.0,2.8,20.7,5.82,24.4,1,3,1,21,0,6,11,12.12,0.06,0.07,29.29,Severely Stressed
2024-11-10 21:15:00,12.21,25.86,71.0,2.9,20.6,5.85,24.2,1,3,1,21,0,6,11,12.14,0.06,0.04,28.7,Severely Stressed
2024-11-10 21:30:00,12.21,25.59,71.0,3.2,20.4,5.86,24.0,1,3,1,21,0,6,11,12.15,0.05,0.04,28.25,Severely Stressed
2024-11-10 21:45:00,12.21,25.36,72.0,3.8,20.3,5.86,24.0,1,3,1,21,0,6,11,12.16,0.05,0.03,27.82,Severely Stressed
2024-11-10 22:00:00,12.21,25.15,72.0,3.8,20.3,5.87,23.8,1,3,1,22,0,6,11,12.17,0.04,0.0,27.82,Severely Stressed
2024-11-10 22:15:00,12.21,25.15,72.0,3.8,20.2,5.89,23.6,1,3,1,22,0,6,11,12.18,0.04,0.0,27.43,Severely Stressed
2024-11-10 22:30:00,12.22,24.97,72.0,3.0,20.1,5.89,23.5,1,3,1,22,0,6,11,12.19,0.03,0.01,27.06,Severely Stressed
2024-11-10 22:45:00,12.22,24.97,72.0,3.0,20.3,5.89,23.5,1,3,1,22,0,6,11,12.2,0.03,0.01,27.06,Severely Stressed
2024-11-10 23:00:00,12.21,24.65,72.0,3.0,20.3,5.9,23.4,1,3,1,23,0,6,11,12.2,0.02,0.0,26.42,Severely Stressed
2024-11-10 23:15:00,12.21,24.65,72.0,3.6,20.1,5.91,23.2,1,3,1,23,0,6,11,12.21,0.02,0.0,26.42,Severely Stressed
2024-11-10 23:30:00,12.25,24.48,72.0,3.6,20.2,5.92,23.0,1,3,1,23,0,6,11,12.21,0.02,0.03,26.16,Severely Stressed
2024-11-10 23:45:00,12.24,24.32,72.0,5.2,19.6,5.92,23.0,1,3,1,23,0,6,11,12.22,0.01,0.02,25.86,Severely Stressed
2024-11-11 00:00:00,12.26,24.13,72.0,5.2,19.6,5.92,22.8,1,3,1,0,0,0,11,12.22,0.02,0.05,25.86,Severely Stressed
2024-11-11 00:15:00,12.26,24.13,72.0,4.6,19.6,5.92,22.6,1,3,1,0,0,0,11,12.23,0.02,0.05,25.59,Severely Stressed
2024-11-11 00:30:00,12.26,23.98,72.0,6.4,19.2,5.92,22.5,1,3,1,0,0,0,11,12.23,0.02,0.01,25.36,Severely Stressed
2024-11-11 00:45:00,12.27,23.81,72.0,4.8,19.5,5.92,22.5,1,3,1,0,0,0,11,12.24,0.02,0.03,25.15,Severely Stressed
2024-11-11 01:00:00,12.29,23.65,72.0,4.8,19.5,5.93,22.4,1,3,1,1,0,0,11,12.24,0.03,0.03,25.15,Severely Stressed
2024-11-11 01:15:00,12.29,23.65,72.0,8.2,19.1,5.93,22.2,1,3,1,1,0,0,11,12.25,0.03,0.03,24.97,Severely Stressed
2024-11-11 01:30:00,12.29,23.51,72.0,6.2,19.3,5.93,22.1,1,3,1,1,0,0,11,12.25,0.03,0.03,24.97,Severely Stressed
2024-11-11 01:45:00,12.29,23.4,72.0,7.6,19.3,5.93,22.1,1,3,1,1,0,0,11,12.26,0.03,0.02,24.65,Severely Stressed
2024-11-11 02:00:00,12.3,23.29,72.0,7.6,19.3,5.93,22.0,1,3,1,2,0,0,11,12.27,0.03,0.01,24.65,Severely Stressed
2024-11-11 02:15:00,12.3,23.29,72.0,8.8,19.2,5.94,21.9,1,3,1,2,0,0,11,12.28,0.02,0.01,24.48,Severely Stressed
2024-11-11 02:30:00,12.29,23.19,72.0,8.9,19.2,5.93,21.8,1,3,1,2,0,0,11,12.28,0.02,0.0,24.32,Severely Stressed
2024-11-11 02:45:00,12.29,23.07,72.0,11.0,19.0,5.93,21.8,1,3,1,2,0,0,11,12.28,0.02,0.0,24.13,Severely Stressed
2024-11-11 03:00:00,12.3,22.94,72.0,11.0,19.0,5.92,21.7,1,3,1,3,0,0,11,12.29,0.01,0.0,24.13,Severely Stressed
2024-11-11 03:15:00,12.3,22.94,72.0,11.4,18.9,5.93,21.6,1,3,1,3,0,0,11,12.29,0.01,0.0,23.98,Severely Stressed
2024-11-11 03:30:00,12.3,22.79,72.0,15.9,18.7,5.93,21.4,1,3,1,3,0,0,11,12.29,0.01,0.01,23.81,Severely Stressed
2024-11-11 03:45:00,12.42,22.68,72.0,32.7,18.1,5.93,21.4,1,3,1,3,0,0,11,12.3,0.04,0.13,23.65,Severely Stressed
2024-11-11 04:00:00,12.43,22.54,73.0,32.7,18.1,5.92,21.2,1,3,1,4,0,0,11,12.32,0.05,0.13,23.65,Severely Stressed
2024-11-11 04:15:00,12.43,22.54,73.0,44.0,18.3,5.93,21.1,1,3,1,4,0,0,11,12.33,0.06,0.13,23.51,Severely Stressed
2024-11-11 04:30:00,12.44,22.41,73.0,46.5,18.3,5.93,21.1,1,3,1,4,0,0,11,12.34,0.07,0.14,23.4,Severely Stressed
2024-11-11 04:45:00,12.42,22.3,73.0,48.6,18.3,5.93,21.1,1,3,1,4,0,0,11,12.35,0.07,0.0,23.29,Severely Stressed
2024-11-11 05:00:00,12.44,22.19,73.0,48.6,18.3,5.93,20.9,1,3,1,5,0,0,11,12.36,0.07,0.01,23.29,Severely Stressed
2024-11-11 05:15:00,12.44,22.19,73.0,50.1,18.1,5.93,20.8,1,3,1,5,0,0,11,12.38,0.07,0.01,23.19,Severely Stressed
2024-11-11 05:30:00,12.45,22.08,73.0,48.4,18.0,5.93,20.7,1,3,1,5,0,0,11,12.39,0.07,0.01,23.07,Severely Stressed
2024-11-11 05:45:00,12.45,21.97,73.0,44.0,18.0,5.93,20.7,1,3,1,5,0,0,11,12.4,0.06,0.03,22.94,Severely Stressed
2024-11-11 06:00:00,12.45,21.9,73.0,44.0,18.0,5.93,20.6,1,3,1,6,1,0,11,12.41,0.05,0.01,22.94,Severely Stressed
2024-11-11 06:15:00,12.45,21.9,73.0,33.5,18.0,5.93,20.6,1,3,1,6,1,0,11,12.43,0.04,0.01,22.79,Severely Stressed
2024-11-11 06:30:00,12.45,21.83,73.0,27.4,18.1,5.93,20.6,1,3,1,6,1,0,11,12.44,0.01,0.0,22.68,Severely Stressed
2024-11-11 06:45:00,12.49,21.77,73.0,17.7,18.8,5.93,20.6,1,3,1,6,1,0,11,12.44,0.02,0.04,22.54,Severely Stressed
2024-11-11 07:00:00,12.46,21.86,74.0,17.7,18.8,5.92,20.8,1,3,1,7,1,0,11,12.45,0.02,0.01,22.54,Severely Stressed
2024-11-11 07:15:00,12.46,21.86,74.0,11.4,19.8,5.9,21.2,1,3,1,7,1,0,11,12.45,0.02,0.01,22.41,Severely Stressed
2024-11-11 07:30:00,12.46,21.98,74.0,6.5,21.4,5.89,21.6,1,3,1,7,1,0,11,12.45,0.02,0.01,22.3,Severely Stressed
2024-11-11 07:45:00,12.45,22.22,76.0,3.3,23.5,5.89,21.6,1,3,1,7,1,0,11,12.45,0.01,-0.04,22.22,Severely Stressed
2024-11-11 08:00:00,12.42,22.68,76.0,3.3,23.5,5.86,22.4,1,3,1,8,1,0,11,12.45,0.02,-0.04,22.68,Severely Stressed
2024-11-11 08:15:00,12.42,22.68,76.0,2.4,26.1,5.82,23.3,1,3,1,8,1,0,11,12.45,0.02,-0.04,22.68,Severely Stressed
2024-11-11 08:30:00,12.2,23.26,76.0,1.9,28.5,5.75,24.7,1,3,1,8,1,0,11,12.43,0.07,-0.26,23.26,Severely Stressed
2024-11-11 08:45:00,12.11,23.91,76.0,1.7,29.5,5.75,24.7,1,3,1,8,1,0,11,12.4,0.12,-0.34,23.91,Severely Stressed
2024-11-11 09:00:00,11.96,24.32,76.0,1.7,29.5,5.69,25.7,1,3,1,9,1,0,11,12.36,0.17,-0.46,24.32,Severely Stressed
2024-11-11 09:15:00,11.96,24.32,76.0,1.4,31.9,5.58,27.4,1,3,1,9,1,0,11,12.32,0.2,-0.46,24.32,Severely Stressed
2024-11-11 09:30:00,11.88,25.04,76.0,1.4,34.3,5.58,27.4,1,3,1,9,1,0,11,12.27,0.24,-0.32,25.04,Severely Stressed
2024-11-11 09:45:00,11.72,25.97,76.0,1.1,32.2,5.41,30.0,1,3,1,9,1,0,12,12.21,0.27,-0.39,25.97,Severely Stressed
2024-11-11 10:00:00,11.65,26.78,76.0,1.1,32.2,5.41,30.0,1,3,1,10,1,0,12,12.14,0.3,-0.31,26.78,Severely Stressed
2024-11-11 10:15:00,11.65,26.78,76.0,1.1,33.6,5.36,31.0,1,3,1,10,1,0,12,12.07,0.32,-0.31,26.78,Severely Stressed
2024-11-11 10:30:00,11.6,27.7,76.0,0.9,32.8,5.3,32.2,1,3,1,10,1,0,12,12.0,0.32,-0.28,27.7,Severely Stressed
2024-11-11 10:45:00,11.49,28.69,77.0,1.0,35.5,5.3,32.2,1,3,1,10,1,0,12,11.92,0.32,-0.23,28.69,Severely Stressed
2024-11-11 11:00:00,11.31,29.76,77.0,1.0,35.5,5.27,32.7,1,3,1,11,1,0,12,11.83,0.32,-0.34,29.76,Severely Stressed
2024-11-11 11:15:00,11.31,29.76,77.0,0.9,36.3,5.25,32.8,1,3,1,11,1,0,12,11.74,0.29,-0.34,29.76,Severely Stressed
2024-11-11 11:30:00,11.28,30.61,77.0,0.7,37.1,5.61,30.6,11,31,15,11,1,0,12,11.66,0.28,-0.32,30.61,Severely Stressed
2024-11-11 11:45:00,11.28,30.61,77.0,0.8,36.6,5.61,30.6,7,20,10,11,1,0,12,11.59,0.26,-0.21,30.61,Severely Stressed
2024-11-11 12:00:00,11.28,30.61,77.0,0.8,36.6,5.67,32.6,5,14,7,12,1,0,12,11.53,0.25,-0.03,30.61,Severely Stressed
2024-11-11 12:15:00,12.51,32.16,90.0,0.8,36.9,5.59,33.8,4,11,5,12,1,0,12,11.58,0.36,1.2,32.16,Severely Stressed
2024-11-11 12:30:00,12.51,32.16,90.0,0.5,36.8,5.63,34.2,4,11,5,12,1,0,12,11.63,0.44,1.23,32.16,Severely Stressed
2024-11-11 12:45:00,12.5,32.48,90.0,0.6,38.6,5.63,34.2,5,15,7,12,1,0,12,11.7,0.51,1.22,32.48,Severely Stressed
2024-11-11 13:00:00,12.44,32.59,89.0,0.6,38.6,5.69,33.4,5,14,7,13,1,0,12,11.76,0.55,1.16,32.59,Severely Stressed
2024-11-11 13:15:00,12.44,32.59,89.0,0.4,37.6,5.65,33.9,4,12,6,13,1,0,12,11.83,0.58,-0.07,32.59,Severely Stressed
2024-11-11 13:30:00,12.34,32.88,87.0,0.5,37.2,5.62,34.7,4,12,6,13,1,0,12,11.89,0.6,-0.17,32.88,Severely Stressed
2024-11-11 13:45:00,12.25,33.26,86.0,0.5,36.2,5.62,34.7,4,11,5,13,1,0,12,11.95,0.59,-0.25,33.26,Severely Stressed
2024-11-11 14:00:00,12.29,32.7,86.0,0.5,36.2,5.67,33.5,3,10,5,14,1,0,12,12.04,0.56,-0.15,33.26,Severely Stressed
2024-11-11 14:15:00,12.29,32.7,86.0,0.6,39.3,5.63,33.8,3,10,5,14,1,0,12,12.12,0.51,-0.15,33.26,Severely Stressed
2024-11-11 14:30:00,12.11,33.03,85.0,0.5,39.2,5.62,33.7,3,9,4,14,1,0,12,12.19,0.44,-0.23,33.26,Severely Stressed
2024-11-11 14:45:00,12.09,33.15,84.0,0.4,35.5,5.62,33.7,3,8,4,14,1,0,12,12.25,0.34,-0.16,33.26,Severely Stressed
2024-11-11 15:00:00,12.26,32.48,84.0,0.4,35.5,5.65,32.8,3,8,4,15,1,0,12,12.34,0.15,-0.03,33.26,Severely Stressed
2024-11-11 15:15:00,12.26,32.48,84.0,0.5,33.3,5.65,32.2,2,8,4,15,1,0,12,12.31,0.14,-0.03,33.26,Severely Stressed
2024-11-11 15:30:00,12.29,32.09,83.0,0.6,31.1,5.66,31.6,2,7,3,15,1,0,12,12.3,0.12,0.18,33.26,Severely Stressed
2024-11-11 15:45:00,12.23,31.71,82.0,0.6,31.2,5.66,31.6,2,7,3,15,1,0,12,12.27,0.11,0.14,33.26,Severely Stressed
2024-11-11 16:00:00,12.13,31.42,78.0,0.6,31.2,5.66,31.4,2,7,3,16,1,0,12,12.25,0.1,-0.13,33.26,Severely Stressed
2024-11-11 16:15:00,12.13,31.42,78.0,0.6,30.2,5.69,30.6,2,7,3,16,1,0,12,12.22,0.08,-0.13,33.26,Severely Stressed
2024-11-11 16:30:00,12.14,31.01,77.0,0.6,29.0,5.71,30.3,2,7,3,16,1,0,12,12.21,0.08,-0.15,33.26,Severely Stressed
2024-11-11 16:45:00,12.03,30.84,77.0,0.6,29.0,5.71,30.3,2,7,3,16,1,0,12,12.19,0.09,-0.2,33.15,Severely Stressed
2024-11-11 17:00:00,12.14,30.6,77.0,0.7,28.0,5.73,30.0,2,7,3,17,1,0,12,12.18,0.09,0.01,33.15,Severely Stressed
2024-11-11 17:15:00,12.14,30.6,77.0,0.7,28.0,5.73,30.0,2,7,3,17,1,0,12,12.16,0.08,0.01,33.15,Severely Stressed
2024-11-11 17:30:00,12.24,29.43,75.0,0.9,26.0,5.85,28.4,2,7,3,17,1,0,12,12.17,0.08,0.1,33.15,Severely Stressed
2024-11-11 17:45:00,12.24,29.43,75.0,1.3,24.7,5.85,28.4,2,7,3,17,1,0,12,12.19,0.08,0.21,32.48,Severely Stressed
2024-11-11 18:00:00,12.26,28.9,75.0,1.3,24.7,5.92,27.7,2,7,3,18,1,0,12,12.19,0.08,0.12,32.48,Severely Stressed
2024-11-11 18:15:00,12.26,28.9,75.0,1.4,24.0,5.96,27.2,2,6,3,18,1,0,12,12.19,0.08,0.12,32.09,Severely Stressed
2024-11-11 18:30:00,12.03,28.39,69.0,1.5,23.5,6.0,26.8,2,6,3,18,1,0,12,12.16,0.08,-0.21,31.71,Severely Stressed
2024-11-11 18:45:00,12.03,27.96,69.0,2.2,23.0,6.0,26.8,2,6,3,18,1,0,12,12.15,0.09,-0.21,31.42,Severely Stressed
2024-11-11 19:00:00,12.06,27.55,68.0,2.2,23.0,6.03,26.4,2,6,3,19,0,0,12,12.14,0.09,-0.2,31.42,Severely Stressed
2024-11-11 19:15:00,12.06,27.55,68.0,2.4,22.7,6.04,26.0,2,6,3,19,0,0,12,12.14,0.09,-0.2,31.01,Severely Stressed
2024-11-11 19:30:00,12.06,27.22,68.0,2.4,22.7,6.05,25.7,2,6,3,19,0,0,12,12.13,0.1,0.03,30.84,Severely Stressed
2024-11-11 19:45:00,12.07,26.9,68.0,2.6,22.0,6.05,25.7,2,6,3,19,0,0,12,12.13,0.09,0.04,30.6,Severely Stressed
2024-11-11 20:00:00,12.07,26.9,68.0,2.6,22.0,6.06,25.4,2,6,3,20,0,0,12,12.13,0.1,0.01,30.6,Severely Stressed
2024-11-11 20:15:00,12.07,26.9,68.0,3.0,21.7,6.06,25.3,2,6,3,20,0,0,12,12.12,0.1,0.01,29.43,Severely Stressed
2024-11-11 20:30:00,12.1,26.05,67.0,2.8,21.6,6.08,24.9,2,6,3,20,0,0,12,12.11,0.09,0.04,29.43,Severely Stressed
2024-11-11 20:45:00,12.1,26.05,67.0,3.0,21.5,6.08,24.9,2,6,3,20,0,0,12,12.1,0.08,0.03,28.9,Severely Stressed
2024-11-11 21:00:00,12.1,25.8,67.0,3.0,21.5,6.08,24.6,2,6,3,21,0,0,12,12.08,0.06,0.03,28.9,Severely Stressed
2024-11-11 21:15:00,12.1,25.8,67.0,3.0,21.3,6.08,24.5,2,6,3,21,0,0,12,12.07,0.03,0.03,28.39,Severely Stressed
2024-11-11 21:30:00,12.1,25.6,67.0,2.2,21.6,6.09,24.5,2,6,3,21,0,0,12,12.08,0.02,0.0,27.96,Severely Stressed
2024-11-11 21:45:00,12.1,25.49,67.0,2.3,21.9,6.09,24.5,2,5,2,21,0,0,12,12.08,0.02,0.0,27.55,Severely Stressed
2024-11-11 22:00:00,12.09,25.39,67.0,2.3,21.9,6.08,24.4,2,6,3,22,0,0,12,12.08,0.02,-0.01,27.55,Severely Stressed
2024-11-11 22:15:00,12.09,25.39,67.0,2.4,21.8,6.08,24.3,2,6,3,22,0,0,12,12.09,0.02,-0.01,27.22,Severely Stressed
2024-11-11 22:30:00,12.11,25.25,67.0,2.8,21.7,6.08,24.2,2,6,3,22,0,0,12,12.09,0.01,0.01,26.9,Severely Stressed
2024-11-11 22:45:00,12.1,25.14,67.0,2.2,21.7,6.08,24.2,2,6,3,22,0,0,12,12.09,0.01,0.0,26.9,Severely Stressed
2024-11-11 23:00:00,12.08,24.97,67.0,2.2,21.7,6.09,24.0,2,6,3,23,0,0,12,12.1,0.01,-0.01,26.9,Severely Stressed
2024-11-11 23:15:00,12.08,24.97,67.0,2.8,21.5,6.1,23.8,2,6,3,23,0,0,12,12.1,0.01,-0.01,26.05,Severely Stressed
2024-11-11 23:30:00,12.07,24.83,67.0,4.6,20.9,6.1,23.6,2,6,3,23,0,0,12,12.09,0.01,-0.04,26.05,Severely Stressed
2024-11-11 23:45:00,12.07,24.63,67.0,3.8,21.0,6.1,23.6,2,6,3,23,0,0,12,12.09,0.01,-0.03,25.8,Severely Stressed
2024-11-12 00:00:00,12.07,24.51,67.0,3.8,21.0,6.1,23.5,2,6,3,0,0,1,12,12.09,0.01,-0.01,25.8,Severely Stressed
2024-11-12 00:15:00,12.07,24.51,67.0,3.5,21.0,6.1,23.4,2,6,3,0,0,1,12,12.09,0.01,-0.01,25.6,Severely Stressed
2024-11-12 00:30:00,12.05,24.42,67.0,3.8,21.4,6.09,23.4,2,6,3,0,0,1,12,12.08,0.02,-0.02,25.49,Severely Stressed
2024-11-12 00:45:00,12.01,24.35,66.0,3.6,21.5,6.09,23.4,2,6,3,0,0,1,12,12.07,0.03,-0.06,25.39,Severely Stressed
2024-11-12 01:00:00,12.01,24.32,67.0,3.6,21.5,6.08,23.5,2,6,3,1,0,1,12,12.07,0.03,-0.06,25.39,Severely Stressed
2024-11-12 01:15:00,12.01,24.32,67.0,3.7,21.4,6.07,23.5,2,5,2,1,0,1,12,12.06,0.03,-0.06,25.25,Severely Stressed
2024-11-12 01:30:00,11.99,24.31,67.0,3.6,21.8,6.07,23.5,2,6,3,1,0,1,12,12.05,0.04,-0.06,25.14,Severely Stressed
2024-11-12 01:45:00,12.01,24.3,67.0,3.6,21.9,6.07,23.5,2,5,2,1,0,1,12,12.04,0.03,0.0,24.97,Severely Stressed
2024-11-12 02:00:00,12.01,24.28,67.0,3.6,21.9,6.07,23.6,2,5,2,2,0,1,12,12.04,0.03,0.0,24.97,Severely Stressed
2024-11-12 02:15:00,12.01,24.28,67.0,4.2,21.7,6.06,23.5,2,5,2,2,0,1,12,12.03,0.03,0.0,24.83,Severely Stressed
2024-11-12 02:30:00,12.02,24.22,67.0,4.9,21.7,6.05,23.5,2,5,2,2,0,1,12,12.03,0.03,0.03,24.63,Severely Stressed
2024-11-12 02:45:00,12.0,24.21,67.0,4.4,21.7,6.05,23.5,2,5,2,2,0,1,12,12.02,0.03,-0.01,24.51,Severely Stressed
2024-11-12 03:00:00,11.99,24.15,67.0,4.4,21.7,6.05,23.4,2,5,2,3,0,1,12,12.02,0.02,-0.02,24.51,Severely Stressed
2024-11-12 03:15:00,11.99,24.15,67.0,4.2,21.7,6.05,23.4,2,5,2,3,0,1,12,12.01,0.02,-0.02,24.42,Severely Stressed
2024-11-12 03:30:00,11.99,24.11,67.0,4.6,21.7,6.05,23.3,2,5,2,3,0,1,12,12.0,0.01,-0.03,24.35,Severely Stressed
2024-11-12 03:45:00,11.97,24.05,67.0,4.9,21.6,6.05,23.3,2,5,2,3,0,1,12,12.0,0.01,-0.03,24.32,Severely Stressed
2024-11-12 04:00:00,11.97,24.01,67.0,4.9,21.6,6.05,23.3,2,5,2,4,0,1,12,12.0,0.02,-0.02,24.32,Severely Stressed
2024-11-12 04:15:00,11.97,24.01,67.0,5.2,21.5,6.04,23.2,2,5,2,4,0,1,12,11.99,0.02,-0.02,24.31,Severely Stressed
2024-11-12 04:30:00,11.96,23.95,67.0,4.8,21.5,6.04,23.2,2,5,2,4,0,1,12,11.99,0.02,-0.03,24.3,Severely Stressed
2024-11-12 04:45:00,11.96,23.9,67.0,4.6,21.4,6.04,23.2,2,5,2,4,0,1,12,11.99,0.02,-0.01,24.28,Severely Stressed
2024-11-12 05:00:00,11.97,23.82,67.0,4.6,21.4,6.04,23.1,2,5,2,5,0,1,12,11.98,0.02,0.0,24.28,Severely Stressed
2024-11-12 05:15:00,11.97,23.82,67.0,5.5,21.2,6.05,23.0,2,5,2,5,0,1,12,11.98,0.02,0.0,24.22,Severely Stressed
2024-11-12 05:30:00,11.97,23.74,67.0,5.2,21.2,6.04,22.9,2,5,2,5,0,1,12,11.98,0.01,0.01,24.21,Severely Stressed
2024-11-12 05:45:00,11.97,23.74,67.0,5.5,21.3,6.04,22.9,2,5,2,5,0,1,12,11.97,0.01,0.01,24.15,Severely Stressed
2024-11-12 06:00:00,11.97,23.61,67.0,5.5,21.3,6.05,22.9,2,5,2,6,1,1,12,11.97,0.01,0.0,24.15,Severely Stressed
2024-11-12 06:15:00,11.97,23.61,67.0,5.9,21.0,6.05,22.8,2,5,2,6,1,1,12,11.97,0.01,0.0,24.11,Severely Stressed
2024-11-12 06:30:00,11.97,23.52,67.0,5.8,21.0,6.05,22.7,2,5,2,6,1,1,12,11.97,0.0,0.0,24.05,Severely Stressed
2024-11-12 06:45:00,11.97,23.5,67.0,11.8,21.2,6.05,22.7,2,5,2,6,1,1,12,11.97,0.0,0.0,24.01,Severely Stressed
2024-11-12 07:00:00,11.96,23.51,67.0,11.8,21.2,6.03,22.8,2,5,2,7,1,1,12,11.97,0.0,-0.01,24.01,Severely Stressed
2024-11-12 07:15:00,11.96,23.51,67.0,12.0,21.6,6.03,22.9,1,5,2,7,1,1,12,11.97,0.0,-0.01,23.95,Severely Stressed
2024-11-12 07:30:00,11.94,23.59,67.0,11.7,22.0,6.02,23.1,1,5,2,7,1,1,12,11.97,0.01,-0.03,23.9,Severely Stressed
2024-11-12 07:45:00,11.92,23.7,67.0,11.2,22.5,6.02,23.1,1,5,2,7,1,1,12,11.96,0.02,-0.05,23.82,Severely Stressed
2024-11-12 08:00:00,11.85,23.89,67.0,11.2,22.5,6.01,23.4,1,5,2,8,1,1,12,11.95,0.04,-0.11,23.89,Severely Stressed
2024-11-12 08:15:00,11.85,23.89,67.0,10.3,23.2,5.99,23.6,1,5,2,8,1,1,12,11.94,0.05,-0.11,23.89,Severely Stressed
2024-11-12 08:30:00,11.8,24.08,68.0,3.7,25.0,5.94,24.6,1,5,2,8,1,1,12,11.93,0.06,-0.14,24.08,Severely Stressed
2024-11-12 08:45:00,11.8,24.08,68.0,3.5,25.9,5.94,24.6,10,29,14,8,1,1,12,11.91,0.07,-0.12,24.08,Severely Stressed
2024-11-12 09:00:00,14.18,25.14,92.0,3.5,25.9,6.0,25.9,7,22,11,9,1,1,12,12.1,0.66,2.33,25.14,Moderately Stressed
2024-11-12 09:15:00,14.18,25.14,92.0,2.9,27.1,6.04,26.2,5,16,8,9,1,1,12,12.28,0.89,2.33,25.14,Moderately Stressed
2024-11-12 09:30:00,14.18,25.14,92.0,2.9,27.2,6.09,26.2,4,12,6,9,1,1,12,12.47,1.04,2.38,25.14,Moderately Stressed
2024-11-12 09:45:00,16.93,25.99,111.0,3.3,26.6,6.09,26.2,9,27,13,9,1,1,13,12.88,1.64,5.13,25.99,Moderately Stressed
2024-11-12 10:00:00,16.93,25.99,111.0,3.3,26.6,5.82,26.7,9,26,13,10,1,1,13,13.29,1.98,2.75,25.99,Moderately Stressed
2024-11-12 10:15:00,16.93,25.99,111.0,3.3,26.1,5.92,26.6,7,19,9,10,1,1,13,13.71,2.18,2.75,25.99,Moderately Stressed
2024-11-12 10:30:00,16.7,25.99,105.0,11.4,24.7,6.04,25.9,6,17,8,10,1,1,13,14.1,2.26,2.52,25.99,Moderately Stressed
2024-11-12 10:45:00,16.02,25.95,98.0,7.8,24.9,6.04,25.9,5,14,7,10,1,1,13,14.45,2.21,-0.91,25.99,Moderately Stressed
2024-11-12 11:00:00,15.51,26.09,95.0,7.8,24.9,6.07,25.6,4,13,6,11,1,1,13,14.75,2.07,-1.42,26.09,Moderately Stressed
2024-11-12 11:15:00,15.51,26.09,95.0,5.7,26.6,6.04,26.2,4,12,6,11,1,1,13,15.06,1.86,-1.42,26.09,Moderately Stressed
2024-11-12 11:30:00,14.96,26.5,92.0,6.7,26.0,6.07,25.9,4,11,5,11,1,1,13,15.32,1.56,-1.74,26.5,Moderately Stressed
2024-11-12 11:45:00,14.7,26.49,89.0,4.7,27.2,6.07,25.9,3,11,5,11,1,1,13,15.56,1.13,-1.32,26.5,Moderately Stressed
2024-11-12 12:00:00,14.48,26.71,87.0,4.7,27.2,6.05,26.4,3,10,5,12,1,1,13,15.59,1.1,-1.03,26.71,Moderately Stressed
2024-11-12 12:15:00,14.48,26.71,87.0,6.1,25.7,6.07,26.0,3,10,5,12,1,1,13,15.61,1.06,-1.03,26.71,Moderately Stressed
2024-11-12 12:30:00,14.32,26.52,85.0,9.5,24.7,6.07,26.0,3,10,5,12,1,1,13,15.62,1.05,-0.64,26.71,Moderately Stressed
2024-11-12 12:45:00,14.22,26.26,83.0,7.6,24.4,6.1,25.5,3,9,4,12,1,1,13,15.4,1.03,-0.48,26.71,Moderately Stressed
2024-11-12 13:00:00,14.13,26.17,82.0,7.6,24.4,6.1,25.5,3,9,4,13,1,1,13,15.16,0.97,-0.35,26.71,Moderately Stressed
2024-11-12 13:15:00,14.13,26.17,82.0,6.4,25.1,6.09,25.7,3,9,4,13,1,1,13,14.93,0.83,-0.35,26.71,Moderately Stressed
2024-11-12 13:30:00,13.94,26.29,81.0,4.5,26.9,6.05,26.3,3,9,4,13,1,1,13,14.7,0.66,-0.38,26.71,Moderately Stressed
2024-11-12 13:45:00,13.79,26.6,80.0,6.1,25.7,6.05,26.3,3,9,4,13,1,1,13,14.51,0.56,-0.43,26.71,Moderately Stressed
2024-11-12 14:00:00,13.76,26.48,80.0,6.1,25.7,6.08,25.8,3,9,4,14,1,1,13,14.37,0.51,-0.37,26.71,Moderately Stressed
2024-11-12 14:15:00,13.76,26.48,80.0,6.7,25.0,6.08,25.7,3,9,4,14,1,1,13,14.22,0.38,-0.37,26.71,Moderately Stressed
2024-11-12 14:30:00,13.56,26.45,79.0,6.2,25.1,6.07,25.9,3,8,4,14,1,1,13,14.11,0.35,-0.38,26.71,Moderately Stressed
2024-11-12 14:45:00,13.56,26.45,79.0,4.0,27.5,6.07,25.9,3,8,4,14,1,1,13,14.01,0.33,-0.23,26.71,Moderately Stressed
2024-11-12 15:00:00,13.33,27.01,79.0,4.0,27.5,6.02,26.7,3,8,4,15,1,1,13,13.92,0.35,-0.43,27.01,Moderately Stressed
2024-11-12 15:15:00,13.33,27.01,79.0,2.9,30.1,5.96,27.6,3,8,4,15,1,1,13,13.82,0.34,-0.43,27.01,Moderately Stressed
2024-11-12 15:30:00,13.32,27.4,78.0,3.8,28.1,5.97,27.4,3,8,4,15,1,1,13,13.74,0.32,-0.24,27.4,Moderately Stressed
2024-11-12 15:45:00,13.29,27.42,78.0,5.4,27.1,5.97,27.4,3,8,4,15,1,1,13,13.66,0.31,-0.27,27.42,Moderately Stressed
2024-11-12 16:00:00,15.71,27.13,96.0,5.4,27.1,5.91,27.3,7,22,11,16,1,1,13,13.79,0.66,2.38,27.42,Moderately Stressed
2024-11-12 16:15:00,15.71,27.13,96.0,6.0,25.3,6.03,26.7,7,20,10,16,1,1,13,13.92,0.86,2.38,27.42,Moderately Stressed
2024-11-12 16:30:00,15.96,26.85,94.0,7.1,24.6,6.09,26.1,6,18,9,16,1,1,13,14.09,1.04,2.64,27.42,Moderately Stressed
2024-11-12 16:45:00,15.96,26.85,94.0,7.5,24.5,6.09,26.1,4,12,6,16,1,1,13,14.27,1.17,2.67,27.42,Moderately Stressed
2024-11-12 17:00:00,15.22,26.45,86.0,7.5,24.5,6.14,25.9,4,12,6,17,1,1,13,14.39,1.19,-0.49,27.42,Moderately Stressed
2024-11-12 17:15:00,15.22,26.45,86.0,12.2,23.8,6.18,25.4,3,11,5,17,1,1,13,14.51,1.19,-0.49,27.42,Moderately Stressed
2024-11-12 17:30:00,14.83,26.18,82.0,15.3,23.5,6.2,25.1,3,10,5,17,1,1,13,14.62,1.15,-1.13,27.42,Moderately Stressed
2024-11-12 17:45:00,14.6,25.98,80.0,13.2,23.6,6.2,25.1,3,10,5,17,1,1,13,14.71,1.1,-1.36,27.42,Moderately Stressed
2024-11-12 18:00:00,14.44,25.82,79.0,13.2,23.6,6.21,25.0,3,10,5,18,1,1,13,14.8,1.02,-0.78,27.42,Moderately Stressed
2024-11-12 18:15:00,14.44,25.82,79.0,13.4,23.5,6.22,24.8,3,10,5,18,1,1,13,14.89,0.92,-0.78,27.42,Moderately Stressed
2024-11-12 18:30:00,14.33,25.65,78.0,14.7,23.3,6.22,24.7,3,9,4,18,1,1,13,14.98,0.81,-0.5,27.42,Moderately Stressed
2024-11-12 18:45:00,14.19,25.49,76.0,14.9,23.3,6.22,24.7,3,9,4,18,1,1,13,15.05,0.66,-0.41,27.13,Moderately Stressed
2024-11-12 19:00:00,14.12,25.35,76.0,14.9,23.3,6.23,24.6,3,9,4,19,0,1,13,14.92,0.68,-0.32,27.13,Moderately Stressed
2024-11-12 19:15:00,14.12,25.35,76.0,15.2,23.2,6.24,24.5,3,8,4,19,0,1,13,14.79,0.66,-0.32,26.85,Moderately Stressed
2024-11-12 19:30:00,13.99,25.25,75.0,12.5,23.2,6.23,24.5,3,8,4,19,0,1,13,14.62,0.59,-0.34,26.85,Moderately Stressed
2024-11-12 19:45:00,13.94,25.15,74.0,12.2,23.2,6.23,24.5,2,8,4,19,0,1,13,14.45,0.44,-0.25,26.45,Moderately Stressed
2024-11-12 20:00:00,13.85,25.08,73.0,12.2,23.2,6.23,24.4,2,8,4,20,0,1,13,14.34,0.4,-0.27,26.45,Moderately Stressed
2024-11-12 20:15:00,13.85,25.08,73.0,13.5,23.2,6.23,24.3,2,7,3,20,0,1,13,14.22,0.31,-0.27,26.18,Moderately Stressed
2024-11-12 20:30:00,13.71,24.94,72.0,12.4,23.1,6.23,24.2,2,7,3,20,0,1,13,14.13,0.28,-0.28,25.98,Moderately Stressed
2024-11-12 20:45:00,13.71,24.94,72.0,14.3,23.0,6.23,24.2,2,7,3,20,0,1,13,14.06,0.26,-0.23,25.82,Moderately Stressed
2024-11-12 21:00:00,13.64,24.84,72.0,14.3,23.0,6.23,24.2,2,7,3,21,0,1,13,13.99,0.25,-0.21,25.82,Moderately Stressed
2024-11-12 21:15:00,13.64,24.84,72.0,13.8,22.9,6.22,24.1,2,7,3,21,0,1,13,13.92,0.23,-0.21,25.65,Moderately Stressed
2024-11-12 21:30:00,13.6,24.76,71.0,15.5,22.8,6.23,24.0,2,7,3,21,0,1,13,13.86,0.21,-0.11,25.49,Moderately Stressed
2024-11-12 21:45:00,13.58,24.71,71.0,14.9,22.8,6.23,24.0,2,7,3,21,0,1,13,13.81,0.2,-0.13,25.35,Moderately Stressed
2024-11-12 22:00:00,13.53,24.63,70.0,14.9,22.8,6.22,24.0,2,7,3,22,0,1,13,13.76,0.18,-0.11,25.35,Moderately Stressed
2024-11-12 22:15:00,13.53,24.63,70.0,19.3,22.5,6.22,23.7,2,7,3,22,0,1,13,13.71,0.16,-0.11,25.25,Moderately Stressed
2024-11-12 22:30:00,13.51,24.46,70.0,21.8,22.0,6.23,23.5,2,7,3,22,0,1,13,13.67,0.14,-0.09,25.15,Moderately Stressed
2024-11-12 22:45:00,13.47,24.32,70.0,19.2,22.0,6.23,23.5,2,7,3,22,0,1,13,13.64,0.13,-0.11,25.08,Moderately Stressed
2024-11-12 23:00:00,13.42,24.26,70.0,19.2,22.0,6.22,23.5,2,7,3,23,0,1,13,13.6,0.12,-0.11,25.08,Moderately Stressed
2024-11-12 23:15:00,13.42,24.26,70.0,19.0,22.0,6.22,23.5,2,7,3,23,0,1,13,13.56,0.1,-0.11,24.94,Moderately Stressed
2024-11-12 23:30:00,13.42,24.21,69.0,18.2,21.8,6.23,23.4,2,7,3,23,0,1,13,13.54,0.1,-0.09,24.94,Moderately Stressed
2024-11-12 23:45:00,13.39,24.11,69.0,19.3,21.6,6.23,23.4,2,7,3,23,0,1,13,13.51,0.09,-0.08,24.84,Moderately Stressed
2024-11-13 00:00:00,13.35,24.01,69.0,19.3,21.6,6.24,23.2,2,7,3,0,0,2,13,13.49,0.09,-0.07,24.84,Moderately Stressed
2024-11-13 00:15:00,13.35,24.01,69.0,23.0,21.2,6.24,23.2,2,7,3,0,0,2,13,13.46,0.09,-0.07,24.76,Moderately Stressed
2024-11-13 00:30:00,13.33,23.95,69.0,39.4,20.9,6.24,23.1,2,6,3,0,0,2,13,13.44,0.08,-0.09,24.71,Moderately Stressed
2024-11-13 00:45:00,13.32,23.84,69.0,76.3,20.6,6.24,23.1,2,6,3,0,0,2,13,13.42,0.08,-0.07,24.63,Moderately Stressed
2024-11-13 01:00:00,13.29,23.78,68.0,76.3,20.6,6.24,23.0,2,6,3,1,0,2,13,13.4,0.08,-0.06,24.63,Moderately Stressed
2024-11-13 01:15:00,13.29,23.78,68.0,69.2,20.6,6.24,22.9,2,6,3,1,0,2,13,13.38,0.07,-0.06,24.46,Moderately Stressed
2024-11-13 01:30:00,13.26,23.66,68.0,59.3,20.3,6.25,22.7,2,6,3,1,0,2,13,13.36,0.06,-0.07,24.32,Moderately Stressed
2024-11-13 01:45:00,13.25,23.53,68.0,58.7,20.4,6.25,22.7,2,6,3,1,0,2,13,13.34,0.06,-0.07,24.26,Moderately Stressed
2024-11-13 02:00:00,13.26,23.46,68.0,58.7,20.4,6.24,22.7,2,6,3,2,0,2,13,13.33,0.06,-0.03,24.26,Moderately Stressed
2024-11-13 02:15:00,13.26,23.46,68.0,35.1,20.5,6.23,22.6,2,6,3,2,0,2,13,13.31,0.06,-0.03,24.21,Moderately Stressed
2024-11-13 02:30:00,13.25,23.39,68.0,23.4,20.6,6.22,22.6,2,6,3,2,0,2,13,13.3,0.05,-0.01,24.11,Moderately Stressed
2024-11-13 02:45:00,13.25,23.33,68.0,16.8,20.9,6.22,22.6,2,6,3,2,0,2,13,13.29,0.04,0.0,24.01,Moderately Stressed
2024-11-13 03:00:00,13.22,23.31,68.0,16.8,20.9,6.22,22.6,2,6,3,3,0,2,13,13.28,0.04,-0.04,24.01,Moderately Stressed
2024-11-13 03:15:00,13.22,23.31,68.0,15.6,21.1,6.21,22.6,2,6,3,3,0,2,13,13.27,0.03,-0.04,23.95,Moderately Stressed
2024-11-13 03:30:00,13.18,23.29,68.0,14.3,21.1,6.21,22.6,2,6,3,3,0,2,13,13.25,0.04,-0.07,23.84,Moderately Stressed
2024-11-13 03:45:00,13.15,23.27,67.0,15.3,21.2,6.21,22.6,2,6,3,3,0,2,13,13.24,0.04,-0.1,23.78,Moderately Stressed
2024-11-13 04:00:00,13.12,23.23,67.0,15.3,21.2,6.2,22.6,2,6,3,4,0,2,13,13.23,0.05,-0.1,23.78,Moderately Stressed
2024-11-13 04:15:00,13.12,23.23,67.0,15.7,21.1,6.19,22.5,2,6,3,4,0,2,13,13.21,0.05,-0.1,23.66,Moderately Stressed
2024-11-13 04:30:00,13.12,23.19,67.0,17.7,21.1,6.19,22.5,2,6,3,4,0,2,13,13.2,0.06,-0.06,23.53,Moderately Stressed
2024-11-13 04:45:00,13.1,23.18,67.0,13.3,21.3,6.19,22.5,2,6,3,4,0,2,13,13.19,0.06,-0.05,23.46,Moderately Stressed
2024-11-13 05:00:00,13.07,23.18,67.0,13.3,21.3,6.18,22.5,2,6,3,5,0,2,13,13.17,0.07,-0.05,23.46,Moderately Stressed
2024-11-13 05:15:00,13.07,23.18,67.0,40.3,21.5,6.17,22.5,2,6,3,5,0,2,13,13.16,0.07,-0.05,23.39,Moderately Stressed
2024-11-13 05:30:00,13.05,23.18,67.0,33.1,21.1,6.17,22.4,2,6,3,5,0,2,13,13.14,0.07,-0.07,23.33,Moderately Stressed
2024-11-13 05:45:00,13.05,23.12,67.0,69.3,21.1,6.17,22.4,2,6,3,5,0,2,13,13.12,0.06,-0.05,23.31,Moderately Stressed
2024-11-13 06:00:00,13.05,23.08,67.0,69.3,21.1,6.17,22.4,2,6,3,6,1,2,13,13.11,0.05,-0.02,23.31,Moderately Stressed
2024-11-13 06:15:00,13.05,23.08,67.0,61.8,20.7,6.19,22.2,2,6,3,6,1,2,13,13.09,0.04,-0.02,23.29,Moderately Stressed
2024-11-13 06:30:00,13.06,22.99,67.0,32.3,20.5,6.19,22.2,2,5,2,6,1,2,13,13.08,0.04,0.01,23.27,Moderately Stressed
2024-11-13 06:45:00,13.05,22.91,67.0,27.3,20.7,6.19,22.2,3,11,5,6,1,2,13,13.08,0.03,0.0,23.23,Moderately Stressed
2024-11-13 07:00:00,13.01,22.93,67.0,27.3,20.7,6.19,22.2,3,10,5,7,1,2,13,13.07,0.03,-0.04,23.23,Moderately Stressed
2024-11-13 07:15:00,13.01,22.93,67.0,22.0,21.0,6.18,22.3,3,9,4,7,1,2,13,13.06,0.03,-0.04,23.19,Moderately Stressed
2024-11-13 07:30:00,12.97,22.98,67.0,14.5,21.3,6.18,22.4,3,9,4,7,1,2,13,13.05,0.03,-0.09,23.18,Severely Stressed
2024-11-13 07:45:00,12.94,23.08,67.0,8.0,22.7,6.18,22.4,3,9,4,7,1,2,13,13.03,0.04,-0.11,23.18,Severely Stressed
2024-11-13 08:00:00,12.85,23.3,67.0,8.0,22.7,6.15,22.9,3,9,4,8,1,2,13,13.01,0.06,-0.16,23.3,Severely Stressed
2024-11-13 08:15:00,12.85,23.3,67.0,5.5,24.0,6.13,23.3,3,8,4,8,1,2,13,13.0,0.08,-0.16,23.3,Severely Stressed
2024-11-13 08:30:00,12.82,23.6,68.0,4.0,24.4,6.1,23.8,3,8,4,8,1,2,13,12.98,0.09,-0.15,23.6,Severely Stressed
2024-11-13 08:45:00,12.8,23.95,68.0,3.5,24.8,6.1,23.8,3,8,4,8,1,2,13,12.96,0.1,-0.14,23.95,Severely Stressed
2024-11-13 09:00:00,12.71,24.32,68.0,3.5,24.8,6.06,24.3,3,8,4,9,1,2,13,12.93,0.12,-0.14,24.32,Severely Stressed
2024-11-13 09:15:00,12.71,24.32,68.0,3.1,25.6,6.0,25.2,8,24,12,9,1,2,13,12.9,0.13,-0.14,24.32,Severely Stressed
2024-11-13 09:30:00,13.26,24.73,73.0,2.6,27.7,6.0,27.2,8,24,12,9,1,2,13,12.92,0.16,0.44,24.73,Moderately Stressed
2024-11-13 09:45:00,15.68,25.48,92.0,2.2,29.8,6.0,27.2,9,26,13,9,1,2,14,13.13,0.82,2.88,25.48,Moderately Stressed
2024-11-13 10:00:00,16.52,26.39,96.0,2.2,29.8,6.07,28.1,9,26,13,10,1,2,14,13.43,1.27,3.81,26.39,Moderately Stressed
2024-11-13 10:15:00,16.52,26.39,96.0,1.9,29.3,6.1,27.9,10,28,14,10,1,2,14,13.72,1.54,3.81,26.39,Moderately Stressed
2024-11-13 10:30:00,17.02,26.94,98.0,1.9,29.7,6.18,28.1,10,29,14,10,1,2,14,14.06,1.79,3.76,26.94,Moderately Stressed
2024-11-13 10:45:00,17.2,27.25,96.0,1.8,32.2,6.18,28.1,10,29,14,10,1,2,14,14.41,1.96,1.52,27.25,Moderately Stressed
2024-11-13 11:00:00,16.43,28.59,91.0,1.8,32.2,6.1,30.1,8,24,12,11,1,2,14,14.71,1.97,-0.09,28.59,Moderately Stressed
2024-11-13 11:15:00,16.43,28.59,91.0,1.7,34.3,5.89,31.4,7,21,10,11,1,2,14,15.01,1.94,-0.09,28.59,Moderately Stressed
2024-11-13 11:30:00,15.62,29.65,83.0,1.2,34.1,5.97,30.7,7,21,10,11,1,2,14,15.24,1.81,-1.4,29.65,Moderately Stressed
2024-11-13 11:45:00,15.62,29.65,83.0,1.3,29.8,5.97,30.7,6,17,8,11,1,2,14,15.48,1.64,-1.58,29.65,Moderately Stressed
2024-11-13 12:00:00,15.17,29.36,82.0,1.3,29.8,6.11,29.5,5,16,8,12,1,2,14,15.68,1.4,-1.26,29.65,Moderately Stressed
2024-11-13 12:15:00,15.17,29.36,82.0,1.2,34.9,6.12,30.2,5,15,7,12,1,2,14,15.89,1.07,-1.26,29.65,Moderately Stressed
2024-11-13 12:30:00,15.14,28.68,78.0,1.5,28.4,6.26,28.8,5,14,7,12,1,2,14,16.04,0.73,-0.48,29.65,Moderately Stressed
2024-11-13 12:45:00,15.14,28.68,78.0,1.7,27.2,6.26,28.8,4,13,6,12,1,2,14,16.0,0.77,-0.48,29.65,Moderately Stressed
2024-11-13 13:00:00,14.99,28.39,77.0,1.7,27.2,6.31,28.6,4,13,6,13,1,2,14,15.87,0.8,-0.18,29.65,Moderately Stressed
2024-11-13 13:15:00,14.99,28.39,77.0,1.7,27.7,6.31,28.6,4,13,6,13,1,2,14,15.74,0.81,-0.18,29.65,Moderately Stressed
2024-11-13 13:30:00,14.82,28.28,76.0,1.5,29.7,6.3,28.7,4,12,6,13,1,2,14,15.56,0.74,-0.32,29.65,Moderately Stressed
2024-11-13 13:45:00,14.63,28.46,75.0,1.6,29.9,6.3,28.7,4,12,6,13,1,2,14,15.35,0.58,-0.51,29.65,Moderately Stressed
2024-11-13 14:00:00,14.38,28.61,74.0,1.6,29.9,6.31,28.6,4,12,6,14,1,2,14,15.18,0.53,-0.61,29.65,Moderately Stressed
2024-11-13 14:15:00,14.38,28.61,74.0,1.7,29.9,6.3,28.8,4,12,6,14,1,2,14,15.0,0.4,-0.61,29.65,Moderately Stressed
2024-11-13 14:30:00,14.38,28.61,74.0,1.5,31.3,6.25,29.4,4,12,6,14,1,2,14,14.9,0.39,-0.44,29.65,Moderately Stressed
2024-11-13 14:45:00,14.07,28.9,72.0,1.5,29.9,6.25,29.4,4,11,5,14,1,2,14,14.77,0.39,-0.56,29.36,Moderately Stressed
2024-11-13 15:00:00,14.07,28.9,72.0,1.5,29.9,6.27,28.9,4,11,5,15,1,2,14,14.68,0.41,-0.31,29.36,Moderately Stressed
2024-11-13 15:15:00,14.07,28.9,72.0,1.5,28.7,6.28,28.7,4,11,5,15,1,2,14,14.59,0.42,-0.31,28.9,Moderately Stressed
2024-11-13 15:30:00,13.98,28.9,71.0,1.5,30.0,6.25,29.0,4,11,5,15,1,2,14,14.49,0.41,-0.4,28.9,Moderately Stressed
2024-11-13 15:45:00,13.92,28.95,71.0,1.7,28.4,6.25,29.0,4,11,5,15,1,2,14,14.39,0.39,-0.15,28.95,Moderately Stressed
2024-11-13 16:00:00,13.99,28.52,70.0,1.7,28.4,6.28,28.4,3,11,5,16,1,2,14,14.31,0.35,-0.08,28.95,Moderately Stressed
2024-11-13 16:15:00,13.99,28.52,70.0,11.4,24.7,6.34,27.3,3,10,5,16,1,2,14,14.22,0.29,-0.08,28.95,Moderately Stressed
2024-11-13 16:30:00,13.96,28.06,69.0,4.6,24.8,6.34,27.2,3,10,5,16,1,2,14,14.15,0.23,-0.02,28.95,Moderately Stressed
2024-11-13 16:45:00,13.96,28.06,69.0,4.1,24.9,6.34,27.2,3,10,5,16,1,2,14,14.1,0.18,0.04,28.95,Moderately Stressed
2024-11-13 17:00:00,13.88,27.64,69.0,4.1,24.9,6.35,27.0,3,10,5,17,1,2,14,14.05,0.16,-0.11,28.95,Moderately Stressed
2024-11-13 17:15:00,13.88,27.64,69.0,6.3,24.3,6.37,26.5,3,9,4,17,1,2,14,14.01,0.13,-0.11,28.95,Moderately Stressed
2024-11-13 17:30:00,13.88,27.35,68.0,7.9,23.5,6.39,26.1,3,9,4,17,1,2,14,13.97,0.07,-0.08,28.95,Moderately Stressed
2024-11-13 17:45:00,13.89,27.02,68.0,9.1,22.7,6.39,26.1,3,9,4,17,1,2,14,13.96,0.07,-0.07,28.95,Moderately Stressed
2024-11-13 18:00:00,13.87,26.66,67.0,9.1,22.7,6.41,25.7,3,9,4,18,1,2,14,13.94,0.06,-0.01,28.95,Moderately Stressed
2024-11-13 18:15:00,13.87,26.66,67.0,9.9,22.2,6.42,25.4,3,9,4,18,1,2,14,13.92,0.05,-0.01,28.95,Moderately Stressed
2024-11-13 18:30:00,13.15,26.15,55.0,9.9,22.1,6.42,25.1,3,9,4,18,1,2,14,13.85,0.23,-0.73,28.95,Moderately Stressed
2024-11-13 18:45:00,13.15,26.15,55.0,8.7,22.1,6.42,25.1,3,8,4,18,1,2,14,13.79,0.3,-0.74,28.52,Moderately Stressed
2024-11-13 19:00:00,13.15,25.96,54.0,8.7,22.1,6.42,25.0,3,8,4,19,0,2,14,13.72,0.35,-0.72,28.52,Moderately Stressed
2024-11-13 19:15:00,13.15,25.96,54.0,9.6,22.1,6.43,24.7,3,8,4,19,0,2,14,13.65,0.37,-0.72,28.06,Moderately Stressed
2024-11-13 19:30:00,13.15,25.75,54.0,11.8,21.8,6.43,24.5,3,8,4,19,0,2,14,13.58,0.38,0.0,28.06,Moderately Stressed
2024-11-13 19:45:00,13.14,25.55,54.0,12.8,21.5,6.43,24.5,3,8,4,19,0,2,14,13.51,0.38,-0.01,27.64,Moderately Stressed
2024-11-13 20:00:00,13.12,25.32,54.0,12.8,21.5,6.44,24.3,3,8,4,20,0,2,14,13.45,0.38,-0.03,27.64,Moderately Stressed
2024-11-13 20:15:00,13.12,25.32,54.0,13.6,21.3,6.45,24.0,3,8,4,20,0,2,14,13.39,0.36,-0.03,27.35,Moderately Stressed
2024-11-13 20:30:00,13.09,24.93,54.0,14.7,21.2,6.46,23.8,3,8,4,20,0,2,14,13.32,0.34,-0.06,27.02,Moderately Stressed
2024-11-13 20:45:00,13.09,24.93,54.0,16.8,21.0,6.46,23.8,3,8,4,20,0,2,14,13.25,0.29,-0.05,26.66,Moderately Stressed
2024-11-13 21:00:00,13.07,24.74,54.0,16.8,21.0,6.47,23.6,3,8,4,21,0,2,14,13.19,0.22,-0.05,26.66,Moderately Stressed
2024-11-13 21:15:00,13.07,24.74,54.0,18.7,20.9,6.48,23.5,2,8,4,21,0,2,14,13.12,0.03,-0.05,26.15,Moderately Stressed
2024-11-13 21:30:00,13.08,24.57,54.0,21.4,20.7,6.49,23.3,2,8,4,21,0,2,14,13.12,0.03,-0.01,26.15,Moderately Stressed
2024-11-13 21:45:00,13.07,24.42,53.0,23.1,20.6,6.49,23.3,2,8,4,21,0,2,14,13.11,0.03,-0.02,25.96,Moderately Stressed
2024-11-13 22:00:00,13.07,24.42,53.0,23.1,20.6,6.49,23.2,2,7,3,22,0,2,14,13.1,0.03,0.0,25.96,Moderately Stressed
2024-11-13 22:15:00,13.07,24.42,53.0,24.9,20.6,6.49,23.1,2,7,3,22,0,2,14,13.1,0.03,0.0,25.75,Moderately Stressed
2024-11-13 22:30:00,13.01,24.14,54.0,16.2,21.2,6.47,23.2,2,7,3,22,0,2,14,13.08,0.03,-0.07,25.55,Moderately Stressed
2024-11-13 22:45:00,13.01,24.14,54.0,15.9,21.3,6.47,23.2,2,7,3,22,0,2,14,13.07,0.03,-0.06,25.32,Moderately Stressed
2024-11-13 23:00:00,13.01,24.14,54.0,15.9,21.3,6.46,23.2,2,7,3,23,0,2,14,13.06,0.04,-0.06,25.32,Moderately Stressed
2024-11-13 23:15:00,12.97,24.13,54.0,14.1,21.5,6.45,23.3,2,7,3,23,0,2,14,13.05,0.04,-0.1,24.93,Severely Stressed
2024-11-13 23:30:00,12.97,24.13,54.0,13.0,21.7,6.43,23.3,2,7,3,23,0,2,14,13.04,0.04,-0.04,24.93,Severely Stressed
2024-11-13 23:45:00,12.96,24.13,54.0,15.0,21.7,6.43,23.3,2,7,3,23,0,2,14,13.03,0.05,-0.05,24.74,Severely Stressed
2024-11-14 00:00:00,12.95,24.09,54.0,15.0,21.7,6.43,23.2,2,7,3,0,0,3,14,13.02,0.05,-0.06,24.74,Severely Stressed
2024-11-14 00:15:00,12.95,24.09,54.0,14.4,21.5,6.42,23.2,2,7,3,0,0,3,14,13.01,0.05,-0.02,24.57,Severely Stressed
2024-11-14 00:30:00,12.92,24.01,54.0,23.4,21.1,6.42,23.0,2,7,3,0,0,3,14,13.0,0.05,-0.05,24.42,Severely Stressed
2024-11-14 00:45:00,12.93,23.89,53.0,28.4,20.7,6.42,23.0,2,7,3,0,0,3,14,12.98,0.05,-0.03,24.42,Severely Stressed
2024-11-14 01:00:00,12.91,23.74,53.0,28.4,20.7,6.43,22.8,2,7,3,1,0,3,14,12.97,0.05,-0.04,24.42,Severely Stressed
2024-11-14 01:15:00,12.91,23.74,53.0,29.3,20.7,6.43,22.7,2,7,3,1,0,3,14,12.96,0.04,-0.04,24.14,Severely Stressed
2024-11-14 01:30:00,12.91,23.6,53.0,39.0,20.3,6.43,22.5,2,7,3,1,0,3,14,12.95,0.04,-0.01,24.14,Severely Stressed
2024-11-14 01:45:00,12.9,23.49,53.0,24.1,20.7,6.43,22.5,2,7,3,1,0,3,14,12.94,0.03,-0.03,24.14,Severely Stressed
2024-11-14 02:00:00,12.9,23.48,53.0,24.1,20.7,6.43,22.5,2,7,3,2,0,3,14,12.93,0.03,-0.01,24.13,Severely Stressed
2024-11-14 02:15:00,12.9,23.48,53.0,15.6,20.9,6.43,22.5,2,7,3,2,0,3,14,12.93,0.03,-0.01,24.13,Severely Stressed
2024-11-14 02:30:00,12.84,23.43,53.0,13.3,21.2,6.42,22.5,2,7,3,2,0,3,14,12.92,0.03,-0.07,24.13,Severely Stressed
2024-11-14 02:45:00,12.83,23.42,53.0,16.8,21.1,6.42,22.5,2,7,3,2,0,3,14,12.9,0.04,-0.07,24.09,Severely Stressed
2024-11-14 03:00:00,12.83,23.38,53.0,16.8,21.1,6.41,22.5,2,7,3,3,0,3,14,12.89,0.04,-0.07,24.09,Severely Stressed
2024-11-14 03:15:00,12.83,23.38,53.0,28.9,20.7,6.41,22.3,2,7,3,3,0,3,14,12.88,0.04,-0.07,24.01,Severely Stressed
2024-11-14 03:30:00,12.84,23.22,53.0,21.4,20.7,6.4,22.3,2,6,3,3,0,3,14,12.88,0.04,0.0,23.89,Severely Stressed
2024-11-14 03:45:00,12.84,23.18,53.0,19.3,20.7,6.4,22.3,2,6,3,3,0,3,14,12.87,0.04,0.01,23.74,Severely Stressed
2024-11-14 04:00:00,12.84,23.09,53.0,19.3,20.7,6.39,22.2,2,7,3,4,0,3,14,12.86,0.04,0.01,23.74,Severely Stressed
2024-11-14 04:15:00,12.84,23.09,53.0,28.4,20.5,6.39,22.2,2,7,3,4,0,3,14,12.86,0.03,0.01,23.6,Severely Stressed
2024-11-14 04:30:00,12.84,23.02,53.0,18.7,20.6,6.38,22.2,2,7,3,4,0,3,14,12.85,0.03,0.0,23.49,Severely Stressed
2024-11-14 04:45:00,12.83,23.0,53.0,19.9,20.8,6.38,22.2,2,7,3,4,0,3,14,12.85,0.03,-0.01,23.48,Severely Stressed
2024-11-14 05:00:00,12.8,23.0,53.0,19.9,20.8,6.37,22.3,2,7,3,5,0,3,14,12.84,0.02,-0.04,23.48,Severely Stressed
2024-11-14 05:15:00,12.8,23.0,53.0,16.8,20.9,6.36,22.3,2,7,3,5,0,3,14,12.83,0.01,-0.04,23.43,Severely Stressed
2024-11-14 05:30:00,12.79,23.01,53.0,24.1,20.8,6.36,22.2,2,7,3,5,0,3,14,12.83,0.02,-0.05,23.42,Severely Stressed
2024-11-14 05:45:00,12.79,22.97,53.0,30.4,20.5,6.36,22.2,2,6,3,5,0,3,14,12.82,0.02,-0.04,23.38,Severely Stressed
2024-11-14 06:00:00,12.8,22.88,53.0,30.4,20.5,6.35,22.1,2,6,3,6,1,3,14,12.82,0.02,0.0,23.38,Severely Stressed
2024-11-14 06:15:00,12.8,22.88,53.0,23.8,20.7,6.33,22.1,2,6,3,6,1,3,14,12.82,0.02,0.0,23.22,Severely Stressed
2024-11-14 06:30:00,12.77,22.87,53.0,17.1,21.0,6.31,22.2,2,7,3,6,1,3,14,12.81,0.02,-0.02,23.18,Severely Stressed
2024-11-14 06:45:00,12.73,22.88,53.0,17.4,21.1,6.31,22.2,2,7,3,6,1,3,14,12.8,0.03,-0.06,23.09,Severely Stressed
2024-11-14 07:00:00,12.73,22.89,54.0,17.4,21.1,6.31,22.2,2,7,3,7,1,3,14,12.79,0.04,-0.07,23.09,Severely Stressed
2024-11-14 07:15:00,12.73,22.89,54.0,15.0,21.4,6.29,22.3,2,7,3,7,1,3,14,12.78,0.04,-0.07,23.02,Severely Stressed
2024-11-14 07:30:00,12.69,22.96,54.0,8.4,21.8,6.27,22.7,2,7,3,7,1,3,14,12.77,0.04,-0.08,23.01,Severely Stressed
2024-11-14 07:45:00,12.64,23.11,54.0,6.1,22.7,6.27,22.7,2,7,3,7,1,3,14,12.76,0.05,-0.09,23.11,Severely Stressed
2024-11-14 08:00:00,12.61,23.37,54.0,6.1,22.7,6.24,23.1,2,7,3,8,1,3,14,12.74,0.06,-0.12,23.37,Severely Stressed
2024-11-14 08:15:00,12.61,23.37,54.0,5.7,22.9,6.22,23.2,2,7,3,8,1,3,14,12.72,0.07,-0.12,23.37,Severely Stressed
2024-11-14 08:30:00,12.59,23.52,54.0,4.3,23.6,6.19,23.6,2,7,3,8,1,3,14,12.71,0.08,-0.1,23.52,Severely Stressed
2024-11-14 08:45:00,12.56,23.75,54.0,3.6,24.3,6.19,23.6,2,7,3,8,1,3,14,12.69,0.08,-0.08,23.75,Severely Stressed
2024-11-14 09:00:00,12.48,24.04,55.0,3.6,24.3,6.15,24.1,2,7,3,9,1,3,14,12.66,0.1,-0.13,24.04,Severely Stressed
2024-11-14 09:15:00,12.48,24.04,55.0,3.9,24.1,6.13,24.2,2,7,3,9,1,3,14,12.64,0.1,-0.13,24.04,Severely Stressed
2024-11-14 09:30:00,12.39,24.32,55.0,2.5,26.1,6.08,24.9,2,7,3,9,1,3,14,12.6,0.11,-0.2,24.32,Severely Stressed
2024-11-14 09:45:00,12.38,24.63,55.0,2.6,25.5,6.08,24.9,2,7,3,9,1,3,15,12.57,0.12,-0.18,24.63,Severely Stressed
2024-11-14 10:00:00,12.35,24.91,55.0,2.6,25.5,6.04,25.4,2,7,3,10,1,3,15,12.54,0.13,-0.13,24.91,Severely Stressed
2024-11-14 10:15:00,12.35,24.91,55.0,3.5,24.4,6.04,24.9,2,7,3,10,1,3,15,12.51,0.12,-0.13,24.91,Severely Stressed
2024-11-14 10:30:00,12.29,25.44,55.0,2.5,25.8,5.98,25.7,2,7,3,10,1,3,15,12.48,0.12,-0.1,25.44,Severely Stressed
2024-11-14 10:45:00,12.29,25.44,55.0,2.3,26.5,5.98,25.7,2,7,3,10,1,3,15,12.45,0.12,-0.09,25.44,Severely Stressed
2024-11-14 11:00:00,12.22,25.9,55.0,2.3,26.5,5.93,26.4,2,7,3,11,1,3,15,12.42,0.13,-0.13,25.9,Severely Stressed
2024-11-14 11:15:00,12.22,25.9,55.0,2.4,26.6,5.9,26.7,2,7,3,11,1,3,15,12.38,0.12,-0.13,25.9,Severely Stressed
2024-11-14 11:30:00,17.4,25.83,99.0,96.7,24.9,5.93,25.6,4,11,5,11,1,3,15,12.78,1.46,5.11,25.9,Moderately Stressed
2024-11-14 11:45:00,17.4,25.83,99.0,78.9,27.7,5.93,25.6,4,11,5,11,1,3,15,13.19,1.97,5.11,25.9,Moderately Stressed
2024-11-14 12:00:00,15.11,26.15,79.0,78.9,27.7,5.88,26.3,4,11,5,12,1,3,15,13.41,2.03,2.89,26.15,Moderately Stressed
2024-11-14 12:15:00,15.11,26.15,79.0,61.7,25.1,5.9,25.5,3,8,4,12,1,3,15,13.63,2.06,2.89,26.15,Moderately Stressed
2024-11-14 12:30:00,19.28,25.78,99.0,64.8,25.0,5.91,26.0,9,27,13,12,1,3,15,14.2,2.58,1.88,26.15,Healthy
2024-11-14 12:45:00,19.28,25.78,99.0,80.4,25.8,5.91,26.0,6,17,8,12,1,3,15,14.77,2.89,1.88,26.15,Healthy
2024-11-14 13:00:00,17.22,26.17,74.0,80.4,25.8,5.97,26.3,3,10,5,13,1,3,15,15.18,2.86,2.11,26.17,Moderately Stressed
2024-11-14 13:15:00,17.22,26.17,74.0,9.3,30.1,5.89,27.8,3,9,4,13,1,3,15,15.59,2.76,2.11,26.17,Moderately Stressed
2024-11-14 13:30:00,15.61,27.28,66.0,8.6,29.9,5.89,28.0,3,8,4,13,1,3,15,15.86,2.56,-3.67,27.28,Moderately Stressed
2024-11-14 13:45:00,15.05,27.69,63.0,10.5,27.1,5.89,28.0,2,7,3,13,1,3,15,16.09,2.33,-4.23,27.69,Moderately Stressed
2024-11-14 14:00:00,14.76,27.43,61.0,10.5,27.1,5.92,27.1,2,6,3,14,1,3,15,16.3,2.04,-2.46,27.69,Moderately Stressed
2024-11-14 14:15:00,14.76,27.43,61.0,12.9,26.9,5.92,27.1,2,6,3,14,1,3,15,16.52,1.68,-2.46,27.69,Moderately Stressed
2024-11-14 14:30:00,14.45,27.47,60.0,6.4,28.7,5.89,27.4,2,6,3,14,1,3,15,16.27,1.75,-1.16,27.69,Moderately Stressed
2024-11-14 14:45:00,14.45,27.47,60.0,8.0,28.8,5.89,27.4,8,23,11,14,1,3,15,16.03,1.78,-0.6,27.69,Moderately Stressed
2024-11-14 15:00:00,14.45,27.47,60.0,8.0,28.8,5.77,27.7,10,28,14,15,1,3,15,15.97,1.82,-0.31,27.69,Moderately Stressed
2024-11-14 15:15:00,16.9,27.66,78.0,12.3,28.1,5.89,27.6,8,22,11,15,1,3,15,16.12,1.82,2.14,27.69,Moderately Stressed
2024-11-14 15:30:00,16.9,27.66,78.0,15.8,25.5,6.01,26.6,6,18,9,15,1,3,15,15.92,1.56,2.45,27.69,Moderately Stressed
2024-11-14 15:45:00,20.25,27.13,83.0,61.4,24.5,6.01,26.6,3,8,4,15,1,3,15,16.0,1.76,5.8,27.69,Healthy
2024-11-14 16:00:00,19.03,26.66,77.0,61.4,24.5,6.04,25.9,2,7,3,16,1,3,15,16.15,1.94,4.58,27.69,Healthy
2024-11-14 16:15:00,19.03,26.66,77.0,31.9,22.8,6.14,23.7,2,8,4,16,1,3,15,16.3,2.09,2.13,27.69,Healthy
2024-11-14 16:30:00,22.94,25.55,66.0,60.7,22.8,6.13,24.4,2,5,2,16,1,3,15,16.91,2.82,6.04,27.69,Healthy
2024-11-14 16:45:00,20.47,25.64,55.0,32.3,23.0,6.13,24.4,1,5,2,16,1,3,15,17.37,2.92,0.22,27.66,Healthy
2024-11-14 17:00:00,20.47,25.64,55.0,32.3,23.0,6.11,24.7,1,5,2,17,1,3,15,17.84,2.93,1.44,27.66,Healthy
2024-11-14 17:15:00,21.35,25.42,54.0,35.2,22.9,6.12,24.3,1,4,2,17,1,3,15,18.39,2.91,2.32,27.66,Healthy
2024-11-14 17:30:00,21.35,25.42,54.0,45.1,22.4,6.12,24.3,1,3,1,17,1,3,15,18.97,2.74,-1.59,27.66,Healthy
2024-11-14 17:45:00,20.84,25.22,52.0,31.6,22.2,6.09,24.0,1,3,1,17,1,3,15,19.5,2.38,0.37,27.66,Healthy
2024-11-14 18:00:00,20.2,25.02,50.0,31.6,22.2,6.09,24.0,1,3,1,18,1,3,15,19.98,1.77,-0.27,27.66,Healthy
2024-11-14 18:15:00,20.2,25.02,50.0,20.0,21.9,6.08,23.8,1,3,1,18,1,3,15,20.25,1.49,-1.15,27.66,Healthy
2024-11-14 18:30:00,19.78,24.81,49.0,12.5,21.6,6.09,23.6,1,3,1,18,1,3,15,20.49,1.07,-1.57,27.13,Healthy
2024-11-14 18:45:00,19.23,24.63,47.0,9.1,21.7,6.09,23.6,1,3,1,18,1,3,15,20.41,1.13,-1.61,26.66,Healthy
2024-11-14 19:00:00,18.74,24.48,47.0,9.1,21.7,6.08,23.5,1,3,1,19,0,3,15,20.38,1.16,-1.46,26.66,Healthy
2024-11-14 19:15:00,18.74,24.48,47.0,7.1,21.5,6.08,23.4,1,3,1,19,0,3,15,20.36,1.2,-1.46,25.64,Healthy
2024-11-14 19:30:00,18.33,24.33,46.0,6.6,21.4,6.09,23.2,1,3,1,19,0,3,15,19.97,1.02,-1.45,25.64,Healthy
2024-11-14 19:45:00,17.84,24.22,45.0,6.4,21.4,6.09,23.2,1,3,1,19,0,3,15,19.76,1.18,-1.39,25.64,Moderately Stressed
2024-11-14 20:00:00,17.37,24.12,44.0,6.4,21.4,6.09,23.2,1,3,1,20,0,3,15,19.5,1.33,-1.37,25.42,Moderately Stressed
2024-11-14 20:15:00,17.37,24.12,44.0,6.4,21.6,6.09,23.2,1,3,1,20,0,3,15,19.17,1.33,-1.37,25.42,Moderately Stressed
2024-11-14 20:30:00,17.07,24.1,44.0,6.5,21.6,6.09,23.1,1,3,1,20,0,3,15,18.81,1.26,-1.26,25.22,Moderately Stressed
2024-11-14 20:45:00,16.86,24.01,43.0,16.2,21.5,6.09,23.1,1,5,2,20,0,3,15,18.48,1.2,-0.98,25.02,Moderately Stressed
2024-11-14 21:00:00,20.36,23.9,47.0,16.2,21.5,6.09,22.8,1,3,1,21,0,3,15,18.49,1.22,2.99,25.02,Healthy
2024-11-14 21:15:00,20.36,23.9,47.0,18.7,21.4,6.1,22.8,0,2,1,21,0,3,15,18.5,1.24,2.99,24.81,Healthy
2024-11-14 21:30:00,20.1,23.8,46.0,15.6,21.6,6.08,22.8,0,2,1,21,0,3,15,18.53,1.27,3.03,24.63,Healthy
2024-11-14 21:45:00,19.45,23.74,45.0,12.8,21.6,6.08,22.8,0,2,1,21,0,3,15,18.55,1.29,2.59,24.48,Healthy
2024-11-14 22:00:00,19.03,23.66,44.0,12.8,21.6,6.07,22.8,1,3,1,22,0,3,15,18.57,1.29,-1.33,24.48,Healthy
2024-11-14 22:15:00,19.03,23.66,44.0,11.4,21.4,6.07,22.7,1,3,1,22,0,3,15,18.6,1.3,-1.33,24.33,Healthy
2024-11-14 22:30:00,18.77,23.58,44.0,10.4,21.2,6.06,22.6,1,3,1,22,0,3,15,18.63,1.3,-1.33,24.22,Healthy
2024-11-14 22:45:00,18.52,23.49,43.0,9.0,21.5,6.06,22.6,1,3,1,22,0,3,15,18.69,1.27,-0.93,24.12,Healthy
2024-11-14 23:00:00,18.27,23.49,43.0,9.0,21.5,6.05,22.7,1,3,1,23,0,3,15,18.77,1.21,-0.76,24.12,Healthy
2024-11-14 23:15:00,17.93,23.4,43.0,8.1,21.3,6.06,22.6,1,3,1,23,0,3,15,18.81,1.17,-1.1,24.1,Moderately Stressed
2024-11-14 23:30:00,17.93,23.4,43.0,7.9,21.1,6.06,22.4,1,3,1,23,0,3,15,18.88,1.07,-0.84,24.01,Moderately Stressed
2024-11-14 23:45:00,17.69,23.29,42.0,8.1,21.0,6.06,22.4,1,3,1,23,0,3,15,18.95,0.95,-0.83,23.9,Moderately Stressed
2024-11-15 00:00:00,17.44,23.2,42.0,8.1,21.0,6.06,22.3,1,3,1,0,0,4,15,18.71,0.93,-0.83,23.9,Moderately Stressed
2024-11-15 00:15:00,17.36,23.1,42.0,7.5,21.0,6.06,22.2,1,3,1,0,0,4,15,18.46,0.85,-0.57,23.8,Moderately Stressed
2024-11-15 00:30:00,17.36,23.1,42.0,7.6,20.7,6.07,22.1,1,3,1,0,0,4,15,18.23,0.72,-0.57,23.74,Moderately Stressed
2024-11-15 00:45:00,17.23,22.99,42.0,7.4,20.6,6.07,22.1,1,3,1,0,0,4,15,18.05,0.66,-0.46,23.66,Moderately Stressed
2024-11-15 01:00:00,17.06,22.89,42.0,7.4,20.6,6.06,22.0,1,3,1,1,0,4,15,17.88,0.64,-0.38,23.66,Moderately Stressed
2024-11-15 01:15:00,17.02,22.8,42.0,7.2,20.5,6.06,21.9,1,3,1,1,0,4,15,17.72,0.58,-0.34,23.58,Moderately Stressed
2024-11-15 01:30:00,17.02,22.8,42.0,7.0,20.5,6.05,21.9,1,3,1,1,0,4,15,17.57,0.5,-0.34,23.49,Moderately Stressed
2024-11-15 01:45:00,16.99,22.77,42.0,6.8,20.6,6.05,21.9,1,3,1,1,0,4,15,17.44,0.43,-0.24,23.49,Moderately Stressed
2024-11-15 02:00:00,16.94,22.68,42.0,6.8,20.6,6.04,21.8,1,3,1,2,0,4,15,17.33,0.36,-0.12,23.4,Moderately Stressed
2024-11-15 02:15:00,16.83,22.6,41.0,6.6,20.4,6.04,21.7,1,3,1,2,0,4,15,17.24,0.33,-0.19,23.4,Moderately Stressed
2024-11-15 02:30:00,16.83,22.6,41.0,6.2,20.4,6.02,21.7,1,3,1,2,0,4,15,17.15,0.27,-0.19,23.29,Moderately Stressed
2024-11-15 02:45:00,16.74,22.56,41.0,6.1,20.3,6.02,21.7,1,3,1,2,0,4,15,17.07,0.23,-0.25,23.2,Moderately Stressed
2024-11-15 03:00:00,16.68,22.47,41.0,6.1,20.3,6.01,21.6,1,3,1,3,0,4,15,17.0,0.22,-0.26,23.1,Moderately Stressed
2024-11-15 03:15:00,16.64,22.4,41.0,6.6,20.1,6.01,21.5,1,3,1,3,0,4,15,16.94,0.22,-0.19,23.1,Moderately Stressed
2024-11-15 03:30:00,16.64,22.4,41.0,6.4,20.2,6.01,21.6,1,3,1,3,0,4,15,16.88,0.19,-0.19,22.99,Moderately Stressed
2024-11-15 03:45:00,16.62,22.37,41.0,5.6,20.5,6.01,21.6,1,3,1,3,0,4,15,16.83,0.17,-0.12,22.89,Moderately Stressed
2024-11-15 04:00:00,16.62,22.37,41.0,5.6,20.5,6.02,21.6,1,3,1,4,0,4,15,16.8,0.16,-0.06,22.8,Moderately Stressed
2024-11-15 04:15:00,16.48,22.36,41.0,5.1,20.6,6.02,21.6,1,3,1,4,0,4,15,16.75,0.17,-0.16,22.8,Moderately Stressed
2024-11-15 04:30:00,16.48,22.36,41.0,5.2,20.5,6.0,21.6,1,3,1,4,0,4,15,16.71,0.16,-0.16,22.77,Moderately Stressed
2024-11-15 04:45:00,16.38,22.36,41.0,5.0,20.7,6.0,21.6,1,3,1,4,0,4,15,16.66,0.16,-0.24,22.68,Moderately Stressed
2024-11-15 05:00:00,16.3,22.37,41.0,5.0,20.7,6.0,21.7,1,3,1,5,0,4,15,16.6,0.17,-0.32,22.6,Moderately Stressed
2024-11-15 05:15:00,16.21,22.37,40.0,5.0,20.9,5.99,21.7,1,3,1,5,0,4,15,16.55,0.18,-0.27,22.6,Moderately Stressed
2024-11-15 05:30:00,16.21,22.37,40.0,4.6,20.7,5.99,21.7,1,3,1,5,0,4,15,16.5,0.19,-0.27,22.56,Moderately Stressed
2024-11-15 05:45:00,16.14,22.37,40.0,4.6,20.3,5.99,21.7,1,3,1,5,0,4,15,16.45,0.2,-0.24,22.47,Moderately Stressed
2024-11-15 06:00:00,16.04,22.34,40.0,4.6,20.3,6.0,21.6,1,3,1,6,1,4,15,16.4,0.21,-0.26,22.4,Moderately Stressed
2024-11-15 06:15:00,15.97,22.34,39.0,4.5,20.4,5.99,21.6,1,3,1,6,1,4,15,16.34,0.23,-0.24,22.4,Moderately Stressed
2024-11-15 06:30:00,15.97,22.34,39.0,4.4,20.5,5.99,21.6,1,3,1,6,1,4,15,16.28,0.23,-0.24,22.37,Moderately Stressed
2024-11-15 06:45:00,15.87,22.35,39.0,4.3,20.8,5.99,21.6,1,3,1,6,1,4,15,16.22,0.24,-0.27,22.37,Moderately Stressed
2024-11-15 07:00:00,15.82,22.37,39.0,4.3,20.8,5.98,21.7,1,3,1,7,1,4,15,16.16,0.23,-0.22,22.37,Moderately Stressed
2024-11-15 07:15:00,15.74,22.44,39.0,4.2,21.0,5.98,21.8,1,3,1,7,1,4,15,16.09,0.23,-0.23,22.44,Moderately Stressed
2024-11-15 07:30:00,15.74,22.44,39.0,3.8,21.3,5.96,22.0,1,3,1,7,1,4,15,16.03,0.22,-0.23,22.44,Moderately Stressed
2024-11-15 07:45:00,15.64,22.54,39.0,3.6,21.7,5.96,22.0,1,3,1,7,1,4,15,15.97,0.21,-0.23,22.54,Moderately Stressed
2024-11-15 08:00:00,15.54,22.76,39.0,3.6,21.7,5.95,22.3,1,3,1,8,1,4,15,15.91,0.22,-0.28,22.76,Moderately Stressed
2024-11-15 08:15:00,15.36,23.09,38.0,3.4,22.5,5.93,22.8,1,3,1,8,1,4,15,15.84,0.25,-0.38,23.09,Moderately Stressed
2024-11-15 08:30:00,15.36,23.09,38.0,3.1,23.4,5.92,23.2,1,3,1,8,1,4,15,15.77,0.25,-0.38,23.09,Moderately Stressed
2024-11-15 08:45:00,15.21,23.4,38.0,3.1,23.6,5.92,23.2,1,3,1,8,1,4,15,15.69,0.27,-0.43,23.4,Moderately Stressed
2024-11-15 09:00:00,15.01,23.7,38.0,3.1,23.6,5.92,23.5,1,3,1,9,1,4,15,15.6,0.31,-0.53,23.7,Moderately Stressed
2024-11-15 09:15:00,14.8,24.3,37.0,2.7,25.4,5.89,24.3,1,3,1,9,1,4,15,15.5,0.36,-0.56,24.3,Moderately Stressed
2024-11-15 09:30:00,14.8,24.3,37.0,2.6,26.3,5.86,25.0,1,3,1,9,1,4,15,15.41,0.38,-0.56,24.3,Moderately Stressed
2024-11-15 09:45:00,14.36,25.49,37.0,2.5,26.4,5.86,25.0,1,3,1,9,1,4,16,15.28,0.46,-0.85,25.49,Moderately Stressed
2024-11-15 10:00:00,14.36,25.49,37.0,2.5,26.4,5.84,25.8,1,3,1,10,1,4,16,15.16,0.49,-0.65,25.49,Moderately Stressed
2024-11-15 10:15:00,14.36,25.49,37.0,2.3,25.7,5.85,25.4,1,3,1,10,1,4,16,15.04,0.51,-0.44,25.49,Moderately Stressed
2024-11-15 10:30:00,14.01,26.18,37.0,2.3,26.8,5.83,25.9,1,3,1,10,1,4,16,14.9,0.54,-0.79,26.18,Moderately Stressed
2024-11-15 10:45:00,14.01,26.18,37.0,2.2,27.4,5.83,25.9,1,3,1,10,1,4,16,14.76,0.54,-0.35,26.18,Moderately Stressed
2024-11-15 11:00:00,13.91,26.6,36.0,2.2,27.4,5.81,26.4,1,3,1,11,1,4,16,14.63,0.53,-0.45,26.6,Moderately Stressed
2024-11-15 11:15:00,13.62,27.53,37.0,2.1,30.0,5.72,28.1,1,3,1,11,1,4,16,14.48,0.55,-0.74,27.53,Moderately Stressed
2024-11-15 11:30:00,13.62,27.53,37.0,1.8,31.6,5.7,28.4,1,3,1,11,1,4,16,14.34,0.53,-0.39,27.53,Moderately Stressed
2024-11-15 11:45:00,13.65,27.86,36.0,1.8,28.3,5.7,28.4,1,3,1,11,1,4,16,14.21,0.48,-0.36,27.86,Moderately Stressed
2024-11-15 12:00:00,13.54,27.75,36.0,1.8,28.3,5.74,27.7,1,3,1,12,1,4,16,14.09,0.45,-0.37,27.86,Moderately Stressed
2024-11-15 12:15:00,13.47,28.08,36.0,1.8,30.5,5.68,28.6,1,3,1,12,1,4,16,13.98,0.42,-0.15,28.08,Moderately Stressed
2024-11-15 12:30:00,13.47,28.08,36.0,1.7,28.4,5.73,27.7,1,3,1,12,1,4,16,13.86,0.35,-0.15,28.08,Moderately Stressed
2024-11-15 12:45:00,13.53,27.79,36.0,1.9,28.3,5.73,27.7,1,3,1,12,1,4,16,13.8,0.33,-0.12,28.08,Moderately Stressed
2024-11-15 13:00:00,13.41,27.95,36.0,1.9,28.3,5.71,28.0,1,3,1,13,1,4,16,13.72,0.29,-0.13,28.08,Moderately Stressed
2024-11-15 13:15:00,13.36,28.19,36.0,1.8,30.7,5.69,28.4,1,3,1,13,1,4,16,13.63,0.23,-0.11,28.19,Moderately Stressed
2024-11-15 13:30:00,13.36,28.19,36.0,1.7,28.8,5.67,28.7,1,3,1,13,1,4,16,13.58,0.2,-0.11,28.19,Moderately Stressed
2024-11-15 13:45:00,13.26,28.28,36.0,1.7,29.8,5.67,28.7,1,3,1,13,1,4,16,13.52,0.17,-0.27,28.28,Moderately Stressed
2024-11-15 14:00:00,13.27,28.25,36.0,1.7,29.8,5.68,28.4,1,3,1,14,1,4,16,13.46,0.13,-0.14,28.28,Moderately Stressed
2024-11-15 14:15:00,13.22,28.27,36.0,1.7,29.0,5.67,28.4,1,3,1,14,1,4,16,13.43,0.14,-0.14,28.28,Moderately Stressed
2024-11-15 14:30:00,13.22,28.27,36.0,1.7,31.8,5.6,29.8,1,3,1,14,1,4,16,13.4,0.14,-0.14,28.28,Moderately Stressed
2024-11-15 14:45:00,13.04,28.8,36.0,1.6,30.6,5.6,29.8,1,3,1,14,1,4,16,13.35,0.15,-0.22,28.8,Moderately Stressed
2024-11-15 15:00:00,13.04,28.8,36.0,1.6,30.6,5.62,29.5,1,3,1,15,1,4,16,13.3,0.16,-0.23,28.8,Moderately Stressed
2024-11-15 15:15:00,13.15,28.48,36.0,1.9,30.3,5.62,29.6,1,3,1,15,1,4,16,13.28,0.16,-0.07,28.8,Moderately Stressed
2024-11-15 15:30:00,13.15,28.48,36.0,2.1,27.8,5.67,28.6,1,3,1,15,1,4,16,13.25,0.15,-0.07,28.8,Moderately Stressed
2024-11-15 15:45:00,13.09,28.07,35.0,2.1,28.9,5.67,28.6,1,3,1,15,1,4,16,13.21,0.12,0.05,28.8,Moderately Stressed
2024-11-15 16:00:00,12.59,28.38,33.0,2.1,28.9,5.63,29.2,1,3,1,16,1,4,16,13.15,0.21,-0.45,28.8,Severely Stressed
2024-11-15 16:15:00,12.5,28.69,34.0,2.2,33.2,5.61,29.4,1,3,1,16,1,4,16,13.07,0.27,-0.65,28.8,Severely Stressed
2024-11-15 16:30:00,12.5,28.69,34.0,2.1,29.7,5.68,28.0,1,3,1,16,1,4,16,13.0,0.3,-0.65,28.8,Severely Stressed
2024-11-15 16:45:00,12.65,28.07,34.0,2.6,26.2,5.68,28.0,1,3,1,16,1,4,16,12.95,0.3,-0.44,28.8,Severely Stressed
2024-11-15 17:00:00,12.65,28.07,34.0,2.6,26.2,5.74,26.8,1,3,1,17,1,4,16,12.9,0.29,0.06,28.8,Severely Stressed
2024-11-15 17:15:00,12.65,28.07,34.0,5.1,24.3,5.77,26.3,1,3,1,17,1,4,16,12.85,0.28,0.15,28.8,Severely Stressed
2024-11-15 17:30:00,12.79,26.6,33.0,3.3,23.7,5.78,26.0,1,3,1,17,1,4,16,12.82,0.26,0.29,28.8,Severely Stressed
2024-11-15 17:45:00,12.79,26.6,33.0,3.2,23.3,5.78,26.0,1,3,1,17,1,4,16,12.8,0.25,0.14,28.8,Severely Stressed
2024-11-15 18:00:00,12.79,26.3,34.0,3.2,23.3,5.81,25.6,1,3,1,18,1,4,16,12.78,0.24,0.14,28.69,Severely Stressed
2024-11-15 18:15:00,12.83,25.98,33.0,3.3,22.9,5.82,25.4,1,3,1,18,1,4,16,12.75,0.21,0.18,28.69,Severely Stressed
2024-11-15 18:30:00,12.83,25.98,33.0,3.2,22.6,5.84,25.0,1,3,1,18,1,4,16,12.72,0.17,0.04,28.69,Severely Stressed
2024-11-15 18:45:00,12.84,25.76,33.0,3.4,22.4,5.84,25.0,1,3,1,18,1,4,16,12.7,0.13,0.05,28.69,Severely Stressed
2024-11-15 19:00:00,12.85,25.51,33.0,3.4,22.4,5.85,24.8,1,3,1,19,0,4,16,12.72,0.13,0.06,28.69,Severely Stressed
2024-11-15 19:15:00,12.89,25.3,34.0,3.4,22.3,5.86,24.6,1,3,1,19,0,4,16,12.76,0.12,0.06,28.69,Severely Stressed
2024-11-15 19:30:00,12.89,25.3,34.0,3.4,22.2,5.85,24.4,1,3,1,19,0,4,16,12.79,0.09,0.06,28.07,Severely Stressed
2024-11-15 19:45:00,12.89,25.14,34.0,3.3,22.3,5.85,24.4,1,3,1,19,0,4,16,12.81,0.08,0.05,28.07,Severely Stressed
2024-11-15 20:00:00,12.89,24.95,34.0,3.3,22.3,5.86,24.3,1,3,1,20,0,4,16,12.83,0.07,0.04,28.07,Severely Stressed
2024-11-15 20:15:00,12.88,24.84,34.0,3.4,22.3,5.86,24.2,1,3,1,20,0,4,16,12.85,0.04,-0.01,26.6,Severely Stressed
2024-11-15 20:30:00,12.88,24.84,34.0,3.4,22.7,5.86,24.1,1,3,1,20,0,4,16,12.85,0.04,-0.01,26.6,Severely Stressed
2024-11-15 20:45:00,12.86,24.63,34.0,3.3,22.5,5.86,24.1,1,3,1,20,0,4,16,12.86,0.03,-0.03,26.3,Severely Stressed
2024-11-15 21:00:00,12.86,24.63,34.0,3.3,22.5,5.87,24.0,1,3,1,21,0,4,16,12.87,0.02,-0.03,25.98,Severely Stressed
2024-11-15 21:15:00,12.87,24.52,34.0,3.3,22.4,5.86,23.8,1,3,1,21,0,4,16,12.87,0.02,-0.01,25.98,Severely Stressed
2024-11-15 21:30:00,12.87,24.52,34.0,3.4,22.2,5.88,23.6,1,3,1,21,0,4,16,12.87,0.02,-0.01,25.76,Severely Stressed
2024-11-15 21:45:00,12.89,24.36,34.0,3.5,21.9,5.88,23.6,1,3,1,21,0,4,16,12.88,0.01,0.03,25.51,Severely Stressed
2024-11-15 22:00:00,12.89,24.22,34.0,3.5,21.9,5.89,23.5,1,3,1,22,0,4,16,12.88,0.01,0.03,25.3,Severely Stressed
2024-11-15 22:15:00,12.9,24.1,34.0,3.6,21.8,5.9,23.3,1,3,1,22,0,4,16,12.88,0.01,0.03,25.3,Severely Stressed
2024-11-15 22:30:00,12.9,24.1,34.0,3.6,21.7,5.89,23.2,1,3,1,22,0,4,16,12.88,0.01,0.03,25.14,Severely Stressed
2024-11-15 22:45:00,12.89,24.0,34.0,3.6,21.7,5.89,23.2,0,2,1,22,0,4,16,12.88,0.01,0.0,24.95,Severely Stressed
2024-11-15 23:00:00,12.9,23.88,34.0,3.6,21.7,5.9,23.0,1,3,1,23,0,4,16,12.88,0.01,0.01,24.84,Severely Stressed
2024-11-15 23:15:00,12.92,23.8,34.0,3.6,21.7,5.89,23.0,0,2,1,23,0,4,16,12.89,0.02,0.02,24.84,Severely Stressed
2024-11-15 23:30:00,12.92,23.8,34.0,3.6,21.8,5.9,23.0,1,3,1,23,0,4,16,12.89,0.02,0.02,24.63,Severely Stressed
2024-11-15 23:45:00,12.91,23.71,34.0,3.6,21.9,5.9,23.0,1,3,1,23,0,4,16,12.89,0.02,0.02,24.63,Severely Stressed
2024-11-16 00:00:00,12.91,23.67,34.0,3.6,21.9,5.91,22.9,1,3,1,0,0,5,16,12.9,0.02,0.01,24.52,Severely Stressed
2024-11-16 00:15:00,12.91,23.61,34.0,3.7,21.9,5.91,22.9,1,3,1,0,0,5,16,12.9,0.01,-0.01,24.52,Severely Stressed
2024-11-16 00:30:00,12.91,23.61,34.0,3.7,22.0,5.89,22.9,1,3,1,0,0,5,16,12.9,0.01,-0.01,24.36,Severely Stressed
2024-11-16 00:45:00,12.91,23.6,34.0,3.6,21.9,5.89,22.9,1,3,1,0,0,5,16,12.91,0.01,0.0,24.22,Severely Stressed
2024-11-16 01:00:00,12.91,23.54,34.0,3.6,21.9,5.89,22.9,1,3,1,1,0,5,16,12.91,0.01,0.0,24.1,Severely Stressed
2024-11-16 01:15:00,12.91,23.49,34.0,6.3,21.6,5.89,22.8,0,2,1,1,0,5,16,12.91,0.01,0.0,24.1,Severely Stressed
2024-11-16 01:30:00,12.91,23.49,34.0,6.6,21.3,5.9,22.7,0,2,1,1,0,5,16,12.91,0.01,0.0,24.0,Severely Stressed
2024-11-16 01:45:00,12.93,23.38,34.0,7.2,21.2,5.9,22.7,0,2,1,1,0,5,16,12.91,0.01,0.02,23.88,Severely Stressed
2024-11-16 02:00:00,12.93,23.38,34.0,7.2,21.2,5.91,22.6,0,2,1,2,0,5,16,12.92,0.01,0.02,23.8,Severely Stressed
2024-11-16 02:15:00,12.94,23.3,34.0,7.1,21.1,5.91,22.6,0,2,1,2,0,5,16,12.92,0.01,0.03,23.8,Severely Stressed
2024-11-16 02:30:00,12.94,23.3,34.0,6.8,21.3,5.9,22.6,0,2,1,2,0,5,16,12.92,0.01,0.03,23.71,Severely Stressed
2024-11-16 02:45:00,12.92,23.29,34.0,6.8,21.3,5.9,22.6,0,2,1,2,0,5,16,12.92,0.01,-0.01,23.67,Severely Stressed
2024-11-16 03:00:00,12.93,23.25,34.0,6.8,21.3,5.89,22.6,0,2,1,3,0,5,16,12.92,0.01,0.0,23.61,Severely Stressed
2024-11-16 03:15:00,12.94,23.19,34.0,6.8,21.2,5.89,22.5,0,2,1,3,0,5,16,12.92,0.01,0.0,23.61,Severely Stressed
2024-11-16 03:30:00,12.94,23.19,34.0,7.0,21.1,5.89,22.5,0,2,1,3,0,5,16,12.93,0.01,0.0,23.6,Severely Stressed
2024-11-16 03:45:00,12.93,23.12,34.0,7.4,20.9,5.89,22.5,0,2,1,3,0,5,16,12.93,0.01,0.01,23.54,Severely Stressed
2024-11-16 04:00:00,12.93,23.02,34.0,7.4,20.9,5.9,22.3,0,2,1,4,0,5,16,12.93,0.01,0.0,23.49,Severely Stressed
2024-11-16 04:15:00,12.96,22.95,34.0,7.6,20.7,5.9,22.2,0,2,1,4,0,5,16,12.93,0.01,0.02,23.49,Severely Stressed
2024-11-16 04:30:00,12.96,22.95,34.0,7.4,20.5,5.9,22.1,1,3,1,4,0,5,16,12.94,0.01,0.02,23.38,Severely Stressed
2024-11-16 04:45:00,12.94,22.85,34.0,7.1,20.5,5.9,22.1,1,3,1,4,0,5,16,12.94,0.01,0.01,23.38,Severely Stressed
2024-11-16 05:00:00,12.95,22.78,35.0,7.1,20.5,5.89,22.1,1,3,1,5,0,5,16,12.94,0.01,0.02,23.3,Severely Stressed
2024-11-16 05:15:00,12.97,22.67,35.0,8.0,20.3,5.88,21.9,1,3,1,5,0,5,16,12.94,0.01,0.01,23.3,Severely Stressed
2024-11-16 05:30:00,12.97,22.67,35.0,7.8,20.3,5.88,21.9,1,3,1,5,0,5,16,12.94,0.02,0.01,23.29,Severely Stressed
2024-11-16 05:45:00,12.97,22.59,35.0,7.0,20.6,5.88,21.9,0,2,1,5,0,5,16,12.95,0.02,0.03,23.25,Severely Stressed
2024-11-16 06:00:00,12.96,22.59,35.0,7.0,20.6,5.88,21.9,0,2,1,6,1,5,16,12.95,0.02,0.01,23.19,Severely Stressed
2024-11-16 06:15:00,12.97,22.58,35.0,6.8,20.8,5.88,22.0,0,2,1,6,1,5,16,12.95,0.02,0.0,23.19,Severely Stressed
2024-11-16 06:30:00,12.97,22.58,35.0,7.1,20.4,5.88,21.8,0,2,1,6,1,5,16,12.96,0.02,0.0,23.12,Severely Stressed
2024-11-16 06:45:00,12.99,22.52,35.0,6.8,20.6,5.88,21.8,0,2,1,6,1,5,16,12.96,0.02,0.02,23.02,Severely Stressed
2024-11-16 07:00:00,12.96,22.49,35.0,6.8,20.6,5.87,21.9,0,2,1,7,1,5,16,12.96,0.01,0.0,22.95,Severely Stressed
2024-11-16 07:15:00,12.96,22.48,35.0,6.8,20.5,5.87,21.9,0,2,1,7,1,5,16,12.96,0.01,-0.01,22.95,Severely Stressed
2024-11-16 07:30:00,12.96,22.48,35.0,6.3,21.3,5.86,22.3,0,2,1,7,1,5,16,12.96,0.01,-0.01,22.85,Severely Stressed
2024-11-16 07:45:00,12.9,22.66,35.0,5.5,21.9,5.86,22.3,0,2,1,7,1,5,16,12.96,0.02,-0.09,22.78,Severely Stressed
2024-11-16 08:00:00,12.85,22.98,35.0,5.5,21.9,5.85,22.8,0,2,1,8,1,5,16,12.95,0.04,-0.11,22.98,Severely Stressed
2024-11-16 08:15:00,12.83,23.22,35.0,3.3,23.0,5.83,23.3,0,2,1,8,1,5,16,12.94,0.05,-0.13,23.22,Severely Stressed
2024-11-16 08:30:00,12.83,23.22,35.0,2.8,23.4,5.81,23.8,0,2,1,8,1,5,16,12.93,0.06,-0.13,23.22,Severely Stressed
2024-11-16 08:45:00,12.73,23.59,35.0,2.6,24.3,5.81,23.8,0,2,1,8,1,5,16,12.91,0.08,-0.17,23.59,Severely Stressed
2024-11-16 09:00:00,12.66,23.96,35.0,2.6,24.3,5.78,24.3,0,2,1,9,1,5,16,12.88,0.11,-0.19,23.96,Severely Stressed
2024-11-16 09:15:00,15.09,24.53,48.0,2.7,25.9,5.76,26.3,6,17,8,9,1,5,16,13.06,0.65,2.26,24.53,Moderately Stressed
2024-11-16 09:30:00,15.09,24.53,48.0,2.3,27.0,5.8,26.8,10,30,15,9,1,5,16,13.24,0.87,2.26,24.53,Moderately Stressed
2024-11-16 09:45:00,15.3,25.87,49.0,2.2,28.9,5.8,26.8,6,18,9,9,1,5,17,13.43,1.05,2.57,25.87,Moderately Stressed
2024-11-16 10:00:00,15.3,25.87,49.0,2.2,28.9,5.9,27.0,5,15,7,10,1,5,17,13.62,1.16,2.64,25.87,Moderately Stressed
2024-11-16 10:15:00,14.93,26.31,47.0,2.1,28.1,5.87,27.4,4,13,6,10,1,5,17,13.79,1.2,-0.16,26.31,Moderately Stressed
2024-11-16 10:30:00,14.93,26.31,47.0,1.9,26.8,5.88,27.0,4,11,5,10,1,5,17,13.95,1.21,-0.16,26.31,Moderately Stressed
2024-11-16 10:45:00,14.71,26.38,46.0,2.0,28.1,5.88,27.0,3,10,5,10,1,5,17,14.1,1.18,-0.59,26.38,Moderately Stressed
2024-11-16 11:00:00,14.56,26.6,45.0,2.0,28.1,5.85,27.3,3,10,5,11,1,5,17,14.25,1.12,-0.74,26.6,Moderately Stressed
2024-11-16 11:15:00,14.31,26.59,44.0,1.9,27.0,5.86,26.9,3,9,4,11,1,5,17,14.37,1.02,-0.62,26.6,Moderately Stressed
2024-11-16 11:30:00,14.31,26.59,44.0,1.9,27.0,5.86,26.8,3,9,4,11,1,5,17,14.49,0.9,-0.62,26.6,Moderately Stressed
2024-11-16 11:45:00,14.16,26.6,44.0,1.9,27.1,5.86,26.8,3,9,4,11,1,5,17,14.61,0.73,-0.55,26.6,Moderately Stressed
2024-11-16 12:00:00,14.02,26.7,43.0,1.9,27.1,5.84,26.9,3,8,4,12,1,5,17,14.73,0.45,-0.54,26.7,Moderately Stressed
2024-11-16 12:15:00,13.7,27.47,43.0,1.9,28.8,5.77,28.1,3,8,4,12,1,5,17,14.61,0.52,-0.61,27.47,Moderately Stressed
2024-11-16 12:30:00,13.7,27.47,43.0,1.8,31.5,5.73,28.7,3,8,4,12,1,5,17,14.49,0.56,-0.61,27.47,Moderately Stressed
2024-11-16 12:45:00,13.68,27.87,43.0,1.7,30.0,5.73,28.7,3,8,4,12,1,5,17,14.36,0.54,-0.48,27.87,Moderately Stressed
2024-11-16 13:00:00,13.68,27.84,42.0,1.7,30.0,5.75,28.1,3,8,4,13,1,5,17,14.22,0.48,-0.34,27.87,Moderately Stressed
2024-11-16 13:15:00,13.55,27.83,42.0,1.7,28.7,5.75,28.1,3,8,4,13,1,5,17,14.11,0.46,-0.15,27.87,Moderately Stressed
2024-11-16 13:30:00,13.55,27.83,42.0,1.7,30.0,5.67,29.4,3,8,4,13,1,5,17,13.99,0.41,-0.15,27.87,Moderately Stressed
2024-11-16 13:45:00,13.25,28.47,42.0,1.8,33.2,5.67,29.4,3,8,4,13,1,5,17,13.87,0.39,-0.43,28.47,Moderately Stressed
2024-11-16 14:00:00,13.25,28.71,41.0,1.8,33.2,5.66,29.4,3,8,4,14,1,5,17,13.76,0.36,-0.43,28.71,Moderately Stressed
2024-11-16 14:15:00,13.18,28.67,41.0,2.0,32.7,5.7,28.3,2,8,4,14,1,5,17,13.67,0.36,-0.37,28.71,Moderately Stressed
2024-11-16 14:30:00,13.18,28.67,41.0,2.1,37.0,5.65,28.9,2,7,3,14,1,5,17,13.57,0.32,-0.37,28.71,Moderately Stressed
2024-11-16 14:45:00,13.02,29.22,41.0,1.9,37.1,5.65,28.9,2,7,3,14,1,5,17,13.48,0.3,-0.23,29.22,Moderately Stressed
2024-11-16 15:00:00,13.07,29.1,41.0,1.9,37.1,5.61,29.8,2,7,3,15,1,5,17,13.4,0.27,-0.18,29.22,Moderately Stressed
2024-11-16 15:15:00,13.14,28.79,41.0,1.8,32.6,5.64,29.2,2,8,4,15,1,5,17,13.35,0.26,-0.04,29.22,Moderately Stressed
2024-11-16 15:30:00,13.14,28.79,41.0,2.0,30.1,5.68,28.4,2,7,3,15,1,5,17,13.31,0.24,-0.04,29.22,Moderately Stressed
2024-11-16 15:45:00,13.52,28.36,41.0,25.3,26.1,5.68,28.4,2,7,3,15,1,5,17,13.29,0.22,0.5,29.22,Moderately Stressed
2024-11-16 16:00:00,13.45,27.89,41.0,25.3,26.1,5.75,27.1,2,7,3,16,1,5,17,13.27,0.19,0.38,29.22,Moderately Stressed
2024-11-16 16:15:00,13.12,28.31,41.0,6.8,28.1,5.73,27.6,2,7,3,16,1,5,17,13.24,0.18,-0.02,29.22,Moderately Stressed
2024-11-16 16:30:00,13.12,28.31,41.0,4.9,30.5,5.72,27.9,2,7,3,16,1,5,17,13.2,0.15,-0.02,29.22,Moderately Stressed
2024-11-16 16:45:00,13.05,28.47,40.0,4.2,29.5,5.72,27.9,2,7,3,16,1,5,17,13.19,0.15,-0.47,29.22,Moderately Stressed
2024-11-16 17:00:00,13.16,28.13,40.0,4.2,29.5,5.77,27.2,2,6,3,17,1,5,17,13.18,0.15,-0.29,29.22,Moderately Stressed
2024-11-16 17:15:00,13.15,27.74,40.0,3.8,27.4,5.8,26.8,2,5,2,17,1,5,17,13.18,0.15,0.03,29.22,Moderately Stressed
2024-11-16 17:30:00,13.15,27.74,40.0,3.4,26.0,5.84,26.3,2,5,2,17,1,5,17,13.17,0.15,0.03,29.22,Moderately Stressed
2024-11-16 17:45:00,13.19,27.31,39.0,3.2,24.6,5.84,26.3,2,5,2,17,1,5,17,13.19,0.14,0.14,29.1,Moderately Stressed
2024-11-16 18:00:00,13.28,26.8,39.0,3.2,24.6,5.87,25.9,2,5,2,18,1,5,17,13.21,0.14,0.12,28.79,Moderately Stressed
2024-11-16 18:15:00,17.64,26.29,53.0,31.8,23.3,5.89,25.5,2,7,3,18,1,5,17,13.58,1.29,4.49,28.79,Moderately Stressed
2024-11-16 18:30:00,17.64,26.29,53.0,44.3,22.9,5.91,25.2,1,5,2,18,1,5,17,13.96,1.73,4.49,28.47,Moderately Stressed
2024-11-16 18:45:00,17.63,25.95,52.0,40.8,22.7,5.91,25.2,1,4,2,18,1,5,17,14.3,2.02,4.44,28.47,Moderately Stressed
2024-11-16 19:00:00,17.42,25.66,52.0,40.8,22.7,5.93,24.8,2,5,2,19,0,5,17,14.63,2.18,4.14,28.47,Moderately Stressed
2024-11-16 19:15:00,16.82,25.46,50.0,39.0,22.8,5.93,24.6,2,5,2,19,0,5,17,14.94,2.21,-0.82,28.47,Moderately Stressed
2024-11-16 19:30:00,16.82,25.46,50.0,41.7,22.8,5.94,24.5,2,5,2,19,0,5,17,15.25,2.19,-0.82,28.47,Moderately Stressed
2024-11-16 19:45:00,16.08,25.32,48.0,43.9,22.8,5.94,24.5,2,5,2,19,0,5,17,15.5,2.09,-1.55,28.13,Moderately Stressed
2024-11-16 20:00:00,15.7,25.11,46.0,43.9,22.8,5.95,24.4,1,5,2,20,0,5,17,15.71,1.95,-1.72,27.74,Moderately Stressed
2024-11-16 20:15:00,15.52,24.88,45.0,46.0,22.6,5.95,24.1,1,5,2,20,0,5,17,15.91,1.78,-1.3,27.74,Moderately Stressed
2024-11-16 20:30:00,15.52,24.88,45.0,46.6,22.5,5.96,24.0,1,5,2,20,0,5,17,16.1,1.57,-1.3,27.31,Moderately Stressed
2024-11-16 20:45:00,15.35,24.73,45.0,46.2,22.4,5.96,24.0,1,5,2,20,0,5,17,16.28,1.31,-0.73,26.8,Moderately Stressed
2024-11-16 21:00:00,15.18,24.62,44.0,46.2,22.4,5.97,23.9,1,5,2,21,0,5,17,16.44,0.99,-0.52,26.29,Moderately Stressed
2024-11-16 21:15:00,15.09,24.51,43.0,47.7,22.5,5.98,23.9,1,5,2,21,0,5,17,16.23,0.98,-0.43,26.29,Moderately Stressed
2024-11-16 21:30:00,15.09,24.51,43.0,49.1,22.3,5.99,23.6,1,5,2,21,0,5,17,16.02,0.92,-0.43,25.95,Moderately Stressed
2024-11-16 21:45:00,14.99,24.33,43.0,70.6,22.0,5.99,23.6,1,5,2,21,0,5,17,15.8,0.81,-0.36,25.66,Moderately Stressed
2024-11-16 22:00:00,19.77,24.19,50.0,70.6,22.0,6.0,23.5,2,5,2,22,0,5,17,15.99,1.34,4.59,25.46,Healthy
2024-11-16 22:15:00,18.48,24.06,46.0,59.6,21.9,6.01,23.4,1,4,2,22,0,5,17,16.13,1.51,3.39,25.46,Healthy
2024-11-16 22:30:00,18.48,24.06,46.0,50.8,21.8,6.01,23.2,1,4,2,22,0,5,17,16.27,1.65,3.39,25.32,Healthy
2024-11-16 22:45:00,17.17,23.93,43.0,43.1,21.7,6.01,23.2,1,4,2,22,0,5,17,16.36,1.67,2.18,25.11,Moderately Stressed
2024-11-16 23:00:00,16.57,23.81,42.0,43.1,21.7,6.01,23.1,1,4,2,23,0,5,17,16.43,1.66,-3.2,24.88,Moderately Stressed
2024-11-16 23:15:00,16.22,23.78,41.0,37.3,21.7,6.0,23.1,1,4,2,23,0,5,17,16.49,1.63,-2.26,24.88,Moderately Stressed
2024-11-16 23:30:00,16.22,23.78,41.0,35.1,21.8,5.99,23.1,1,3,1,23,0,5,17,16.55,1.61,-2.26,24.73,Moderately Stressed
2024-11-16 23:45:00,15.94,23.69,40.0,34.8,21.8,5.99,23.1,1,3,1,23,0,5,17,16.6,1.58,-1.23,24.62,Moderately Stressed
2024-11-17 00:00:00,15.74,23.6,40.0,34.8,21.8,5.99,23.0,1,3,1,0,0,6,17,16.65,1.54,-0.83,24.51,Moderately Stressed
2024-11-17 00:15:00,15.59,23.6,40.0,38.8,21.8,5.99,23.0,1,3,1,0,0,6,17,16.69,1.5,-0.63,24.51,Moderately Stressed
2024-11-17 00:30:00,15.59,23.6,40.0,41.7,21.9,5.99,23.0,1,3,1,0,0,6,17,16.73,1.46,-0.63,24.33,Moderately Stressed
2024-11-17 00:45:00,15.44,23.58,39.0,43.0,21.8,5.99,23.0,1,3,1,0,0,6,17,16.77,1.41,-0.5,24.19,Moderately Stressed
2024-11-17 01:00:00,15.31,23.49,39.0,43.0,21.8,5.99,22.9,1,3,1,1,0,6,17,16.4,1.1,-0.43,24.06,Moderately Stressed
2024-11-17 01:15:00,15.22,23.4,39.0,43.6,21.6,5.99,22.7,1,3,1,1,0,6,17,16.12,0.93,-0.37,24.06,Moderately Stressed
2024-11-17 01:30:00,15.22,23.4,39.0,45.3,21.4,6.0,22.6,1,3,1,1,0,6,17,15.85,0.6,-0.37,23.93,Moderately Stressed
2024-11-17 01:45:00,15.14,23.21,39.0,47.1,21.2,6.0,22.6,1,3,1,1,0,6,17,15.68,0.46,-0.3,23.81,Moderately Stressed
2024-11-17 02:00:00,15.14,23.21,39.0,47.1,21.2,6.01,22.5,1,3,1,2,0,6,17,15.56,0.39,-0.17,23.78,Moderately Stressed
2024-11-17 02:15:00,15.05,23.19,38.0,47.6,21.4,6.01,22.6,1,3,1,2,0,6,17,15.47,0.36,-0.17,23.78,Moderately Stressed
2024-11-17 02:30:00,15.05,23.19,38.0,49.3,21.2,6.01,22.4,1,3,1,2,0,6,17,15.37,0.29,-0.17,23.69,Moderately Stressed
2024-11-17 02:45:00,14.98,23.11,38.0,49.1,21.3,6.01,22.4,1,3,1,2,0,6,17,15.29,0.25,-0.16,23.6,Moderately Stressed
2024-11-17 03:00:00,14.89,23.09,38.0,49.1,21.3,6.0,22.5,1,3,1,3,0,6,17,15.22,0.23,-0.25,23.6,Moderately Stressed
2024-11-17 03:15:00,14.85,23.09,38.0,39.0,21.5,5.99,22.5,1,3,1,3,0,6,17,15.16,0.22,-0.2,23.6,Moderately Stressed
2024-11-17 03:30:00,14.85,23.09,38.0,35.9,21.4,5.99,22.4,1,3,1,3,0,6,17,15.1,0.19,-0.2,23.58,Moderately Stressed
2024-11-17 03:45:00,14.76,23.08,38.0,36.8,21.4,5.99,22.4,1,3,1,3,0,6,17,15.04,0.17,-0.22,23.49,Moderately Stressed
2024-11-17 04:00:00,14.7,22.99,37.0,36.8,21.4,5.99,22.3,1,3,1,4,0,6,17,14.99,0.18,-0.19,23.4,Moderately Stressed
2024-11-17 04:15:00,14.67,22.88,37.0,36.8,21.0,6.01,22.1,1,3,1,4,0,6,17,14.94,0.18,-0.18,23.4,Moderately Stressed
2024-11-17 04:30:00,14.67,22.88,37.0,36.8,21.0,6.0,22.1,1,3,1,4,0,6,17,14.9,0.18,-0.18,23.21,Moderately Stressed
2024-11-17 04:45:00,14.59,22.8,37.0,38.1,20.9,6.0,22.1,1,3,1,4,0,6,17,14.85,0.18,-0.17,23.21,Moderately Stressed
2024-11-17 05:00:00,14.54,22.72,37.0,38.1,20.9,5.99,21.9,1,3,1,5,0,6,17,14.8,0.17,-0.16,23.19,Moderately Stressed
2024-11-17 05:15:00,14.49,22.68,37.0,37.7,21.0,5.99,21.9,1,3,1,5,0,6,17,14.75,0.17,-0.18,23.19,Moderately Stressed
2024-11-17 05:30:00,14.49,22.68,37.0,38.5,20.8,6.0,21.8,1,3,1,5,0,6,17,14.71,0.16,-0.18,23.11,Moderately Stressed
2024-11-17 05:45:00,14.47,22.59,37.0,40.3,20.8,6.0,21.8,1,3,1,5,0,6,17,14.66,0.15,-0.12,23.09,Moderately Stressed
2024-11-17 06:00:00,14.43,22.58,37.0,40.3,20.8,5.99,21.9,1,3,1,6,1,6,17,14.63,0.15,-0.11,23.09,Moderately Stressed
2024-11-17 06:15:00,14.39,22.56,37.0,40.7,20.8,5.99,21.8,1,3,1,6,1,6,17,14.59,0.14,-0.1,23.09,Moderately Stressed
2024-11-17 06:30:00,14.39,22.56,37.0,40.5,21.1,5.98,21.9,1,3,1,6,1,6,17,14.55,0.13,-0.1,23.08,Moderately Stressed
2024-11-17 06:45:00,14.36,22.57,37.0,40.6,21.3,5.98,21.9,1,3,1,6,1,6,17,14.52,0.12,-0.11,22.99,Moderately Stressed
2024-11-17 07:00:00,14.3,22.59,37.0,40.6,21.3,5.97,22.0,1,3,1,7,1,6,17,14.48,0.12,-0.13,22.88,Moderately Stressed
2024-11-17 07:15:00,14.29,22.66,37.0,39.4,21.4,5.96,22.1,1,3,1,7,1,6,17,14.45,0.11,-0.1,22.88,Moderately Stressed
2024-11-17 07:30:00,14.29,22.66,37.0,39.0,21.7,5.95,22.4,1,3,1,7,1,6,17,14.42,0.1,-0.1,22.8,Moderately Stressed
2024-11-17 07:45:00,14.17,22.78,37.0,34.8,22.3,5.95,22.4,1,3,1,7,1,6,17,14.38,0.11,-0.19,22.78,Moderately Stressed
2024-11-17 08:00:00,14.08,23.07,36.0,34.8,22.3,5.94,22.7,1,3,1,8,1,6,17,14.35,0.13,-0.22,23.07,Moderately Stressed
2024-11-17 08:15:00,13.85,23.6,36.0,32.0,24.1,5.9,23.7,1,3,1,8,1,6,17,14.29,0.18,-0.44,23.6,Moderately Stressed
2024-11-17 08:30:00,13.85,23.6,36.0,18.5,24.4,5.88,23.8,1,3,1,8,1,6,17,14.24,0.21,-0.44,23.6,Moderately Stressed
2024-11-17 08:45:00,13.77,23.84,36.0,10.1,24.6,5.88,23.8,1,3,1,8,1,6,17,14.18,0.24,-0.4,23.84,Moderately Stressed
2024-11-17 09:00:00,13.61,24.22,36.0,10.1,24.6,5.83,24.7,1,3,1,9,1,6,17,14.11,0.27,-0.47,24.22,Moderately Stressed
2024-11-17 09:15:00,13.41,24.55,36.0,8.1,25.1,5.81,24.8,1,3,1,9,1,6,17,14.03,0.33,-0.44,24.55,Moderately Stressed
2024-11-17 09:30:00,13.41,24.55,36.0,6.3,26.1,5.74,26.3,1,3,1,9,1,6,17,13.95,0.35,-0.44,24.55,Moderately Stressed
2024-11-17 09:45:00,13.22,25.06,36.0,5.5,25.6,5.74,26.3,1,3,1,9,1,6,18,13.85,0.38,-0.55,25.06,Moderately Stressed
2024-11-17 10:00:00,13.11,25.45,35.0,5.5,25.6,5.72,26.5,1,3,1,10,1,6,18,13.76,0.41,-0.5,25.45,Moderately Stressed
2024-11-17 10:15:00,12.97,26.12,35.0,4.2,28.4,5.63,28.1,1,3,1,10,1,6,18,13.65,0.43,-0.44,26.12,Severely Stressed
2024-11-17 10:30:00,12.97,26.12,35.0,3.9,26.9,5.65,27.3,1,3,1,10,1,6,18,13.53,0.42,-0.44,26.12,Severely Stressed
2024-11-17 10:45:00,12.93,26.28,35.0,3.7,26.4,5.65,27.3,1,3,1,10,1,6,18,13.43,0.4,-0.29,26.28,Severely Stressed
2024-11-17 11:00:00,12.9,26.38,35.0,3.7,26.4,5.66,26.9,1,3,1,11,1,6,18,13.33,0.37,-0.21,26.38,Severely Stressed
2024-11-17 11:15:00,12.69,27.03,35.0,3.6,27.8,5.58,28.5,1,3,1,11,1,6,18,13.24,0.37,-0.28,27.03,Severely Stressed
2024-11-17 11:30:00,12.69,27.03,35.0,3.4,31.2,5.55,29.1,1,3,1,11,1,6,18,13.14,0.35,-0.28,27.03,Severely Stressed
2024-11-17 11:45:00,12.48,27.95,35.0,2.8,29.3,5.55,29.1,1,4,2,11,1,6,18,13.03,0.34,-0.45,27.95,Severely Stressed
2024-11-17 12:00:00,12.37,28.27,35.0,2.8,29.3,5.54,28.9,1,3,1,12,1,6,18,12.93,0.33,-0.53,28.27,Severely Stressed
2024-11-17 12:15:00,12.21,29.02,35.0,2.6,30.5,5.5,29.8,1,3,1,12,1,6,18,12.83,0.35,-0.48,29.02,Severely Stressed
2024-11-17 12:30:00,12.21,29.02,35.0,2.8,30.4,5.44,31.0,1,3,1,12,1,6,18,12.73,0.34,-0.48,29.02,Severely Stressed
2024-11-17 12:45:00,12.27,29.01,35.0,2.9,30.6,5.44,31.0,1,4,2,12,1,6,18,12.65,0.33,-0.21,29.02,Severely Stressed
2024-11-17 13:00:00,12.2,29.01,35.0,2.9,30.6,5.43,31.3,1,3,1,13,1,6,18,12.57,0.32,-0.17,29.02,Severely Stressed
2024-11-17 13:15:00,12.17,29.54,35.0,2.2,33.1,5.36,32.7,1,3,1,13,1,6,18,12.51,0.31,-0.04,29.54,Severely Stressed
2024-11-17 13:30:00,12.17,29.54,35.0,2.0,33.9,5.36,32.8,1,3,1,13,1,6,18,12.44,0.29,-0.04,29.54,Severely Stressed
2024-11-17 13:45:00,12.1,29.97,35.0,1.5,32.4,5.36,32.8,1,3,1,13,1,6,18,12.37,0.26,-0.17,29.97,Severely Stressed
2024-11-17 14:00:00,12.19,29.52,34.0,1.5,32.4,5.42,31.2,1,3,1,14,1,6,18,12.31,0.2,-0.01,29.97,Severely Stressed
2024-11-17 14:15:00,12.18,29.54,34.0,1.4,32.8,5.41,31.5,1,3,1,14,1,6,18,12.27,0.17,0.01,29.97,Severely Stressed
2024-11-17 14:30:00,12.18,29.54,34.0,1.4,32.1,5.4,31.5,1,3,1,14,1,6,18,12.23,0.1,0.01,29.97,Severely Stressed
2024-11-17 14:45:00,12.12,29.54,34.0,1.3,29.8,5.4,31.5,1,3,1,14,1,6,18,12.2,0.07,0.02,29.97,Severely Stressed
2024-11-17 15:00:00,12.12,29.54,34.0,1.3,29.8,5.48,28.7,1,3,1,15,1,6,18,12.18,0.05,-0.07,29.97,Severely Stressed
2024-11-17 15:15:00,12.2,28.94,34.0,1.3,28.6,5.49,28.1,1,3,1,15,1,6,18,12.18,0.05,0.02,29.97,Severely Stressed
2024-11-17 15:30:00,12.2,28.94,34.0,1.3,28.7,5.54,27.2,1,3,1,15,1,6,18,12.18,0.05,0.02,29.97,Severely Stressed
2024-11-17 15:45:00,12.21,28.91,34.0,1.3,27.8,5.54,27.2,1,3,1,15,1,6,18,12.17,0.04,0.09,29.97,Severely Stressed
2024-11-17 16:00:00,11.99,29.11,34.0,1.3,27.8,5.55,27.3,1,3,1,16,1,6,18,12.15,0.06,-0.13,29.97,Severely Stressed
2024-11-17 16:15:00,12.07,29.25,34.0,1.3,29.3,5.53,27.6,1,3,1,16,1,6,18,12.14,0.07,-0.13,29.97,Severely Stressed
2024-11-17 16:30:00,12.07,29.25,34.0,1.3,27.5,5.59,26.7,1,3,1,16,1,6,18,12.14,0.07,-0.13,29.97,Severely Stressed
2024-11-17 16:45:00,12.21,28.79,34.0,1.4,26.5,5.59,26.7,1,3,1,16,1,6,18,12.14,0.07,0.0,29.54,Severely Stressed
2024-11-17 17:00:00,12.19,28.59,34.0,1.4,26.5,5.61,26.7,1,3,1,17,1,6,18,12.14,0.07,0.2,29.54,Severely Stressed
2024-11-17 17:15:00,12.24,28.15,34.0,1.4,26.1,5.65,26.2,1,3,1,17,1,6,18,12.15,0.08,0.17,29.54,Severely Stressed
2024-11-17 17:30:00,12.24,28.15,34.0,1.6,25.2,5.69,25.9,1,3,1,17,1,6,18,12.16,0.08,0.17,29.54,Severely Stressed
2024-11-17 17:45:00,12.29,27.65,34.0,1.8,24.4,5.69,25.9,1,3,1,17,1,6,18,12.17,0.09,0.08,29.54,Severely Stressed
2024-11-17 18:00:00,12.35,27.22,34.0,1.8,24.4,5.72,25.6,1,3,1,18,1,6,18,12.19,0.1,0.16,29.25,Severely Stressed
2024-11-17 18:15:00,12.39,26.76,34.0,1.8,23.7,5.76,25.2,1,3,1,18,1,6,18,12.2,0.12,0.15,29.25,Severely Stressed
2024-11-17 18:30:00,12.39,26.76,34.0,1.9,23.5,5.79,25.0,1,3,1,18,1,6,18,12.22,0.13,0.15,29.25,Severely Stressed
2024-11-17 18:45:00,12.43,26.4,34.0,2.0,23.2,5.79,25.0,1,3,1,18,1,6,18,12.24,0.14,0.14,29.25,Severely Stressed
2024-11-17 19:00:00,12.44,26.09,34.0,2.0,23.2,5.81,24.7,1,3,1,19,0,6,18,12.28,0.13,0.09,29.25,Severely Stressed
2024-11-17 19:15:00,12.45,25.85,34.0,2.4,23.1,5.83,24.6,1,3,1,19,0,6,18,12.31,0.12,0.06,29.25,Severely Stressed
2024-11-17 19:30:00,12.45,25.85,34.0,2.4,22.9,5.85,24.4,1,3,1,19,0,6,18,12.34,0.1,0.06,28.79,Severely Stressed
2024-11-17 19:45:00,12.49,25.61,34.0,2.4,22.7,5.85,24.4,1,3,1,19,0,6,18,12.36,0.1,0.06,28.59,Severely Stressed
2024-11-17 20:00:00,12.49,25.37,34.0,2.4,22.7,5.87,24.2,1,3,1,20,0,6,18,12.39,0.09,0.05,28.15,Severely Stressed
2024-11-17 20:15:00,12.51,25.14,34.0,2.6,22.5,5.89,24.0,1,3,1,20,0,6,18,12.41,0.08,0.06,28.15,Severely Stressed
2024-11-17 20:30:00,12.51,25.14,34.0,2.6,22.4,5.9,23.8,1,3,1,20,0,6,18,12.43,0.07,0.06,27.65,Severely Stressed
2024-11-17 20:45:00,12.51,24.94,34.0,3.0,22.3,5.9,23.8,1,3,1,20,0,6,18,12.45,0.05,0.02,27.22,Severely Stressed
2024-11-17 21:00:00,12.53,24.8,34.0,3.0,22.3,5.92,23.7,1,3,1,21,0,6,18,12.47,0.05,0.04,26.76,Severely Stressed
2024-11-17 21:15:00,12.55,24.63,34.0,3.4,22.2,5.93,23.5,1,3,1,21,0,6,18,12.48,0.05,0.04,26.76,Severely Stressed
2024-11-17 21:30:00,12.55,24.63,34.0,3.6,22.1,5.94,23.4,1,3,1,21,0,6,18,12.49,0.04,0.04,26.4,Severely Stressed
2024-11-17 21:45:00,12.54,24.46,34.0,3.5,22.2,5.94,23.4,1,3,1,21,0,6,18,12.5,0.04,0.03,26.09,Severely Stressed
2024-11-17 22:00:00,12.55,24.38,34.0,3.5,22.2,5.94,23.4,1,3,1,22,0,6,18,12.51,0.04,0.02,25.85,Severely Stressed
2024-11-17 22:15:00,12.55,24.3,34.0,3.5,22.2,5.94,23.4,1,3,1,22,0,6,18,12.52,0.03,0.0,25.85,Severely Stressed
2024-11-17 22:30:00,12.55,24.3,34.0,3.6,22.1,5.95,23.2,1,3,1,22,0,6,18,12.53,0.02,0.0,25.61,Severely Stressed
2024-11-17 22:45:00,12.57,24.14,34.0,4.4,21.7,5.95,23.2,1,3,1,22,0,6,18,12.53,0.02,0.03,25.37,Severely Stressed
2024-11-17 23:00:00,12.57,24.0,34.0,4.4,21.7,5.96,23.0,1,3,1,23,0,6,18,12.54,0.02,0.02,25.14,Severely Stressed
2024-11-17 23:15:00,12.59,23.88,34.0,4.6,21.6,5.96,22.9,1,3,1,23,0,6,18,12.55,0.02,0.04,25.14,Severely Stressed
2024-11-17 23:30:00,12.59,23.88,34.0,4.5,21.7,5.96,22.9,1,3,1,23,0,6,18,12.55,0.02,0.04,24.94,Severely Stressed
2024-11-17 23:45:00,12.6,23.79,34.0,4.6,21.5,5.96,22.9,1,3,1,23,0,6,18,12.56,0.02,0.03,24.8,Severely Stressed
2024-11-18 00:00:00,12.61,23.67,34.0,4.6,21.5,5.97,22.7,1,3,1,0,0,0,18,12.57,0.02,0.04,24.63,Severely Stressed
2024-11-18 00:15:00,12.62,23.6,34.0,4.6,21.6,5.96,22.7,1,3,1,0,0,0,18,12.57,0.03,0.03,24.63,Severely Stressed
2024-11-18 00:30:00,12.62,23.6,34.0,4.4,21.5,5.96,22.6,1,3,1,0,0,0,18,12.58,0.03,0.03,24.46,Severely Stressed
2024-11-18 00:45:00,12.63,23.49,34.0,4.8,21.2,5.96,22.6,1,3,1,0,0,0,18,12.59,0.03,0.03,24.38,Severely Stressed
2024-11-18 01:00:00,12.64,23.37,34.0,4.8,21.2,5.97,22.5,1,3,1,1,0,0,18,12.6,0.03,0.03,24.3,Severely Stressed
2024-11-18 01:15:00,12.65,23.2,34.0,5.0,21.0,5.97,22.3,1,3,1,1,0,0,18,12.6,0.03,0.03,24.3,Severely Stressed
2024-11-18 01:30:00,12.65,23.2,34.0,5.2,20.7,5.98,22.2,1,3,1,1,0,0,18,12.61,0.03,0.03,24.14,Severely Stressed
2024-11-18 01:45:00,12.67,23.08,34.0,5.0,20.9,5.98,22.2,1,3,1,1,0,0,18,12.62,0.03,0.04,24.0,Severely Stressed
2024-11-18 02:00:00,12.69,23.03,34.0,5.0,20.9,5.97,22.2,1,3,1,2,0,0,18,12.63,0.03,0.05,23.88,Severely Stressed
2024-11-18 02:15:00,12.68,23.03,34.0,4.3,21.2,5.96,22.2,1,3,1,2,0,0,18,12.64,0.03,0.03,23.88,Severely Stressed
2024-11-18 02:30:00,12.68,23.03,34.0,4.4,21.2,5.96,22.1,1,3,1,2,0,0,18,12.65,0.03,0.03,23.79,Severely Stressed
2024-11-18 02:45:00,12.68,22.98,35.0,5.1,21.0,5.96,22.1,1,3,1,2,0,0,18,12.65,0.03,0.01,23.67,Severely Stressed
2024-11-18 03:00:00,12.68,22.98,35.0,5.1,21.0,5.96,22.0,1,3,1,3,0,0,18,12.66,0.03,-0.01,23.6,Severely Stressed
2024-11-18 03:15:00,12.74,22.78,35.0,5.4,20.7,5.96,21.9,1,3,1,3,0,0,18,12.67,0.03,0.06,23.6,Severely Stressed
2024-11-18 03:30:00,12.74,22.78,35.0,4.8,20.8,5.95,21.9,1,3,1,3,0,0,18,12.68,0.03,0.06,23.49,Severely Stressed
2024-11-18 03:45:00,12.76,22.72,35.0,5.2,20.7,5.95,21.9,1,3,1,3,0,0,18,12.69,0.04,0.08,23.37,Severely Stressed
2024-11-18 04:00:00,12.85,22.66,35.0,5.2,20.7,5.96,21.8,1,3,1,4,0,0,18,12.71,0.06,0.17,23.2,Severely Stressed
2024-11-18 04:15:00,12.86,22.6,35.0,4.6,20.7,5.96,21.8,1,3,1,4,0,0,18,12.72,0.07,0.12,23.2,Severely Stressed
2024-11-18 04:30:00,12.86,22.6,35.0,4.6,20.9,5.94,21.9,1,3,1,4,0,0,18,12.74,0.08,0.12,23.08,Severely Stressed
2024-11-18 04:45:00,12.83,22.58,35.0,4.8,20.8,5.94,21.9,1,3,1,4,0,0,18,12.75,0.08,0.07,23.03,Severely Stressed
2024-11-18 05:00:00,12.85,22.56,35.0,4.8,20.8,5.95,21.8,1,3,1,5,0,0,18,12.77,0.08,0.0,23.03,Severely Stressed
2024-11-18 05:15:00,12.85,22.47,35.0,5.8,20.6,5.95,21.7,1,3,1,5,0,0,18,12.78,0.08,-0.01,23.03,Severely Stressed
2024-11-18 05:30:00,12.85,22.47,35.0,7.0,20.3,5.95,21.6,1,3,1,5,0,0,18,12.8,0.07,-0.01,22.98,Severely Stressed
2024-11-18 05:45:00,12.86,22.38,35.0,6.2,20.5,5.95,21.6,1,3,1,5,0,0,18,12.81,0.06,0.03,22.98,Severely Stressed
2024-11-18 06:00:00,12.85,22.37,35.0,6.2,20.5,5.95,21.6,1,3,1,6,1,0,18,12.82,0.05,0.0,22.78,Severely Stressed
2024-11-18 06:15:00,12.86,22.28,35.0,8.4,20.4,5.95,21.5,1,3,1,6,1,0,18,12.84,0.04,0.01,22.78,Severely Stressed
2024-11-18 06:30:00,12.86,22.28,35.0,10.8,20.4,5.94,21.6,1,3,1,6,1,0,18,12.84,0.03,0.01,22.72,Severely Stressed
2024-11-18 06:45:00,12.84,22.28,35.0,11.2,20.7,5.94,21.6,1,3,1,6,1,0,18,12.85,0.01,-0.02,22.66,Severely Stressed
2024-11-18 07:00:00,12.81,22.35,35.0,11.2,20.7,5.93,21.7,1,3,1,7,1,0,18,12.85,0.02,-0.04,22.6,Severely Stressed
2024-11-18 07:15:00,12.78,22.39,35.0,6.0,20.9,5.93,21.8,1,3,1,7,1,0,18,12.84,0.02,-0.08,22.6,Severely Stressed
2024-11-18 07:30:00,12.78,22.39,35.0,4.2,21.0,5.92,21.9,1,3,1,7,1,0,18,12.84,0.03,-0.08,22.58,Severely Stressed
2024-11-18 07:45:00,12.72,22.5,35.0,3.6,21.7,5.92,21.9,1,3,1,7,1,0,18,12.83,0.04,-0.12,22.56,Severely Stressed
2024-11-18 08:00:00,12.67,22.73,35.0,3.6,21.7,5.9,22.3,1,3,1,8,1,0,18,12.81,0.06,-0.14,22.73,Severely Stressed
2024-11-18 08:15:00,12.56,23.19,35.0,2.7,25.2,5.83,23.5,1,3,1,8,1,0,18,12.79,0.09,-0.22,23.19,Severely Stressed
2024-11-18 08:30:00,12.56,23.19,35.0,2.3,27.7,5.76,24.4,1,3,1,8,1,0,18,12.76,0.11,-0.22,23.19,Severely Stressed
2024-11-18 08:45:00,12.41,23.71,35.0,2.1,30.1,5.76,24.4,1,3,1,8,1,0,18,12.72,0.15,-0.31,23.71,Severely Stressed
2024-11-18 09:00:00,12.39,24.22,35.0,2.1,30.1,5.69,25.4,1,3,1,9,1,0,18,12.69,0.17,-0.28,24.22,Severely Stressed
2024-11-18 09:15:00,12.37,24.48,35.0,2.5,25.6,5.67,25.4,1,3,1,9,1,0,18,12.65,0.18,-0.19,24.48,Severely Stressed
2024-11-18 09:30:00,12.37,24.48,35.0,2.6,26.4,5.53,28.0,1,3,1,9,1,0,18,12.61,0.18,-0.19,24.48,Severely Stressed
2024-11-18 09:45:00,12.24,25.14,35.0,2.5,27.5,5.53,28.0,1,3,1,9,1,0,19,12.56,0.2,-0.17,25.14,Severely Stressed
2024-11-18 10:00:00,12.2,25.57,35.0,2.5,27.5,5.51,28.0,1,3,1,10,1,0,19,12.5,0.2,-0.19,25.57,Severely Stressed
2024-11-18 10:15:00,12.09,26.08,35.0,2.6,28.3,5.42,29.4,1,3,1,10,1,0,19,12.45,0.21,-0.28,26.08,Severely Stressed
2024-11-18 10:30:00,12.09,26.08,35.0,2.6,28.8,5.36,30.5,1,4,2,10,1,0,19,12.39,0.21,-0.28,26.08,Severely Stressed
2024-11-18 10:45:00,11.99,26.85,35.0,2.6,29.8,5.36,30.5,1,4,2,10,1,0,19,12.33,0.21,-0.25,26.85,Severely Stressed
2024-11-18 11:00:00,11.91,27.43,35.0,2.6,29.8,5.38,30.5,1,4,2,11,1,0,19,12.26,0.21,-0.29,27.43,Severely Stressed
2024-11-18 11:15:00,11.61,28.24,36.0,2.8,30.3,5.37,30.5,1,4,2,11,1,0,19,12.19,0.26,-0.48,28.24,Severely Stressed
2024-11-18 11:30:00,11.61,28.24,36.0,1.7,38.6,5.33,31.5,1,4,2,11,1,0,19,12.11,0.28,-0.48,28.24,Severely Stressed
2024-11-18 11:45:00,11.56,28.94,36.0,1.4,42.4,5.33,31.5,1,4,2,11,1,0,19,12.04,0.31,-0.43,28.94,Severely Stressed
2024-11-18 12:00:00,11.56,28.94,36.0,1.4,42.4,5.21,33.7,1,4,2,12,1,0,19,11.97,0.31,-0.35,28.94,Severely Stressed
2024-11-18 12:15:00,11.36,30.21,36.0,1.3,43.5,5.12,35.3,1,4,2,12,1,0,19,11.88,0.33,-0.25,30.21,Severely Stressed
2024-11-18 12:30:00,11.36,30.21,36.0,1.0,37.8,5.24,33.1,1,4,2,12,1,0,19,11.8,0.32,-0.25,30.21,Severely Stressed
2024-11-18 12:45:00,11.51,29.88,36.0,0.8,35.6,5.24,33.1,1,3,1,12,1,0,19,11.74,0.3,-0.05,30.21,Severely Stressed
2024-11-18 13:00:00,11.51,29.88,36.0,0.8,35.6,5.25,32.9,1,4,2,13,1,0,19,11.68,0.27,-0.05,30.21,Severely Stressed
2024-11-18 13:15:00,11.36,29.86,35.0,0.9,32.7,5.22,33.3,1,4,2,13,1,0,19,11.62,0.25,0.0,30.21,Severely Stressed
2024-11-18 13:30:00,11.36,29.86,35.0,0.7,35.5,5.23,32.3,1,4,2,13,1,0,19,11.56,0.21,0.0,30.21,Severely Stressed
2024-11-18 13:45:00,11.39,30.03,36.0,0.7,36.4,5.23,32.3,1,4,2,13,1,0,19,11.51,0.16,-0.12,30.21,Severely Stressed
2024-11-18 14:00:00,11.6,29.77,35.0,0.7,36.4,5.27,30.6,1,4,2,14,1,0,19,11.48,0.11,0.09,30.21,Severely Stressed
2024-11-18 14:15:00,13.38,29.96,44.0,1.0,33.8,5.67,27.4,10,30,15,14,1,0,19,11.63,0.56,2.02,30.21,Moderately Stressed
2024-11-18 14:30:00,13.38,29.96,44.0,0.9,32.1,5.8,25.8,11,32,16,14,1,0,19,11.78,0.75,2.02,30.21,Moderately Stressed
2024-11-18 14:45:00,15.78,29.55,56.0,1.0,30.4,5.8,25.8,7,22,11,14,1,0,19,12.13,1.37,4.39,30.21,Moderately Stressed
2024-11-18 15:00:00,15.52,29.54,54.0,1.0,30.4,5.89,26.9,9,26,13,15,1,0,19,12.46,1.67,3.92,30.21,Moderately Stressed
2024-11-18 15:15:00,16.54,29.26,59.0,1.0,29.2,5.84,27.3,10,28,14,15,1,0,19,12.89,2.0,3.16,30.21,Moderately Stressed
2024-11-18 15:30:00,16.54,29.26,59.0,1.0,28.7,5.94,28.1,10,28,14,15,1,0,19,13.32,2.19,3.16,30.03,Moderately Stressed
2024-11-18 15:45:00,16.56,29.22,59.0,1.1,28.6,5.94,28.1,12,34,17,15,1,0,19,13.74,2.29,0.78,30.03,Moderately Stressed
2024-11-18 16:00:00,17.58,29.34,68.0,1.1,28.6,5.81,28.0,12,34,17,16,1,0,19,14.25,2.42,2.06,30.03,Moderately Stressed
2024-11-18 16:15:00,16.67,29.55,62.0,1.2,28.5,5.91,28.1,10,28,14,16,1,0,19,14.69,2.32,0.13,30.03,Moderately Stressed
2024-11-18 16:30:00,16.67,29.55,62.0,1.1,28.8,5.99,27.2,7,21,10,16,1,0,19,15.13,2.13,0.13,30.03,Moderately Stressed
2024-11-18 16:45:00,16.34,29.23,58.0,1.2,26.5,5.99,27.2,6,18,9,16,1,0,19,15.55,1.79,-0.22,29.96,Moderately Stressed
2024-11-18 17:00:00,16.06,28.73,56.0,1.2,26.5,6.02,26.8,6,17,8,17,1,0,19,15.92,1.29,-1.52,29.96,Moderately Stressed
2024-11-18 17:15:00,15.77,28.38,54.0,1.3,25.9,6.04,26.6,5,15,7,17,1,0,19,16.12,1.02,-0.9,29.96,Moderately Stressed
2024-11-18 17:30:00,15.77,28.38,54.0,1.4,25.5,6.04,26.5,5,15,7,17,1,0,19,16.32,0.57,-0.9,29.55,Moderately Stressed
2024-11-18 17:45:00,15.56,28.07,53.0,1.6,25.0,6.04,26.5,5,14,7,17,1,0,19,16.3,0.59,-0.78,29.55,Moderately Stressed
2024-11-18 18:00:00,15.4,27.73,52.0,1.8,24.4,6.05,26.1,4,13,6,18,1,0,19,16.29,0.61,-0.66,29.55,Moderately Stressed
2024-11-18 18:15:00,15.43,27.4,52.0,1.8,24.4,6.06,25.8,4,13,6,18,1,0,19,16.2,0.65,-0.34,29.55,Moderately Stressed
2024-11-18 18:30:00,15.43,27.4,52.0,1.8,24.1,6.07,25.5,4,12,6,18,1,0,19,16.1,0.67,-0.34,29.55,Moderately Stressed
2024-11-18 18:45:00,15.33,27.03,51.0,1.8,23.7,6.07,25.5,4,12,6,18,1,0,19,16.0,0.69,-0.23,29.55,Moderately Stressed
2024-11-18 19:00:00,15.24,26.72,50.0,2.0,23.5,6.08,25.5,4,12,6,19,0,0,19,15.81,0.51,-0.16,29.55,Moderately Stressed
2024-11-18 19:15:00,15.1,26.48,49.0,2.0,23.5,6.08,25.2,4,11,5,19,0,0,19,15.68,0.47,-0.33,29.55,Moderately Stressed
2024-11-18 19:30:00,15.1,26.48,49.0,1.8,23.2,6.1,24.7,4,11,5,19,0,0,19,15.54,0.38,-0.33,29.23,Moderately Stressed
2024-11-18 19:45:00,15.06,26.18,48.0,1.9,23.0,6.1,24.7,3,11,5,19,0,0,19,15.44,0.31,-0.27,28.73,Moderately Stressed
2024-11-18 20:00:00,14.94,25.92,47.0,2.0,22.9,6.11,24.4,3,11,5,20,0,0,19,15.34,0.27,-0.3,28.38,Moderately Stressed
2024-11-18 20:15:00,14.89,25.72,47.0,2.0,22.9,6.11,24.4,3,11,5,20,0,0,19,15.27,0.26,-0.21,28.38,Moderately Stressed
2024-11-18 20:30:00,14.89,25.72,47.0,2.0,22.8,6.09,24.4,3,10,5,20,0,0,19,15.2,0.23,-0.21,28.07,Moderately Stressed
2024-11-18 20:45:00,14.8,25.56,47.0,2.1,23.0,6.09,24.4,3,10,5,20,0,0,19,15.13,0.23,-0.26,27.73,Moderately Stressed
2024-11-18 21:00:00,14.74,25.45,46.0,2.3,22.8,6.08,24.4,3,10,5,21,0,0,19,15.08,0.24,-0.2,27.4,Moderately Stressed
2024-11-18 21:15:00,14.67,25.3,46.0,2.3,22.8,6.08,24.3,3,10,5,21,0,0,19,15.02,0.24,-0.22,27.4,Moderately Stressed
2024-11-18 21:30:00,14.67,25.3,46.0,2.8,22.7,6.07,24.1,3,10,5,21,0,0,19,14.95,0.22,-0.22,27.03,Moderately Stressed
2024-11-18 21:45:00,14.6,25.14,46.0,2.4,23.0,6.07,24.1,3,9,4,21,0,0,19,14.89,0.2,-0.2,26.72,Moderately Stressed
2024-11-18 22:00:00,14.55,25.07,45.0,2.6,23.0,6.06,24.2,3,9,4,22,0,0,19,14.83,0.19,-0.19,26.48,Moderately Stressed
2024-11-18 22:15:00,14.49,24.95,45.0,2.6,23.0,6.07,24.1,3,9,4,22,0,0,19,14.78,0.2,-0.18,26.48,Moderately Stressed
2024-11-18 22:30:00,14.49,24.95,45.0,3.0,22.6,6.06,23.9,3,9,4,22,0,0,19,14.73,0.19,-0.18,26.18,Moderately Stressed
2024-11-18 22:45:00,14.44,24.82,45.0,2.8,22.4,6.06,23.9,3,9,4,22,0,0,19,14.68,0.17,-0.16,25.92,Moderately Stressed
2024-11-18 23:00:00,14.4,24.71,44.0,3.2,22.4,6.07,23.9,3,9,4,23,0,0,19,14.64,0.17,-0.15,25.72,Moderately Stressed
2024-11-18 23:15:00,14.4,24.55,44.0,3.2,22.4,6.07,23.7,3,9,4,23,0,0,19,14.6,0.16,-0.09,25.72,Moderately Stressed
2024-11-18 23:30:00,14.4,24.55,44.0,3.5,22.0,6.08,23.4,3,8,4,23,0,0,19,14.55,0.14,-0.09,25.56,Moderately Stressed
2024-11-18 23:45:00,14.35,24.38,44.0,4.2,21.7,6.08,23.4,3,8,4,23,0,0,19,14.52,0.13,-0.09,25.45,Moderately Stressed
2024-11-19 00:00:00,14.34,24.21,44.0,4.4,21.4,6.08,23.2,3,9,4,0,0,1,19,14.48,0.12,-0.06,25.3,Moderately Stressed
2024-11-19 00:15:00,14.31,24.01,43.0,4.4,21.4,6.08,23.0,3,8,4,0,0,1,19,14.45,0.11,-0.09,25.3,Moderately Stressed
2024-11-19 00:30:00,14.31,24.01,43.0,4.4,21.2,6.09,22.9,3,8,4,0,0,1,19,14.42,0.09,-0.09,25.14,Moderately Stressed
2024-11-19 00:45:00,14.28,23.84,43.0,4.2,21.1,6.09,22.9,3,8,4,0,0,1,19,14.4,0.08,-0.07,25.07,Moderately Stressed
2024-11-19 01:00:00,14.26,23.73,43.0,4.2,21.1,6.08,22.8,3,8,4,1,0,1,19,14.37,0.08,-0.08,24.95,Moderately Stressed
2024-11-19 01:15:00,14.24,23.7,43.0,4.0,21.4,6.07,22.9,3,8,4,1,0,1,19,14.35,0.08,-0.07,24.95,Moderately Stressed
2024-11-19 01:30:00,14.24,23.7,43.0,4.0,21.4,6.06,22.8,2,8,4,1,0,1,19,14.33,0.07,-0.07,24.82,Moderately Stressed
2024-11-19 01:45:00,14.21,23.61,43.0,3.8,21.4,6.06,22.8,2,7,3,1,0,1,19,14.31,0.07,-0.07,24.71,Moderately Stressed
2024-11-19 02:00:00,14.16,23.56,43.0,4.9,21.2,6.06,22.8,3,8,4,2,0,1,19,14.29,0.07,-0.1,24.55,Moderately Stressed
2024-11-19 02:15:00,14.14,23.49,43.0,4.9,21.2,6.05,22.7,3,8,4,2,0,1,19,14.27,0.08,-0.1,24.55,Moderately Stressed
2024-11-19 02:30:00,14.14,23.49,43.0,3.7,21.3,6.05,22.7,3,8,4,2,0,1,19,14.25,0.07,-0.1,24.38,Moderately Stressed
2024-11-19 02:45:00,14.14,23.43,43.0,4.2,21.3,6.05,22.7,3,8,4,2,0,1,19,14.23,0.07,-0.07,24.21,Moderately Stressed
2024-11-19 03:00:00,14.1,23.38,43.0,3.8,21.3,6.04,22.6,3,8,4,3,0,1,19,14.21,0.07,-0.06,24.01,Moderately Stressed
2024-11-19 03:15:00,15.66,23.28,57.0,3.8,21.3,6.04,22.6,3,8,4,3,0,1,19,14.32,0.43,1.52,24.01,Moderately Stressed
2024-11-19 03:30:00,15.66,23.28,57.0,3.8,21.3,6.04,22.6,3,8,4,3,0,1,19,14.44,0.57,1.52,23.84,Moderately Stressed
2024-11-19 03:45:00,15.62,23.19,57.0,4.2,21.1,6.04,22.6,3,9,4,3,0,1,19,14.55,0.66,1.48,23.73,Moderately Stressed
2024-11-19 04:00:00,15.9,23.09,58.0,5.8,20.5,6.04,22.4,3,9,4,4,0,1,19,14.68,0.76,1.8,23.7,Moderately Stressed
2024-11-19 04:15:00,16.23,22.93,58.0,5.8,20.5,6.05,22.2,3,9,4,4,0,1,19,14.85,0.87,0.57,23.7,Moderately Stressed
2024-11-19 04:30:00,16.23,22.93,58.0,6.2,20.3,6.05,22.0,3,9,4,4,0,1,19,15.02,0.93,0.57,23.61,Moderately Stressed
2024-11-19 04:45:00,16.5,22.78,57.0,6.4,20.0,6.05,22.0,3,8,4,4,0,1,19,15.21,0.98,0.88,23.56,Moderately Stressed
2024-11-19 05:00:00,16.62,22.64,56.0,6.6,19.9,6.06,21.8,3,8,4,5,0,1,19,15.41,1.0,0.72,23.49,Moderately Stressed
2024-11-19 05:15:00,16.68,22.51,56.0,6.6,19.9,6.05,21.7,3,8,4,5,0,1,19,15.62,0.97,0.45,23.49,Moderately Stressed
2024-11-19 05:30:00,16.68,22.51,56.0,6.6,19.9,6.05,21.6,3,8,4,5,0,1,19,15.84,0.89,0.45,23.43,Moderately Stressed
2024-11-19 05:45:00,16.73,22.38,55.0,7.6,19.7,6.05,21.6,3,9,4,5,0,1,19,16.05,0.75,0.23,23.38,Moderately Stressed
2024-11-19 06:00:00,16.76,22.28,54.0,7.2,19.7,6.05,21.5,3,9,4,6,1,1,19,16.27,0.45,0.14,23.28,Moderately Stressed
2024-11-19 06:15:00,18.02,22.17,66.0,7.2,19.7,6.05,21.4,3,8,4,6,1,1,19,16.47,0.64,1.34,23.28,Healthy
2024-11-19 06:30:00,18.02,22.17,66.0,7.8,19.6,6.04,21.5,3,8,4,6,1,1,19,16.67,0.72,1.34,23.19,Healthy
2024-11-19 06:45:00,17.45,22.14,62.0,4.6,19.9,6.04,21.5,3,8,4,6,1,1,19,16.82,0.68,0.72,23.09,Moderately Stressed
2024-11-19 07:00:00,16.83,22.11,58.0,4.0,20.0,6.03,21.5,3,8,4,7,1,1,19,16.9,0.61,0.07,22.93,Moderately Stressed
2024-11-19 07:15:00,16.48,22.15,56.0,4.0,20.0,6.02,21.7,2,8,4,7,1,1,19,16.92,0.59,-1.54,22.93,Moderately Stressed
2024-11-19 07:30:00,16.48,22.15,56.0,3.6,20.5,6.01,21.8,2,8,4,7,1,1,19,16.94,0.57,-1.54,22.78,Moderately Stressed
2024-11-19 07:45:00,16.15,22.19,54.0,3.4,20.7,6.01,21.8,2,8,4,7,1,1,19,16.91,0.6,-1.3,22.64,Moderately Stressed
2024-11-19 08:00:00,15.91,22.3,53.0,2.8,22.3,6.0,21.9,2,8,4,8,1,1,19,16.85,0.66,-0.92,22.51,Moderately Stressed
2024-11-19 08:15:00,15.57,22.69,52.0,2.8,22.3,5.95,22.9,2,8,4,8,1,1,19,16.76,0.76,-0.91,22.69,Moderately Stressed
2024-11-19 08:30:00,15.57,22.69,52.0,2.1,26.1,5.86,24.4,2,8,4,8,1,1,19,16.66,0.83,-0.91,22.69,Moderately Stressed
2024-11-19 08:45:00,15.21,23.31,51.0,1.9,29.2,5.86,24.4,3,8,4,8,1,1,19,16.54,0.93,-0.94,23.31,Moderately Stressed
2024-11-19 09:00:00,14.82,23.91,49.0,1.7,31.0,5.77,25.7,3,8,4,9,1,1,19,16.38,1.05,-1.09,23.91,Moderately Stressed
2024-11-19 09:15:00,14.46,24.42,47.0,1.7,31.0,5.72,26.5,3,8,4,9,1,1,19,16.08,1.05,-1.11,24.42,Moderately Stressed
2024-11-19 09:30:00,14.46,24.42,47.0,1.3,29.7,5.7,26.5,3,8,4,9,1,1,19,15.78,0.95,-1.11,24.42,Moderately Stressed
2024-11-19 09:45:00,14.23,24.91,46.0,1.5,30.0,5.7,26.5,3,8,4,9,1,1,20,15.51,0.88,-0.98,24.91,Moderately Stressed
2024-11-19 10:00:00,13.97,25.46,45.0,1.3,31.6,5.65,27.1,3,8,4,10,1,1,20,15.28,0.88,-0.85,25.46,Moderately Stressed
2024-11-19 10:15:00,13.77,25.97,44.0,1.3,31.6,5.62,27.2,3,8,4,10,1,1,20,15.05,0.89,-0.69,25.97,Moderately Stressed
2024-11-19 10:30:00,13.77,25.97,44.0,1.1,30.3,5.58,27.5,3,8,4,10,1,1,20,14.82,0.84,-0.69,25.97,Moderately Stressed
2024-11-19 10:45:00,13.65,26.34,44.0,1.1,31.7,5.58,27.5,3,8,4,10,1,1,20,14.62,0.79,-0.58,26.34,Moderately Stressed
2024-11-19 11:00:00,13.51,26.92,43.0,1.3,32.7,5.55,27.8,3,8,4,11,1,1,20,14.42,0.73,-0.46,26.92,Moderately Stressed
2024-11-19 11:15:00,13.11,27.85,43.0,1.3,32.7,5.51,28.4,3,8,4,11,1,1,20,14.21,0.73,-0.66,27.85,Moderately Stressed
2024-11-19 11:30:00,13.11,27.85,43.0,1.1,37.6,5.46,29.1,3,8,4,11,1,1,20,14.01,0.65,-0.66,27.85,Moderately Stressed
2024-11-19 11:45:00,12.89,28.95,43.0,1.0,36.4,5.46,29.1,3,8,4,11,1,1,20,13.81,0.6,-0.76,28.95,Severely Stressed
2024-11-19 12:00:00,12.8,29.77,43.0,1.0,35.1,5.42,29.7,3,8,4,12,1,1,20,13.64,0.58,-0.71,29.77,Severely Stressed
2024-11-19 12:15:00,12.98,29.33,43.0,1.0,35.1,5.43,29.2,3,8,4,12,1,1,20,13.52,0.55,-0.13,29.77,Severely Stressed
2024-11-19 12:30:00,12.98,29.33,43.0,0.7,32.4,5.43,29.1,3,8,4,12,1,1,20,13.4,0.48,-0.13,29.77,Severely Stressed
2024-11-19 12:45:00,12.74,29.55,43.0,1.1,38.3,5.43,29.1,3,8,4,12,1,1,20,13.27,0.43,-0.15,29.77,Severely Stressed
2024-11-19 13:00:00,12.56,30.31,42.0,0.7,34.3,5.38,29.8,3,8,4,13,1,1,20,13.16,0.42,-0.24,30.31,Severely Stressed
2024-11-19 13:15:00,12.55,30.31,42.0,0.7,34.3,5.38,29.6,3,8,4,13,1,1,20,13.05,0.4,-0.43,30.31,Severely Stressed
2024-11-19 13:30:00,12.55,30.31,42.0,0.5,32.7,5.37,29.7,3,8,4,13,1,1,20,12.95,0.36,-0.43,30.31,Severely Stressed
2024-11-19 13:45:00,12.37,30.61,42.0,0.8,35.2,5.37,29.7,3,8,4,13,1,1,20,12.85,0.32,-0.37,30.61,Severely Stressed
2024-11-19 14:00:00,12.39,31.21,42.0,0.6,31.9,5.33,30.4,3,8,4,14,1,1,20,12.75,0.27,-0.17,31.21,Severely Stressed
2024-11-19 14:15:00,12.56,30.83,42.0,0.6,31.9,5.34,30.0,3,8,4,14,1,1,20,12.71,0.25,0.01,31.21,Severely Stressed
2024-11-19 14:30:00,12.56,30.83,42.0,0.6,30.0,5.36,29.6,3,8,4,14,1,1,20,12.66,0.21,0.01,31.21,Severely Stressed
2024-11-19 14:45:00,12.55,30.62,42.0,0.7,30.3,5.36,29.6,3,8,4,14,1,1,20,12.63,0.2,0.18,31.21,Severely Stressed
2024-11-19 15:00:00,12.57,30.5,42.0,0.7,29.2,5.34,30.0,3,8,4,15,1,1,20,12.61,0.19,0.18,31.21,Severely Stressed
2024-11-19 15:15:00,12.58,30.18,41.0,0.7,29.2,5.37,29.3,3,8,4,15,1,1,20,12.58,0.16,0.02,31.21,Severely Stressed
2024-11-19 15:30:00,12.58,30.18,41.0,0.8,28.5,5.37,29.4,2,8,4,15,1,1,20,12.55,0.09,0.02,31.21,Severely Stressed
2024-11-19 15:45:00,12.54,29.99,41.0,0.7,27.8,5.37,29.4,3,8,4,15,1,1,20,12.53,0.07,-0.01,31.21,Severely Stressed
2024-11-19 16:00:00,12.6,29.69,41.0,0.8,27.8,5.4,29.0,3,8,4,16,1,1,20,12.53,0.07,0.03,31.21,Severely Stressed
2024-11-19 16:15:00,12.6,29.43,41.0,0.8,27.8,5.43,28.8,3,8,4,16,1,1,20,12.54,0.08,0.02,31.21,Severely Stressed
2024-11-19 16:30:00,12.6,29.43,41.0,0.8,27.4,5.43,28.8,2,7,3,16,1,1,20,12.54,0.08,0.02,31.21,Severely Stressed
2024-11-19 16:45:00,12.58,29.3,41.0,0.9,26.3,5.43,28.8,2,7,3,16,1,1,20,12.56,0.06,0.04,31.21,Severely Stressed
2024-11-19 17:00:00,12.6,28.93,41.0,0.9,25.8,5.47,28.4,2,7,3,17,1,1,20,12.58,0.02,0.0,30.83,Severely Stressed
2024-11-19 17:15:00,12.64,28.5,40.0,0.9,25.8,5.52,27.8,2,7,3,17,1,1,20,12.58,0.03,0.04,30.83,Severely Stressed
2024-11-19 17:30:00,12.64,28.5,40.0,1.1,25.1,5.57,27.3,2,7,3,17,1,1,20,12.59,0.03,0.04,30.62,Severely Stressed
2024-11-19 17:45:00,12.66,28.06,40.0,1.3,24.3,5.57,27.3,2,7,3,17,1,1,20,12.6,0.03,0.08,30.5,Severely Stressed
2024-11-19 18:00:00,12.77,27.63,40.0,1.3,23.7,5.62,26.7,2,7,3,18,1,1,20,12.62,0.06,0.17,30.18,Severely Stressed
2024-11-19 18:15:00,12.84,27.22,40.0,1.3,23.7,5.66,26.3,2,7,3,18,1,1,20,12.64,0.09,0.2,30.18,Severely Stressed
2024-11-19 18:30:00,12.84,27.22,40.0,1.6,23.3,5.7,25.9,2,7,3,18,1,1,20,12.66,0.1,0.2,29.99,Severely Stressed
2024-11-19 18:45:00,12.88,26.83,40.0,1.8,23.1,5.7,25.9,2,6,3,18,1,1,20,12.69,0.11,0.22,29.69,Severely Stressed
2024-11-19 19:00:00,12.85,26.52,39.0,1.7,22.9,5.73,25.6,2,7,3,19,0,1,20,12.71,0.12,0.08,29.43,Severely Stressed
2024-11-19 19:15:00,12.91,26.22,40.0,1.7,22.9,5.74,25.4,2,7,3,19,0,1,20,12.73,0.13,0.07,29.43,Severely Stressed
2024-11-19 19:30:00,12.91,26.22,40.0,1.8,22.5,5.75,25.3,2,7,3,19,0,1,20,12.76,0.13,0.07,29.3,Severely Stressed
2024-11-19 19:45:00,12.88,25.97,39.0,2.0,22.4,5.75,25.3,2,7,3,19,0,1,20,12.78,0.12,0.0,28.93,Severely Stressed
2024-11-19 20:00:00,12.94,25.7,39.0,2.0,22.1,5.78,24.9,2,7,3,20,0,1,20,12.81,0.11,0.09,28.5,Severely Stressed
2024-11-19 20:15:00,12.94,25.45,39.0,2.0,22.1,5.79,24.6,2,7,3,20,0,1,20,12.84,0.1,0.03,28.5,Severely Stressed
2024-11-19 20:30:00,12.94,25.45,39.0,2.4,21.9,5.8,24.4,2,7,3,20,0,1,20,12.86,0.08,0.03,28.06,Severely Stressed
2024-11-19 20:45:00,12.96,25.22,39.0,2.4,21.8,5.8,24.4,2,7,3,20,0,1,20,12.89,0.06,0.08,27.63,Severely Stressed
2024-11-19 21:00:00,12.96,25.0,39.0,2.6,21.4,5.81,24.2,2,7,3,21,0,1,20,12.9,0.05,0.02,27.22,Severely Stressed
2024-11-19 21:15:00,12.97,24.8,39.0,2.6,21.4,5.82,24.0,2,7,3,21,0,1,20,12.92,0.04,0.03,27.22,Severely Stressed
2024-11-19 21:30:00,12.97,24.8,39.0,2.6,21.1,5.84,23.7,2,7,3,21,0,1,20,12.93,0.04,0.03,26.83,Severely Stressed
2024-11-19 21:45:00,12.97,24.6,39.0,3.0,21.2,5.84,23.7,2,7,3,21,0,1,20,12.93,0.04,0.01,26.52,Severely Stressed
2024-11-19 22:00:00,12.99,24.42,39.0,3.2,21.1,5.83,23.6,2,7,3,22,0,1,20,12.94,0.03,0.03,26.22,Severely Stressed
2024-11-19 22:15:00,13.01,24.23,39.0,3.2,21.1,5.85,23.4,2,7,3,22,0,1,20,12.95,0.03,0.04,26.22,Moderately Stressed
2024-11-19 22:30:00,13.01,24.23,39.0,3.1,20.9,5.86,23.2,2,7,3,22,0,1,20,12.96,0.04,0.04,25.97,Moderately Stressed
2024-11-19 22:45:00,13.0,24.06,39.0,3.0,20.7,5.86,23.2,2,7,3,22,0,1,20,12.97,0.03,0.03,25.7,Moderately Stressed
2024-11-19 23:00:00,13.0,24.06,39.0,3.0,20.2,5.86,23.0,2,7,3,23,0,1,20,12.98,0.02,0.01,25.45,Moderately Stressed
2024-11-19 23:15:00,13.01,23.7,39.0,3.0,20.2,5.88,22.8,2,7,3,23,0,1,20,12.98,0.02,0.0,25.45,Moderately Stressed
2024-11-19 23:30:00,13.01,23.7,39.0,3.1,20.2,5.89,22.6,2,7,3,23,0,1,20,12.99,0.02,0.0,25.22,Moderately Stressed
2024-11-19 23:45:00,13.02,23.54,39.0,3.6,20.1,5.89,22.6,2,7,3,23,0,1,20,12.99,0.02,0.02,25.0,Moderately Stressed
2024-11-20 00:00:00,13.14,23.4,40.0,4.2,20.0,5.89,22.5,2,7,3,0,0,2,20,13.01,0.05,0.14,24.8,Moderately Stressed
2024-11-20 00:15:00,13.17,23.29,40.0,4.2,20.0,5.89,22.4,2,7,3,0,0,2,20,13.02,0.06,0.16,24.8,Moderately Stressed
2024-11-20 00:30:00,13.17,23.29,40.0,5.0,20.1,5.89,22.3,2,7,3,0,0,2,20,13.04,0.07,0.16,24.6,Moderately Stressed
2024-11-20 00:45:00,13.2,23.15,40.0,5.2,19.9,5.89,22.3,2,7,3,0,0,2,20,13.06,0.08,0.18,24.42,Moderately Stressed
2024-11-20 01:00:00,13.22,22.99,40.0,4.2,19.8,5.89,22.2,2,7,3,1,0,2,20,13.08,0.09,0.08,24.23,Moderately Stressed
2024-11-20 01:15:00,13.21,22.88,40.0,4.2,19.8,5.89,22.1,2,7,3,1,0,2,20,13.1,0.09,0.04,24.23,Moderately Stressed
2024-11-20 01:30:00,13.21,22.88,40.0,4.6,19.7,5.89,22.0,2,7,3,1,0,2,20,13.11,0.1,0.04,24.06,Moderately Stressed
2024-11-20 01:45:00,14.02,22.78,44.0,4.6,19.8,5.89,22.0,2,7,3,1,0,2,20,13.2,0.27,0.82,24.06,Moderately Stressed
2024-11-20 02:00:00,14.11,22.68,44.0,4.5,19.9,5.88,22.0,2,7,3,2,0,2,20,13.29,0.37,0.89,23.7,Moderately Stressed
2024-11-20 02:15:00,14.12,22.57,44.0,4.5,19.9,5.89,21.9,2,7,3,2,0,2,20,13.38,0.43,0.91,23.7,Moderately Stressed
2024-11-20 02:30:00,14.12,22.57,44.0,5.6,19.7,5.89,21.8,2,7,3,2,0,2,20,13.48,0.46,0.91,23.54,Moderately Stressed
2024-11-20 02:45:00,15.27,22.47,55.0,4.4,20.0,5.89,21.8,2,7,3,2,0,2,20,13.66,0.67,1.25,23.4,Moderately Stressed
2024-11-20 03:00:00,15.1,22.46,54.0,4.6,20.1,5.89,21.8,2,7,3,3,0,2,20,13.83,0.76,0.99,23.29,Moderately Stressed
2024-11-20 03:15:00,15.02,22.45,54.0,4.6,20.1,5.89,21.8,2,7,3,3,0,2,20,13.98,0.8,0.9,23.29,Moderately Stressed
2024-11-20 03:30:00,15.02,22.45,54.0,4.8,20.1,5.88,21.7,2,7,3,3,0,2,20,14.14,0.81,0.9,23.15,Moderately Stressed
2024-11-20 03:45:00,14.97,22.37,53.0,6.0,19.8,5.88,21.7,2,7,3,3,0,2,20,14.28,0.79,-0.3,22.99,Moderately Stressed
2024-11-20 04:00:00,15.75,22.26,54.0,7.0,19.5,5.88,21.6,2,7,3,4,0,2,20,14.49,0.81,0.65,22.88,Moderately Stressed
2024-11-20 04:15:00,15.85,22.13,52.0,7.0,19.5,5.88,21.5,2,7,3,4,0,2,20,14.71,0.79,0.83,22.88,Moderately Stressed
2024-11-20 04:30:00,15.85,22.13,52.0,7.0,19.5,5.87,21.5,2,7,3,4,0,2,20,14.93,0.7,0.83,22.78,Moderately Stressed
2024-11-20 04:45:00,15.68,22.07,51.0,5.4,19.9,5.87,21.5,2,7,3,4,0,2,20,15.07,0.66,0.71,22.68,Moderately Stressed
2024-11-20 05:00:00,15.4,22.04,50.0,5.0,19.9,5.87,21.5,2,7,3,5,0,2,20,15.18,0.59,-0.35,22.57,Moderately Stressed
2024-11-20 05:15:00,15.18,22.02,49.0,5.0,19.9,5.87,21.5,2,7,3,5,0,2,20,15.27,0.49,-0.67,22.57,Moderately Stressed
2024-11-20 05:30:00,15.18,22.02,49.0,4.8,19.9,5.86,21.5,2,7,3,5,0,2,20,15.36,0.34,-0.67,22.47,Moderately Stressed
2024-11-20 05:45:00,15.03,22.0,48.0,4.4,19.9,5.86,21.5,2,7,3,5,0,2,20,15.34,0.35,-0.65,22.46,Moderately Stressed
2024-11-20 06:00:00,14.91,21.97,48.0,5.8,19.8,5.86,21.5,3,9,4,6,1,2,20,15.32,0.37,-0.49,22.45,Moderately Stressed
2024-11-20 06:15:00,14.84,21.91,47.0,5.8,19.8,5.86,21.4,2,7,3,6,1,2,20,15.3,0.38,-0.34,22.45,Moderately Stressed
2024-11-20 06:30:00,14.84,21.91,47.0,7.4,19.4,5.86,21.2,2,7,3,6,1,2,20,15.29,0.4,-0.34,22.37,Moderately Stressed
2024-11-20 06:45:00,14.77,21.8,47.0,5.4,19.6,5.86,21.2,2,7,3,6,1,2,20,15.27,0.42,-0.26,22.26,Moderately Stressed
2024-11-20 07:00:00,14.71,21.79,47.0,4.8,19.9,5.85,21.3,2,7,3,7,1,2,20,15.19,0.42,-0.2,22.13,Moderately Stressed
2024-11-20 07:15:00,14.63,21.8,47.0,4.8,19.9,5.84,21.3,2,7,3,7,1,2,20,15.08,0.39,-0.21,22.13,Moderately Stressed
2024-11-20 07:30:00,14.63,21.8,47.0,3.8,20.1,5.86,21.1,2,7,3,7,1,2,20,14.98,0.32,-0.21,22.07,Moderately Stressed
2024-11-20 07:45:00,14.53,21.85,47.0,3.6,20.4,5.86,21.1,2,7,3,7,1,2,20,14.89,0.26,-0.24,22.04,Moderately Stressed
2024-11-20 08:00:00,14.43,21.92,46.0,3.0,20.8,5.85,21.3,2,7,3,8,1,2,20,14.81,0.24,-0.28,22.02,Moderately Stressed
2024-11-20 08:15:00,14.31,22.06,46.0,3.0,20.8,5.84,21.4,2,7,3,8,1,2,20,14.73,0.25,-0.32,22.06,Moderately Stressed
2024-11-20 08:30:00,14.31,22.06,46.0,2.7,21.7,5.82,22.0,2,7,3,8,1,2,20,14.66,0.23,-0.32,22.06,Moderately Stressed
2024-11-20 08:45:00,14.1,22.44,45.0,2.2,23.6,5.82,22.0,2,6,3,8,1,2,20,14.58,0.25,-0.43,22.44,Moderately Stressed
2024-11-20 09:00:00,13.89,22.71,44.0,2.1,25.8,5.8,22.1,2,6,3,9,1,2,20,14.5,0.3,-0.54,22.71,Moderately Stressed
2024-11-20 09:15:00,13.68,23.08,44.0,2.1,25.8,5.78,22.5,2,6,3,9,1,2,20,14.4,0.36,-0.63,23.08,Moderately Stressed
2024-11-20 09:30:00,13.68,23.08,44.0,1.9,25.0,5.77,22.6,2,6,3,9,1,2,20,14.31,0.39,-0.63,23.08,Moderately Stressed
2024-11-20 09:45:00,13.54,23.29,43.0,1.7,28.6,5.77,22.6,2,6,3,9,1,2,21,14.2,0.42,-0.56,23.29,Moderately Stressed
2024-11-20 10:00:00,13.25,23.83,43.0,1.6,31.8,5.73,23.4,2,6,3,10,1,2,21,14.08,0.46,-0.64,23.83,Moderately Stressed
2024-11-20 10:15:00,13.07,24.43,42.0,1.6,31.8,5.68,24.0,2,6,3,10,1,2,21,13.95,0.51,-0.61,24.43,Moderately Stressed
2024-11-20 10:30:00,13.07,24.43,42.0,1.5,34.6,5.61,25.2,2,6,3,10,1,2,21,13.82,0.52,-0.61,24.43,Moderately Stressed
2024-11-20 10:45:00,12.8,25.34,41.0,1.3,32.2,5.61,25.2,2,7,3,10,1,2,21,13.68,0.55,-0.74,25.34,Severely Stressed
2024-11-20 11:00:00,12.64,26.21,41.0,1.1,32.1,5.53,26.5,2,7,3,11,1,2,21,13.53,0.57,-0.61,26.21,Severely Stressed
2024-11-20 11:15:00,12.5,26.91,41.0,1.1,32.1,5.44,27.7,2,7,3,11,1,2,21,13.38,0.58,-0.57,26.91,Severely Stressed
2024-11-20 11:30:00,12.5,26.91,41.0,0.9,36.5,5.4,28.2,2,7,3,11,1,2,21,13.23,0.55,-0.57,26.91,Severely Stressed
2024-11-20 11:45:00,12.47,27.43,41.0,0.8,36.2,5.4,28.2,2,7,3,11,1,2,21,13.09,0.52,-0.33,27.43,Severely Stressed
2024-11-20 12:00:00,12.43,27.75,40.0,1.0,34.8,5.39,28.2,2,7,3,12,1,2,21,12.97,0.48,-0.21,27.75,Severely Stressed
2024-11-20 12:15:00,12.28,28.17,40.0,1.0,34.8,5.36,28.5,2,7,3,12,1,2,21,12.85,0.46,-0.22,28.17,Severely Stressed
2024-11-20 12:30:00,12.28,28.17,40.0,0.8,35.5,5.34,28.6,2,7,3,12,1,2,21,12.74,0.41,-0.22,28.17,Severely Stressed
2024-11-20 12:45:00,12.05,28.59,40.0,0.8,38.2,5.34,28.6,2,7,3,12,1,2,21,12.61,0.37,-0.42,28.59,Severely Stressed
2024-11-20 13:00:00,12.03,28.87,40.0,1.0,35.4,5.33,28.6,2,7,3,13,1,2,21,12.51,0.34,-0.4,28.87,Severely Stressed
2024-11-20 13:15:00,11.99,29.22,40.0,1.0,35.4,5.33,28.6,2,7,3,13,1,2,21,12.42,0.32,-0.29,29.22,Severely Stressed
2024-11-20 13:30:00,11.99,29.22,40.0,0.7,33.4,5.27,29.2,2,7,3,13,1,2,21,12.33,0.27,-0.29,29.22,Severely Stressed
2024-11-20 13:45:00,11.68,30.09,40.0,0.7,32.7,5.27,29.2,2,7,3,13,1,2,21,12.24,0.29,-0.37,30.09,Severely Stressed
2024-11-20 14:00:00,11.72,30.83,40.0,0.6,31.0,5.27,29.1,2,7,3,14,1,2,21,12.16,0.29,-0.31,30.83,Severely Stressed
2024-11-20 14:15:00,11.93,30.64,40.0,0.6,31.0,5.28,28.6,2,7,3,14,1,2,21,12.11,0.28,-0.06,30.83,Severely Stressed
2024-11-20 14:30:00,11.93,30.64,40.0,0.6,30.3,5.3,28.3,2,7,3,14,1,2,21,12.06,0.25,-0.06,30.83,Severely Stressed
2024-11-20 14:45:00,11.96,30.27,40.0,0.6,29.7,5.3,28.3,2,7,3,14,1,2,21,12.02,0.22,0.28,30.83,Severely Stressed
2024-11-20 15:00:00,12.05,29.86,40.0,0.7,29.1,5.33,28.0,2,7,3,15,1,2,21,11.99,0.18,0.33,30.83,Severely Stressed
2024-11-20 15:15:00,12.1,29.44,40.0,0.7,29.1,5.36,27.6,7,21,10,15,1,2,21,11.98,0.16,0.17,30.83,Severely Stressed
2024-11-20 15:30:00,12.1,29.44,40.0,0.9,28.0,6.06,26.5,11,31,15,15,1,2,21,11.96,0.13,0.17,30.83,Severely Stressed
2024-11-20 15:45:00,14.24,29.0,50.0,1.0,27.8,6.06,26.5,9,27,13,15,1,2,21,12.14,0.67,2.28,30.83,Moderately Stressed
2024-11-20 16:00:00,15.72,28.5,58.0,1.0,26.9,6.25,27.0,10,29,14,16,1,2,21,12.45,1.23,3.67,30.83,Moderately Stressed
2024-11-20 16:15:00,16.8,28.12,64.0,1.0,26.9,6.33,26.8,12,33,16,16,1,2,21,12.85,1.74,4.7,30.83,Moderately Stressed
2024-11-20 16:30:00,16.8,28.12,64.0,1.1,26.0,6.39,26.3,9,27,13,16,1,2,21,13.25,2.05,4.7,30.83,Moderately Stressed
2024-11-20 16:45:00,17.09,27.85,66.0,1.2,25.9,6.39,26.3,13,37,18,16,1,2,21,13.7,2.26,2.85,30.83,Moderately Stressed
2024-11-20 17:00:00,17.82,27.65,72.0,1.3,25.5,6.44,26.7,11,31,15,17,1,2,21,14.21,2.45,2.1,30.64,Moderately Stressed
2024-11-20 17:15:00,17.68,27.43,70.0,1.3,25.5,6.48,26.0,10,28,14,17,1,2,21,14.69,2.52,0.88,30.64,Moderately Stressed
2024-11-20 17:30:00,17.68,27.43,70.0,1.4,24.8,6.51,25.7,9,27,13,17,1,2,21,15.17,2.5,0.88,30.27,Moderately Stressed
2024-11-20 17:45:00,17.54,27.13,69.0,1.5,24.1,6.51,25.7,9,26,13,17,1,2,21,15.64,2.36,0.45,29.86,Moderately Stressed
2024-11-20 18:00:00,17.46,26.84,68.0,1.8,23.5,6.54,25.3,9,26,13,18,1,2,21,16.09,2.12,-0.36,29.44,Moderately Stressed
2024-11-20 18:15:00,17.38,26.58,67.0,1.8,23.5,6.57,25.0,9,25,12,18,1,2,21,16.53,1.73,-0.3,29.44,Moderately Stressed
2024-11-20 18:30:00,17.38,26.58,67.0,2.0,23.2,6.57,24.8,8,24,12,18,1,2,21,16.97,1.03,-0.3,29.0,Moderately Stressed
2024-11-20 18:45:00,17.34,26.29,66.0,2.2,22.9,6.57,24.8,8,23,11,18,1,2,21,17.22,0.57,-0.2,28.5,Moderately Stressed
2024-11-20 19:00:00,17.14,26.06,65.0,2.4,22.6,6.55,24.6,7,21,10,19,0,2,21,17.34,0.33,-0.32,28.12,Moderately Stressed
2024-11-20 19:15:00,16.81,25.83,62.0,2.4,22.6,6.55,24.5,6,18,9,19,0,2,21,17.34,0.33,-0.57,28.12,Moderately Stressed
2024-11-20 19:30:00,16.81,25.83,62.0,2.5,22.5,6.52,24.4,6,17,8,19,0,2,21,17.34,0.33,-0.57,27.85,Moderately Stressed
2024-11-20 19:45:00,16.54,25.61,60.0,2.4,22.2,6.52,24.4,5,15,7,19,0,2,21,17.3,0.4,-0.8,27.65,Moderately Stressed
2024-11-20 20:00:00,16.37,25.4,60.0,2.6,21.9,6.5,24.3,5,15,7,20,0,2,21,17.18,0.44,-0.77,27.43,Moderately Stressed
2024-11-20 20:15:00,16.2,25.17,58.0,2.6,21.9,6.48,24.1,5,14,7,20,0,2,21,17.05,0.49,-0.61,27.43,Moderately Stressed
2024-11-20 20:30:00,16.2,25.17,58.0,2.7,21.9,6.47,24.0,5,14,7,20,0,2,21,16.93,0.51,-0.61,27.13,Moderately Stressed
2024-11-20 20:45:00,16.25,24.97,59.0,3.2,21.7,6.47,24.0,4,13,6,20,0,2,21,16.82,0.5,-0.29,26.84,Moderately Stressed
2024-11-20 21:00:00,16.04,24.8,58.0,3.4,21.6,6.45,23.8,4,13,6,21,0,2,21,16.7,0.51,-0.33,26.58,Moderately Stressed
2024-11-20 21:15:00,16.05,24.6,58.0,3.4,21.6,6.46,23.6,4,12,6,21,0,2,21,16.59,0.49,-0.15,26.58,Moderately Stressed
2024-11-20 21:30:00,16.05,24.6,58.0,3.2,21.4,6.45,23.5,4,12,6,21,0,2,21,16.48,0.45,-0.15,26.29,Moderately Stressed
2024-11-20 21:45:00,16.05,24.42,58.0,3.4,21.2,6.45,23.5,4,12,6,21,0,2,21,16.38,0.37,-0.2,26.06,Moderately Stressed
2024-11-20 22:00:00,16.17,24.23,59.0,3.4,21.0,6.43,23.4,4,12,6,22,0,2,21,16.3,0.28,0.13,25.83,Moderately Stressed
2024-11-20 22:15:00,16.24,24.09,60.0,3.4,21.0,6.41,23.3,4,12,6,22,0,2,21,16.25,0.23,0.19,25.83,Moderately Stressed
2024-11-20 22:30:00,16.24,24.09,60.0,3.8,20.8,6.4,23.1,4,11,5,22,0,2,21,16.2,0.15,0.19,25.61,Moderately Stressed
2024-11-20 22:45:00,16.3,23.91,60.0,3.8,20.7,6.4,23.1,4,11,5,22,0,2,21,16.18,0.11,0.25,25.4,Moderately Stressed
2024-11-20 23:00:00,16.33,23.75,60.0,3.6,20.4,6.39,23.0,4,11,5,23,0,2,21,16.18,0.1,0.16,25.17,Moderately Stressed
2024-11-20 23:15:00,16.33,23.6,61.0,3.6,20.4,6.37,22.9,4,11,5,23,0,2,21,16.19,0.11,0.09,25.17,Moderately Stressed
2024-11-20 23:30:00,16.33,23.6,61.0,3.9,20.3,6.36,22.7,4,11,5,23,0,2,21,16.2,0.12,0.09,24.97,Moderately Stressed
2024-11-20 23:45:00,16.37,23.44,60.0,4.5,20.0,6.36,22.7,3,11,5,23,0,2,21,16.21,0.13,0.07,24.8,Moderately Stressed
2024-11-21 00:00:00,16.36,23.29,60.0,4.4,20.0,6.35,22.5,4,12,6,0,0,3,21,16.24,0.13,0.03,24.6,Moderately Stressed
2024-11-21 00:15:00,16.33,23.18,59.0,4.4,20.0,6.35,22.5,4,11,5,0,0,3,21,16.26,0.11,0.0,24.6,Moderately Stressed
2024-11-21 00:30:00,16.33,23.18,59.0,5.2,19.9,6.34,22.3,4,11,5,0,0,3,21,16.28,0.09,0.0,24.42,Moderately Stressed
2024-11-21 00:45:00,16.34,23.02,59.0,6.2,19.7,6.34,22.3,4,11,5,0,0,3,21,16.31,0.06,-0.03,24.23,Moderately Stressed
2024-11-21 01:00:00,16.32,22.88,58.0,6.4,19.8,6.35,22.2,4,11,5,1,0,3,21,16.32,0.04,-0.04,24.09,Moderately Stressed
2024-11-21 01:15:00,16.34,22.78,58.0,6.4,19.8,6.32,22.1,3,11,5,1,0,3,21,16.33,0.03,0.01,24.09,Moderately Stressed
2024-11-21 01:30:00,16.34,22.78,58.0,7.2,19.7,6.31,22.0,3,10,5,1,0,3,21,16.33,0.02,0.01,23.91,Moderately Stressed
2024-11-21 01:45:00,16.36,22.68,57.0,6.8,19.6,6.31,22.0,3,10,5,1,0,3,21,16.34,0.02,0.02,23.75,Moderately Stressed
2024-11-21 02:00:00,16.38,22.57,57.0,8.0,19.4,6.31,21.9,4,11,5,2,0,3,21,16.34,0.02,0.06,23.6,Moderately Stressed
2024-11-21 02:15:00,16.45,22.43,57.0,8.0,19.4,6.32,21.7,3,10,5,2,0,3,21,16.35,0.04,0.11,23.6,Moderately Stressed
2024-11-21 02:30:00,16.45,22.43,57.0,7.6,19.2,6.33,21.6,3,10,5,2,0,3,21,16.36,0.04,0.11,23.44,Moderately Stressed
2024-11-21 02:45:00,16.44,22.29,57.0,5.6,19.4,6.33,21.6,3,10,5,2,0,3,21,16.37,0.05,0.08,23.29,Moderately Stressed
2024-11-21 03:00:00,16.42,22.26,56.0,5.2,19.5,6.33,21.6,3,10,5,3,0,3,21,16.38,0.05,0.04,23.18,Moderately Stressed
2024-11-21 03:15:00,16.39,22.2,55.0,5.2,19.5,6.32,21.5,3,9,4,3,0,3,21,16.38,0.05,-0.06,23.18,Moderately Stressed
2024-11-21 03:30:00,16.39,22.2,55.0,4.6,19.7,6.32,21.5,3,9,4,3,0,3,21,16.39,0.05,-0.06,23.02,Moderately Stressed
2024-11-21 03:45:00,16.47,22.16,55.0,4.4,19.6,6.32,21.5,3,9,4,3,0,3,21,16.4,0.05,0.03,22.88,Moderately Stressed
2024-11-21 04:00:00,16.35,22.1,55.0,4.4,19.5,6.32,21.4,3,9,4,4,0,3,21,16.4,0.05,-0.07,22.78,Moderately Stressed
2024-11-21 04:15:00,16.21,22.06,54.0,4.4,19.5,6.31,21.4,3,9,4,4,0,3,21,16.39,0.07,-0.18,22.78,Moderately Stressed
2024-11-21 04:30:00,16.21,22.06,54.0,5.0,19.3,6.33,21.2,3,9,4,4,0,3,21,16.38,0.09,-0.18,22.68,Moderately Stressed
2024-11-21 04:45:00,16.18,21.98,54.0,4.2,19.3,6.33,21.2,3,9,4,4,0,3,21,16.36,0.1,-0.29,22.57,Moderately Stressed
2024-11-21 05:00:00,16.1,21.96,53.0,4.6,19.4,6.32,21.2,3,8,4,5,0,3,21,16.34,0.13,-0.25,22.43,Moderately Stressed
2024-11-21 05:15:00,16.04,21.95,53.0,4.6,19.4,6.32,21.2,3,8,4,5,0,3,21,16.3,0.15,-0.17,22.43,Moderately Stressed
2024-11-21 05:30:00,16.04,21.95,53.0,4.3,19.4,6.31,21.2,3,8,4,5,0,3,21,16.27,0.16,-0.17,22.29,Moderately Stressed
2024-11-21 05:45:00,15.96,21.91,53.0,4.2,19.5,6.31,21.2,3,8,4,5,0,3,21,16.23,0.17,-0.22,22.26,Moderately Stressed
2024-11-21 06:00:00,15.92,21.87,52.0,7.2,18.9,6.3,21.1,3,8,4,6,1,3,21,16.19,0.18,-0.18,22.2,Moderately Stressed
2024-11-21 06:15:00,15.96,21.77,52.0,7.2,18.9,6.31,21.0,3,8,4,6,1,3,21,16.15,0.18,-0.08,22.2,Moderately Stressed
2024-11-21 06:30:00,15.96,21.77,52.0,8.4,18.6,6.3,20.9,3,8,4,6,1,3,21,16.12,0.17,-0.08,22.16,Moderately Stressed
2024-11-21 06:45:00,16.04,21.67,52.0,7.6,18.7,6.3,20.9,2,8,4,6,1,3,21,16.08,0.13,0.08,22.1,Moderately Stressed
2024-11-21 07:00:00,16.06,21.65,52.0,4.4,19.5,6.3,20.9,3,8,4,7,1,3,21,16.06,0.1,0.14,22.06,Moderately Stressed
2024-11-21 07:15:00,16.13,21.68,52.0,4.4,19.5,6.27,21.1,2,8,4,7,1,3,21,16.05,0.09,0.17,22.06,Moderately Stressed
2024-11-21 07:30:00,16.13,21.68,52.0,3.6,20.4,6.25,21.3,2,8,4,7,1,3,21,16.04,0.08,0.17,21.98,Moderately Stressed
2024-11-21 07:45:00,15.97,21.77,52.0,3.0,21.7,6.25,21.3,2,7,3,7,1,3,21,16.03,0.07,-0.07,21.96,Moderately Stressed
2024-11-21 08:00:00,15.8,21.96,51.0,2.3,25.0,6.24,21.6,3,8,4,8,1,3,21,16.0,0.09,-0.26,21.96,Moderately Stressed
2024-11-21 08:15:00,15.56,22.27,51.0,2.3,25.0,6.21,22.2,3,9,4,8,1,3,21,15.96,0.16,-0.57,22.27,Moderately Stressed
2024-11-21 08:30:00,15.56,22.27,51.0,2.0,27.8,6.19,22.7,3,9,4,8,1,3,21,15.92,0.19,-0.57,22.27,Moderately Stressed
2024-11-21 08:45:00,15.26,22.68,50.0,1.7,29.5,6.19,22.7,3,9,4,8,1,3,21,15.86,0.27,-0.71,22.68,Moderately Stressed
2024-11-21 09:00:00,15.05,23.03,49.0,1.6,26.2,6.19,22.9,3,9,4,9,1,3,21,15.79,0.36,-0.75,23.03,Moderately Stressed
2024-11-21 09:15:00,14.8,23.3,49.0,1.6,26.2,6.18,23.1,3,9,4,9,1,3,21,15.69,0.45,-0.76,23.3,Moderately Stressed
2024-11-21 09:30:00,14.8,23.3,49.0,1.5,28.9,6.17,23.4,3,9,4,9,1,3,21,15.6,0.51,-0.76,23.3,Moderately Stressed
2024-11-21 09:45:00,14.55,23.7,48.0,1.3,28.6,6.17,23.4,3,9,4,9,1,3,22,15.47,0.57,-0.71,23.7,Moderately Stressed
2024-11-21 10:00:00,14.38,24.11,47.0,1.4,27.0,6.16,23.7,3,9,4,10,1,3,22,15.33,0.62,-0.67,24.11,Moderately Stressed
2024-11-21 10:15:00,14.13,24.42,47.0,1.4,27.0,6.15,23.9,3,9,4,10,1,3,22,15.17,0.65,-0.67,24.42,Moderately Stressed
2024-11-21 10:30:00,14.13,24.42,47.0,1.6,35.3,6.08,25.4,3,9,4,10,1,3,22,15.0,0.64,-0.67,24.42,Moderately Stressed
2024-11-21 10:45:00,13.78,25.38,46.0,1.3,36.1,6.08,25.4,3,9,4,10,1,3,22,14.82,0.65,-0.77,25.38,Moderately Stressed
2024-11-21 11:00:00,13.54,26.4,46.0,0.8,33.9,6.03,26.3,3,9,4,11,1,3,22,14.63,0.66,-0.84,26.4,Moderately Stressed
2024-11-21 11:15:00,13.6,26.66,45.0,0.8,33.9,6.05,26.1,3,9,4,11,1,3,22,14.47,0.65,-0.53,26.66,Moderately Stressed
2024-11-21 11:30:00,13.6,26.66,45.0,0.8,29.4,6.07,25.8,3,9,4,11,1,3,22,14.3,0.6,-0.53,26.66,Moderately Stressed
2024-11-21 11:45:00,13.57,26.5,45.0,1.0,31.8,6.07,25.8,3,9,4,11,1,3,22,14.16,0.55,-0.21,26.66,Moderately Stressed
2024-11-21 12:00:00,13.39,27.05,45.0,0.9,30.2,6.02,26.8,3,9,4,12,1,3,22,14.02,0.51,-0.15,27.05,Moderately Stressed
2024-11-21 12:15:00,13.36,27.12,45.0,0.9,30.2,6.04,26.3,3,9,4,12,1,3,22,13.9,0.48,-0.24,27.12,Moderately Stressed
2024-11-21 12:30:00,13.36,27.12,45.0,0.9,30.3,6.02,26.8,3,9,4,12,1,3,22,13.78,0.41,-0.24,27.12,Moderately Stressed
2024-11-21 12:45:00,13.28,27.43,44.0,0.9,31.1,6.02,26.8,3,9,4,12,1,3,22,13.68,0.36,-0.29,27.43,Moderately Stressed
2024-11-21 13:00:00,13.29,27.42,44.0,0.8,29.9,6.02,26.6,3,9,4,13,1,3,22,13.59,0.29,-0.1,27.43,Moderately Stressed
2024-11-21 13:15:00,12.98,27.71,44.0,0.8,29.9,6.02,26.7,3,9,4,13,1,3,22,13.49,0.29,-0.38,27.71,Severely Stressed
2024-11-21 13:30:00,12.98,27.71,44.0,0.9,31.0,5.98,27.4,3,9,4,13,1,3,22,13.39,0.24,-0.38,27.71,Severely Stressed
2024-11-21 13:45:00,12.66,28.59,44.0,0.9,31.8,5.98,27.4,3,9,4,13,1,3,22,13.3,0.29,-0.62,28.59,Severely Stressed
2024-11-21 14:00:00,12.87,28.68,44.0,0.8,30.3,5.98,27.4,3,9,4,14,1,3,22,13.24,0.31,-0.42,28.68,Severely Stressed
2024-11-21 14:15:00,12.93,28.38,44.0,0.8,30.3,5.99,27.2,3,9,4,14,1,3,22,13.19,0.3,-0.05,28.68,Severely Stressed
2024-11-21 14:30:00,12.93,28.38,44.0,0.8,29.9,5.98,27.3,3,8,4,14,1,3,22,13.13,0.27,-0.05,28.68,Severely Stressed
2024-11-21 14:45:00,12.88,28.38,43.0,0.8,30.2,5.98,27.3,3,8,4,14,1,3,22,13.08,0.25,0.22,28.68,Severely Stressed
2024-11-21 15:00:00,12.94,28.27,43.0,0.9,29.2,5.98,27.3,3,8,4,15,1,3,22,13.04,0.23,0.07,28.68,Severely Stressed
2024-11-21 15:15:00,12.95,28.06,43.0,0.9,29.2,5.98,27.2,3,9,4,15,1,3,22,13.0,0.2,0.02,28.68,Severely Stressed
2024-11-21 15:30:00,12.95,28.06,43.0,0.9,27.9,5.99,27.1,3,9,4,15,1,3,22,12.97,0.17,0.02,28.68,Severely Stressed
2024-11-21 15:45:00,12.92,27.94,43.0,0.9,27.6,5.99,27.1,3,8,4,15,1,3,22,12.94,0.14,0.04,28.68,Severely Stressed
2024-11-21 16:00:00,12.88,27.86,43.0,1.0,27.7,6.0,27.0,3,8,4,16,1,3,22,12.91,0.09,-0.06,28.68,Severely Stressed
2024-11-21 16:15:00,12.86,27.96,43.0,1.0,27.7,5.97,27.4,3,8,4,16,1,3,22,12.9,0.08,-0.09,28.68,Severely Stressed
2024-11-21 16:30:00,12.86,27.96,43.0,1.0,28.1,5.96,27.5,3,8,4,16,1,3,22,12.89,0.08,-0.09,28.68,Severely Stressed
2024-11-21 16:45:00,12.86,28.01,43.0,1.0,27.1,5.96,27.5,3,8,4,16,1,3,22,12.9,0.04,-0.06,28.68,Severely Stressed
2024-11-21 17:00:00,12.76,27.85,41.0,1.0,26.0,5.97,27.3,2,8,4,17,1,3,22,12.89,0.06,-0.12,28.38,Severely Stressed
2024-11-21 17:15:00,12.88,27.55,42.0,1.0,26.0,5.99,26.8,2,8,4,17,1,3,22,12.89,0.05,0.02,28.38,Severely Stressed
2024-11-21 17:30:00,12.88,27.55,42.0,1.3,24.8,6.01,26.4,2,8,4,17,1,3,22,12.88,0.05,0.02,28.38,Severely Stressed
2024-11-21 17:45:00,12.92,27.2,41.0,1.6,23.8,6.01,26.4,2,7,3,17,1,3,22,12.89,0.05,0.06,28.27,Severely Stressed
2024-11-21 18:00:00,12.98,26.79,41.0,1.6,23.0,6.04,25.9,2,7,3,18,1,3,22,12.89,0.06,0.22,28.06,Severely Stressed
2024-11-21 18:15:00,13.04,26.39,41.0,1.6,23.0,6.06,25.6,2,7,3,18,1,3,22,12.9,0.07,0.16,28.06,Moderately Stressed
2024-11-21 18:30:00,13.04,26.39,41.0,1.8,22.5,6.05,25.6,2,7,3,18,1,3,22,12.91,0.08,0.16,28.01,Moderately Stressed
2024-11-21 18:45:00,13.05,26.05,41.0,2.0,22.1,6.05,25.6,2,7,3,18,1,3,22,12.92,0.09,0.13,28.01,Moderately Stressed
2024-11-21 19:00:00,13.09,25.74,41.0,2.0,21.9,6.07,24.9,2,7,3,19,0,3,22,12.94,0.1,0.11,28.01,Moderately Stressed
2024-11-21 19:15:00,13.09,25.45,41.0,2.0,21.9,6.07,24.7,2,7,3,19,0,3,22,12.95,0.11,0.05,28.01,Moderately Stressed
2024-11-21 19:30:00,13.09,25.45,41.0,2.1,21.6,6.08,24.4,2,7,3,19,0,3,22,12.97,0.11,0.05,28.01,Moderately Stressed
2024-11-21 19:45:00,13.28,25.15,41.0,2.6,21.5,6.08,24.4,2,7,3,19,0,3,22,13.01,0.14,0.23,27.85,Moderately Stressed
2024-11-21 20:00:00,13.44,24.91,42.0,2.6,21.3,6.08,24.2,2,7,3,20,0,3,22,13.06,0.16,0.35,27.55,Moderately Stressed
2024-11-21 20:15:00,13.58,24.67,42.0,2.6,21.3,6.08,23.9,2,7,3,20,0,3,22,13.12,0.21,0.49,27.55,Moderately Stressed
2024-11-21 20:30:00,13.58,24.67,42.0,2.3,21.1,6.08,23.6,2,7,3,20,0,3,22,13.18,0.23,0.49,27.2,Moderately Stressed
2024-11-21 20:45:00,13.65,24.47,42.0,2.1,21.1,6.08,23.6,2,7,3,20,0,3,22,13.24,0.25,0.37,26.79,Moderately Stressed
2024-11-21 21:00:00,13.68,24.31,42.0,2.6,20.8,6.08,23.5,2,7,3,21,0,3,22,13.3,0.27,0.24,26.39,Moderately Stressed
2024-11-21 21:15:00,13.83,24.11,43.0,2.6,20.8,6.08,23.3,2,7,3,21,0,3,22,13.37,0.29,0.25,26.39,Moderately Stressed
2024-11-21 21:30:00,13.83,24.11,43.0,2.5,20.6,6.07,23.1,2,7,3,21,0,3,22,13.43,0.3,0.25,26.05,Moderately Stressed
2024-11-21 21:45:00,14.12,23.91,44.0,2.7,20.4,6.07,23.1,2,7,3,21,0,3,22,13.52,0.33,0.47,25.74,Moderately Stressed
2024-11-21 22:00:00,14.28,23.74,45.0,2.7,20.3,6.08,22.9,2,7,3,22,0,3,22,13.62,0.37,0.6,25.45,Moderately Stressed
2024-11-21 22:15:00,14.39,23.58,45.0,2.7,20.3,6.07,22.8,2,7,3,22,0,3,22,13.73,0.39,0.56,25.45,Moderately Stressed
2024-11-21 22:30:00,14.39,23.58,45.0,2.5,20.2,6.07,22.6,2,7,3,22,0,3,22,13.84,0.38,0.56,25.15,Moderately Stressed
2024-11-21 22:45:00,14.45,23.39,45.0,2.5,19.9,6.07,22.6,2,7,3,22,0,3,22,13.94,0.37,0.33,24.91,Moderately Stressed
2024-11-21 23:00:00,14.46,23.21,45.0,2.5,19.9,6.08,22.4,2,7,3,23,0,3,22,14.02,0.36,0.18,24.67,Moderately Stressed
2024-11-21 23:15:00,14.37,23.09,45.0,2.5,19.9,6.09,22.3,2,7,3,23,0,3,22,14.09,0.35,-0.02,24.67,Moderately Stressed
2024-11-21 23:30:00,14.37,23.09,45.0,2.6,19.8,6.09,22.2,2,7,3,23,0,3,22,14.15,0.32,-0.02,24.47,Moderately Stressed
2024-11-21 23:45:00,14.29,22.98,45.0,2.7,19.7,6.09,22.2,2,6,3,23,0,3,22,14.2,0.27,-0.16,24.31,Moderately Stressed
2024-11-22 00:00:00,14.26,22.86,44.0,3.0,19.5,6.09,22.1,2,6,3,0,0,4,22,14.25,0.22,-0.2,24.11,Moderately Stressed
2024-11-22 00:15:00,14.31,22.73,44.0,3.0,19.5,6.08,21.9,2,6,3,0,0,4,22,14.29,0.17,-0.06,24.11,Moderately Stressed
2024-11-22 00:30:00,14.31,22.73,44.0,3.2,19.3,6.08,21.8,2,6,3,0,0,4,22,14.33,0.09,-0.06,23.91,Moderately Stressed
2024-11-22 00:45:00,14.47,22.6,45.0,3.2,19.3,6.08,21.8,2,6,3,0,0,4,22,14.36,0.07,0.18,23.74,Moderately Stressed
2024-11-22 01:00:00,14.51,22.48,46.0,3.4,19.2,6.07,21.7,2,6,3,1,0,4,22,14.38,0.08,0.25,23.58,Moderately Stressed
2024-11-22 01:15:00,14.63,22.37,46.0,3.4,19.2,6.07,21.6,2,6,3,1,0,4,22,14.4,0.11,0.32,23.58,Moderately Stressed
2024-11-22 01:30:00,14.63,22.37,46.0,3.8,19.1,6.06,21.5,2,6,3,1,0,4,22,14.42,0.13,0.32,23.39,Moderately Stressed
2024-11-22 01:45:00,14.72,22.27,46.0,3.6,19.1,6.06,21.5,2,6,3,1,0,4,22,14.44,0.15,0.25,23.21,Moderately Stressed
2024-11-22 02:00:00,14.82,22.17,46.0,4.0,18.9,6.05,21.4,2,6,3,2,0,4,22,14.47,0.19,0.31,23.09,Moderately Stressed
2024-11-22 02:15:00,14.95,22.05,47.0,4.0,18.9,6.04,21.3,2,6,3,2,0,4,22,14.52,0.23,0.32,23.09,Moderately Stressed
2024-11-22 02:30:00,14.95,22.05,47.0,4.0,18.8,6.04,21.2,2,6,3,2,0,4,22,14.57,0.25,0.32,22.98,Moderately Stressed
2024-11-22 02:45:00,15.06,21.94,47.0,4.6,18.7,6.04,21.2,2,7,3,2,0,4,22,14.64,0.27,0.34,22.86,Moderately Stressed
2024-11-22 03:00:00,15.13,21.8,47.0,4.2,18.5,6.04,21.1,2,7,3,3,0,4,22,14.71,0.28,0.31,22.73,Moderately Stressed
2024-11-22 03:15:00,15.28,21.67,47.0,4.2,18.5,6.03,21.0,2,7,3,3,0,4,22,14.79,0.29,0.33,22.73,Moderately Stressed
2024-11-22 03:30:00,15.28,21.67,47.0,4.2,18.5,6.04,20.9,2,7,3,3,0,4,22,14.87,0.28,0.33,22.6,Moderately Stressed
2024-11-22 03:45:00,15.36,21.56,48.0,4.2,18.4,6.04,20.9,2,6,3,3,0,4,22,14.94,0.29,0.3,22.48,Moderately Stressed
2024-11-22 04:00:00,15.41,21.45,48.0,4.1,18.3,6.02,20.8,2,6,3,4,0,4,22,15.02,0.28,0.28,22.37,Moderately Stressed
2024-11-22 04:15:00,15.47,21.35,47.0,4.1,18.3,6.01,20.7,2,6,3,4,0,4,22,15.09,0.28,0.19,22.37,Moderately Stressed
2024-11-22 04:30:00,15.47,21.35,47.0,4.0,18.2,6.0,20.5,2,6,3,4,0,4,22,15.16,0.26,0.19,22.27,Moderately Stressed
2024-11-22 04:45:00,15.52,21.24,47.0,4.8,18.1,6.0,20.5,2,6,3,4,0,4,22,15.23,0.24,0.16,22.17,Moderately Stressed
2024-11-22 05:00:00,15.65,21.14,47.0,5.7,18.0,6.0,20.4,2,7,3,5,0,4,22,15.29,0.23,0.24,22.05,Moderately Stressed
2024-11-22 05:15:00,15.72,21.02,48.0,5.7,18.0,6.01,20.2,2,7,3,5,0,4,22,15.36,0.23,0.25,22.05,Moderately Stressed
2024-11-22 05:30:00,15.72,21.02,48.0,6.2,17.9,5.98,20.2,2,7,3,5,0,4,22,15.42,0.21,0.25,21.94,Moderately Stressed
2024-11-22 05:45:00,15.76,20.93,48.0,6.0,17.7,5.98,20.2,2,6,3,5,0,4,22,15.48,0.2,0.24,21.8,Moderately Stressed
2024-11-22 06:00:00,15.81,20.83,48.0,10.8,18.0,5.98,20.0,2,6,3,6,1,4,22,15.54,0.19,0.16,21.67,Moderately Stressed
2024-11-22 06:15:00,15.79,20.82,47.0,10.8,18.0,5.97,20.0,2,6,3,6,1,4,22,15.58,0.18,0.07,21.67,Moderately Stressed
2024-11-22 06:30:00,15.79,20.82,47.0,10.5,18.4,5.96,20.1,2,6,3,6,1,4,22,15.62,0.17,0.07,21.56,Moderately Stressed
2024-11-22 06:45:00,15.82,20.82,47.0,17.8,18.4,5.96,20.1,2,7,3,6,1,4,22,15.66,0.15,0.06,21.45,Moderately Stressed
2024-11-22 07:00:00,15.82,20.83,47.0,9.4,18.7,5.94,20.1,2,7,3,7,1,4,22,15.7,0.14,0.01,21.35,Moderately Stressed
2024-11-22 07:15:00,15.8,20.84,47.0,9.4,18.7,5.93,20.1,2,7,3,7,1,4,22,15.72,0.12,0.01,21.35,Moderately Stressed
2024-11-22 07:30:00,15.8,20.84,47.0,5.2,19.0,5.92,20.2,2,7,3,7,1,4,22,15.75,0.09,0.01,21.24,Moderately Stressed
2024-11-22 07:45:00,15.73,20.89,47.0,3.2,19.8,5.92,20.2,2,6,3,7,1,4,22,15.77,0.05,-0.09,21.14,Moderately Stressed
2024-11-22 08:00:00,15.64,21.03,47.0,2.7,21.2,5.9,20.4,2,6,3,8,1,4,22,15.77,0.05,-0.18,21.03,Moderately Stressed
2024-11-22 08:15:00,15.47,21.18,47.0,2.7,21.2,5.89,20.6,2,6,3,8,1,4,22,15.75,0.1,-0.33,21.18,Moderately Stressed
2024-11-22 08:30:00,15.47,21.18,47.0,2.4,22.9,5.86,21.3,2,5,2,8,1,4,22,15.73,0.13,-0.33,21.18,Moderately Stressed
2024-11-22 08:45:00,15.3,21.55,47.0,2.1,29.5,5.86,21.3,2,6,3,8,1,4,22,15.69,0.18,-0.43,21.55,Moderately Stressed
2024-11-22 09:00:00,14.84,22.2,46.0,1.8,33.9,5.82,22.2,2,6,3,9,1,4,22,15.61,0.3,-0.8,22.2,Moderately Stressed
2024-11-22 09:15:00,14.45,23.09,44.0,1.8,33.9,5.79,23.0,2,6,3,9,1,4,22,15.49,0.44,-1.02,23.09,Moderately Stressed
2024-11-22 09:30:00,14.45,23.09,44.0,1.2,33.3,5.77,23.5,2,6,3,9,1,4,22,15.38,0.52,-1.02,23.09,Moderately Stressed
2024-11-22 09:45:00,14.03,24.01,43.0,1.4,35.3,5.77,23.5,2,7,3,9,1,4,23,15.23,0.63,-1.27,24.01,Moderately Stressed
2024-11-22 10:00:00,13.68,24.94,42.0,1.3,37.0,5.74,24.3,2,7,3,10,1,4,23,15.06,0.74,-1.16,24.94,Moderately Stressed
2024-11-22 10:15:00,13.4,25.66,42.0,1.3,37.0,5.72,24.9,2,7,3,10,1,4,23,14.86,0.84,-1.05,25.66,Moderately Stressed
2024-11-22 10:30:00,13.4,25.66,42.0,1.1,37.1,5.68,25.6,2,7,3,10,1,4,23,14.66,0.88,-1.05,25.66,Moderately Stressed
2024-11-22 10:45:00,13.14,26.18,41.0,1.0,35.8,5.68,25.6,2,7,3,10,1,4,23,14.44,0.91,-0.89,26.18,Moderately Stressed
2024-11-22 11:00:00,12.92,26.63,41.0,0.9,33.3,5.64,26.2,2,7,3,11,1,4,23,14.21,0.92,-0.76,26.63,Severely Stressed
2024-11-22 11:15:00,12.81,27.17,40.0,0.9,33.3,5.59,27.2,2,7,3,11,1,4,23,13.99,0.91,-0.59,27.17,Severely Stressed
2024-11-22 11:30:00,12.81,27.17,40.0,0.8,31.2,5.55,28.1,2,7,3,11,1,4,23,13.77,0.84,-0.59,27.17,Severely Stressed
2024-11-22 11:45:00,12.66,27.59,40.0,0.7,31.0,5.55,28.1,2,7,3,11,1,4,23,13.55,0.74,-0.48,27.59,Severely Stressed
2024-11-22 12:00:00,12.66,27.59,40.0,0.6,31.7,5.54,28.5,2,7,3,12,1,4,23,13.37,0.66,-0.26,27.59,Severely Stressed
2024-11-22 12:15:00,12.25,28.73,40.0,0.6,31.7,5.54,28.4,2,7,3,12,1,4,23,13.18,0.63,-0.56,28.73,Severely Stressed
2024-11-22 12:30:00,12.25,28.73,40.0,0.7,33.9,5.52,28.9,2,7,3,12,1,4,23,13.0,0.55,-0.56,28.73,Severely Stressed
2024-11-22 12:45:00,12.2,29.23,40.0,0.6,38.4,5.52,28.9,2,7,3,12,1,4,23,12.85,0.49,-0.46,29.23,Severely Stressed
2024-11-22 13:00:00,12.18,29.4,40.0,0.6,36.2,5.53,29.0,2,7,3,13,1,4,23,12.72,0.44,-0.48,29.4,Severely Stressed
2024-11-22 13:15:00,12.01,29.75,39.0,0.6,36.2,5.53,29.0,2,7,3,13,1,4,23,12.61,0.43,-0.24,29.75,Severely Stressed
2024-11-22 13:30:00,12.01,29.75,39.0,0.7,32.6,5.53,29.0,2,7,3,13,1,4,23,12.49,0.38,-0.24,29.75,Severely Stressed
2024-11-22 13:45:00,11.97,29.88,39.0,0.6,31.7,5.53,29.0,2,7,3,13,1,4,23,12.39,0.35,-0.23,29.88,Severely Stressed
2024-11-22 14:00:00,11.99,29.95,39.0,0.6,31.1,5.52,29.2,2,7,3,14,1,4,23,12.32,0.33,-0.19,29.95,Severely Stressed
2024-11-22 14:15:00,12.03,29.89,39.0,0.6,31.1,5.49,29.8,2,8,4,14,1,4,23,12.25,0.3,0.02,29.95,Severely Stressed
2024-11-22 14:30:00,12.03,29.89,39.0,0.6,30.7,5.5,30.0,2,7,3,14,1,4,23,12.19,0.24,0.02,29.95,Severely Stressed
2024-11-22 14:45:00,12.18,29.62,39.0,0.6,31.4,5.5,30.0,2,7,3,14,1,4,23,12.15,0.19,0.21,29.95,Severely Stressed
2024-11-22 15:00:00,12.22,29.1,38.0,0.6,29.3,5.54,29.2,2,7,3,15,1,4,23,12.11,0.11,0.23,29.95,Severely Stressed
2024-11-22 15:15:00,12.26,28.65,38.0,0.6,29.3,5.53,29.2,2,7,3,15,1,4,23,12.11,0.11,0.23,29.95,Severely Stressed
2024-11-22 15:30:00,12.26,28.65,38.0,0.7,27.6,5.55,28.6,2,7,3,15,1,4,23,12.11,0.11,0.23,29.95,Severely Stressed
2024-11-22 15:45:00,12.23,28.36,38.0,0.7,27.3,5.55,28.6,2,7,3,15,1,4,23,12.11,0.12,0.05,29.95,Severely Stressed
2024-11-22 16:00:00,12.22,28.17,38.0,0.7,27.2,5.56,28.3,2,7,3,16,1,4,23,12.12,0.12,0.0,29.95,Severely Stressed
2024-11-22 16:15:00,12.19,28.22,38.0,0.7,27.2,5.55,28.4,2,7,3,16,1,4,23,12.13,0.12,-0.07,29.95,Severely Stressed
2024-11-22 16:30:00,12.19,28.22,38.0,0.8,27.7,5.56,28.4,2,7,3,16,1,4,23,12.15,0.11,-0.07,29.95,Severely Stressed
2024-11-22 16:45:00,12.18,28.27,38.0,0.8,27.8,5.56,28.4,2,7,3,16,1,4,23,12.16,0.09,-0.05,29.95,Severely Stressed
2024-11-22 17:00:00,12.22,28.16,38.0,0.8,26.8,5.57,28.2,2,7,3,17,1,4,23,12.18,0.08,0.0,29.89,Severely Stressed
2024-11-22 17:15:00,12.22,28.16,38.0,0.8,26.8,5.61,27.5,2,7,3,17,1,4,23,12.2,0.06,0.03,29.89,Severely Stressed
2024-11-22 17:30:00,12.28,27.43,38.0,0.9,25.1,5.64,27.0,2,7,3,17,1,4,23,12.22,0.03,0.09,29.62,Severely Stressed
2024-11-22 17:45:00,12.28,27.43,38.0,1.1,23.9,5.64,27.0,2,7,3,17,1,4,23,12.23,0.03,0.1,29.1,Severely Stressed
2024-11-22 18:00:00,12.34,27.0,37.0,1.4,23.0,5.68,26.5,2,7,3,18,1,4,23,12.24,0.05,0.12,28.65,Severely Stressed
2024-11-22 18:15:00,12.4,26.57,37.0,1.4,23.0,5.71,26.1,2,7,3,18,1,4,23,12.25,0.07,0.18,28.65,Severely Stressed
2024-11-22 18:30:00,12.4,26.57,37.0,1.3,22.4,5.74,25.7,2,7,3,18,1,4,23,12.26,0.08,0.12,28.36,Severely Stressed
2024-11-22 18:45:00,12.44,26.18,37.0,1.9,22.1,5.74,25.7,2,7,3,18,1,4,23,12.28,0.09,0.16,28.27,Severely Stressed
2024-11-22 19:00:00,12.48,25.86,37.0,1.9,21.7,5.75,25.4,2,7,3,19,0,4,23,12.3,0.11,0.14,28.27,Severely Stressed
2024-11-22 19:15:00,12.48,25.56,37.0,1.9,21.7,5.78,25.0,2,7,3,19,0,4,23,12.33,0.11,0.08,28.27,Severely Stressed
2024-11-22 19:30:00,12.48,25.56,37.0,1.7,21.4,5.79,24.7,2,6,3,19,0,4,23,12.35,0.11,0.08,28.27,Severely Stressed
2024-11-22 19:45:00,12.51,25.26,37.0,2.2,21.2,5.79,24.7,2,6,3,19,0,4,23,12.38,0.11,0.07,28.16,Severely Stressed
2024-11-22 20:00:00,12.53,25.02,37.0,2.3,21.0,5.8,24.5,2,6,3,20,0,4,23,12.4,0.1,0.05,28.16,Severely Stressed
2024-11-22 20:15:00,12.67,24.74,38.0,2.3,21.0,5.81,24.2,2,6,3,20,0,4,23,12.44,0.11,0.19,27.43,Severely Stressed
2024-11-22 20:30:00,12.67,24.74,38.0,2.0,20.8,5.83,24.0,2,6,3,20,0,4,23,12.47,0.12,0.19,27.43,Severely Stressed
2024-11-22 20:45:00,12.79,24.52,38.0,2.6,20.6,5.83,24.0,2,6,3,20,0,4,23,12.52,0.13,0.28,27.0,Severely Stressed
2024-11-22 21:00:00,13.01,24.31,40.0,2.6,20.4,5.83,23.7,2,6,3,21,0,4,23,12.57,0.18,0.48,26.57,Moderately Stressed
2024-11-22 21:15:00,13.02,24.05,39.0,2.6,20.4,5.84,23.4,2,6,3,21,0,4,23,12.62,0.21,0.35,26.57,Moderately Stressed
2024-11-22 21:30:00,13.02,24.05,39.0,2.5,20.2,5.83,23.2,2,6,3,21,0,4,23,12.68,0.23,0.35,26.18,Moderately Stressed
2024-11-22 21:45:00,13.02,23.85,39.0,2.2,20.0,5.83,23.2,2,6,3,21,0,4,23,12.72,0.24,0.23,25.86,Moderately Stressed
2024-11-22 22:00:00,13.01,23.63,39.0,2.5,19.8,5.84,22.9,2,6,3,22,0,4,23,12.77,0.24,0.0,25.56,Moderately Stressed
2024-11-22 22:15:00,12.97,23.49,39.0,2.5,19.8,5.83,22.8,2,6,3,22,0,4,23,12.81,0.22,-0.05,25.56,Severely Stressed
2024-11-22 22:30:00,12.97,23.49,39.0,2.5,19.6,5.83,22.6,2,6,3,22,0,4,23,12.85,0.2,-0.05,25.26,Severely Stressed
2024-11-22 22:45:00,13.03,23.3,39.0,2.5,19.5,5.83,22.6,2,6,3,22,0,4,23,12.89,0.18,0.01,25.02,Moderately Stressed
2024-11-22 23:00:00,13.0,23.13,38.0,2.7,19.3,5.82,22.4,2,6,3,23,0,4,23,12.93,0.14,-0.01,24.74,Moderately Stressed
2024-11-22 23:15:00,12.99,22.98,38.0,2.7,19.3,5.82,22.2,2,6,3,23,0,4,23,12.96,0.11,0.02,24.74,Severely Stressed
2024-11-22 23:30:00,12.99,22.98,38.0,2.9,19.2,5.81,22.1,2,6,3,23,0,4,23,12.98,0.06,0.02,24.52,Severely Stressed
2024-11-22 23:45:00,12.97,22.8,38.0,3.1,19.2,5.81,22.1,2,6,3,23,0,4,23,13.0,0.02,-0.06,24.31,Severely Stressed
2024-11-23 00:00:00,12.97,22.67,38.0,3.4,19.1,5.83,21.9,2,6,3,0,0,5,23,13.0,0.02,-0.03,24.05,Severely Stressed
2024-11-23 00:15:00,12.96,22.49,38.0,3.4,19.1,5.82,21.8,2,6,3,0,0,5,23,12.99,0.02,-0.03,24.05,Severely Stressed
2024-11-23 00:30:00,12.96,22.49,38.0,3.1,18.9,5.82,21.6,2,6,3,0,0,5,23,12.99,0.02,-0.03,23.85,Severely Stressed
2024-11-23 00:45:00,13.0,22.37,38.0,3.3,18.9,5.82,21.6,2,6,3,0,0,5,23,12.98,0.02,0.03,23.63,Moderately Stressed
2024-11-23 01:00:00,13.07,22.23,38.0,3.4,18.7,5.81,21.5,2,6,3,1,0,5,23,12.99,0.03,0.1,23.49,Moderately Stressed
2024-11-23 01:15:00,13.08,22.07,38.0,3.4,18.7,5.8,21.4,2,6,3,1,0,5,23,13.0,0.04,0.12,23.49,Moderately Stressed
2024-11-23 01:30:00,13.08,22.07,38.0,4.0,18.7,5.81,21.2,2,6,3,1,0,5,23,13.01,0.05,0.12,23.3,Moderately Stressed
2024-11-23 01:45:00,13.08,21.96,38.0,4.2,18.5,5.81,21.2,2,6,3,1,0,5,23,13.01,0.05,0.08,23.13,Moderately Stressed
2024-11-23 02:00:00,13.09,21.87,38.0,4.4,18.5,5.8,21.1,2,6,3,2,0,5,23,13.02,0.05,0.02,22.98,Moderately Stressed
2024-11-23 02:15:00,13.09,21.76,38.0,4.4,18.5,5.78,21.1,2,7,3,2,0,5,23,13.03,0.06,0.01,22.98,Moderately Stressed
2024-11-23 02:30:00,13.09,21.76,38.0,4.6,18.5,5.78,21.0,2,7,3,2,0,5,23,13.04,0.06,0.01,22.8,Moderately Stressed
2024-11-23 02:45:00,13.11,21.66,38.0,4.5,18.4,5.78,21.0,2,7,3,2,0,5,23,13.05,0.06,0.03,22.67,Moderately Stressed
2024-11-23 03:00:00,13.12,21.56,38.0,4.8,18.4,5.77,20.9,2,7,3,3,0,5,23,13.06,0.06,0.03,22.49,Moderately Stressed
2024-11-23 03:15:00,13.12,21.45,38.0,4.8,18.4,5.78,20.7,2,7,3,3,0,5,23,13.07,0.05,0.03,22.49,Moderately Stressed
2024-11-23 03:30:00,13.12,21.45,38.0,5.5,18.2,5.79,20.5,2,6,3,3,0,5,23,13.09,0.03,0.03,22.37,Moderately Stressed
2024-11-23 03:45:00,13.12,21.3,38.0,5.5,18.1,5.79,20.5,2,6,3,3,0,5,23,13.1,0.02,0.01,22.23,Moderately Stressed
2024-11-23 04:00:00,13.13,21.23,38.0,5.2,18.1,5.77,20.5,2,6,3,4,0,5,23,13.1,0.02,0.01,22.07,Moderately Stressed
2024-11-23 04:15:00,13.14,21.14,38.0,5.2,18.1,5.75,20.5,2,6,3,4,0,5,23,13.11,0.02,0.02,22.07,Moderately Stressed
2024-11-23 04:30:00,13.14,21.14,38.0,5.8,18.0,5.74,20.4,2,6,3,4,0,5,23,13.11,0.02,0.02,21.96,Moderately Stressed
2024-11-23 04:45:00,13.15,21.05,38.0,5.5,18.0,5.74,20.4,2,6,3,4,0,5,23,13.12,0.02,0.03,21.87,Moderately Stressed
2024-11-23 05:00:00,13.18,20.96,38.0,6.2,18.0,5.73,20.3,2,6,3,5,0,5,23,13.13,0.03,0.05,21.76,Moderately Stressed
2024-11-23 05:15:00,13.2,20.9,38.0,6.2,18.0,5.71,20.3,2,6,3,5,0,5,23,13.14,0.03,0.06,21.76,Moderately Stressed
2024-11-23 05:30:00,13.2,20.9,38.0,5.4,17.9,5.7,20.2,2,6,3,5,0,5,23,13.14,0.03,0.06,21.66,Moderately Stressed
2024-11-23 05:45:00,13.22,20.82,38.0,5.6,17.9,5.7,20.2,2,6,3,5,0,5,23,13.15,0.04,0.07,21.56,Moderately Stressed
2024-11-23 06:00:00,13.25,20.74,38.0,7.0,17.9,5.69,20.1,2,6,3,6,1,5,23,13.16,0.04,0.07,21.45,Moderately Stressed
2024-11-23 06:15:00,13.26,20.67,38.0,7.0,17.9,5.69,20.1,2,6,3,6,1,5,23,13.18,0.05,0.06,21.45,Moderately Stressed
2024-11-23 06:30:00,13.26,20.67,38.0,7.2,17.9,5.69,20.0,2,6,3,6,1,5,23,13.19,0.05,0.06,21.3,Moderately Stressed
2024-11-23 06:45:00,13.26,20.67,38.0,5.8,18.3,5.69,20.0,2,7,3,6,1,5,23,13.2,0.05,0.04,21.23,Moderately Stressed
2024-11-23 07:00:00,13.31,20.74,38.0,4.0,19.3,5.68,20.1,2,7,3,7,1,5,23,13.21,0.06,0.06,21.14,Moderately Stressed
2024-11-23 07:15:00,13.31,20.74,38.0,4.0,19.3,5.67,20.3,2,6,3,7,1,5,23,13.23,0.06,0.05,21.14,Moderately Stressed
2024-11-23 07:30:00,13.31,20.74,38.0,3.6,20.3,5.66,20.5,2,6,3,7,1,5,23,13.24,0.05,0.05,21.05,Moderately Stressed
2024-11-23 07:45:00,13.28,20.87,39.0,3.2,21.0,5.66,20.5,2,6,3,7,1,5,23,13.25,0.05,0.02,20.96,Moderately Stressed
2024-11-23 08:00:00,13.22,21.07,39.0,2.4,23.8,5.65,20.9,2,6,3,8,1,5,23,13.26,0.04,-0.09,21.07,Moderately Stressed
2024-11-23 08:15:00,13.14,21.36,39.0,2.4,23.8,5.63,21.5,2,6,3,8,1,5,23,13.25,0.05,-0.17,21.36,Moderately Stressed
2024-11-23 08:30:00,13.14,21.36,39.0,2.2,24.8,5.62,21.9,2,6,3,8,1,5,23,13.25,0.06,-0.17,21.36,Moderately Stressed
2024-11-23 08:45:00,13.03,21.69,39.0,1.9,28.4,5.62,21.9,2,6,3,8,1,5,23,13.23,0.09,-0.25,21.69,Moderately Stressed
2024-11-23 09:00:00,12.87,22.2,38.0,1.7,31.3,5.59,22.6,2,6,3,9,1,5,23,13.2,0.13,-0.35,22.2,Severely Stressed
2024-11-23 09:15:00,12.65,22.78,38.0,1.7,31.3,5.57,23.0,2,6,3,9,1,5,23,13.15,0.21,-0.49,22.78,Severely Stressed
2024-11-23 09:30:00,12.65,22.78,38.0,1.3,31.4,5.55,23.4,2,6,3,9,1,5,23,13.1,0.25,-0.49,22.78,Severely Stressed
2024-11-23 09:45:00,12.46,23.4,38.0,1.4,32.4,5.55,23.4,2,6,3,9,1,5,24,13.03,0.3,-0.57,23.4,Severely Stressed
2024-11-23 10:00:00,12.37,24.01,38.0,1.2,33.0,5.52,24.0,2,6,3,10,1,5,24,12.95,0.34,-0.5,24.01,Severely Stressed
2024-11-23 10:15:00,12.17,24.63,38.0,1.2,33.0,5.5,24.4,2,6,3,10,1,5,24,12.86,0.39,-0.48,24.63,Severely Stressed
2024-11-23 10:30:00,12.17,24.63,38.0,1.2,33.6,5.45,25.2,2,6,3,10,1,5,24,12.76,0.41,-0.48,24.63,Severely Stressed
2024-11-23 10:45:00,12.1,25.29,38.0,1.0,33.8,5.45,25.2,2,6,3,10,1,5,24,12.66,0.41,-0.36,25.29,Severely Stressed
2024-11-23 11:00:00,11.9,25.87,37.0,1.0,34.8,5.43,25.6,2,6,3,11,1,5,24,12.55,0.43,-0.47,25.87,Severely Stressed
2024-11-23 11:15:00,11.7,26.6,38.0,1.0,34.8,5.37,26.5,2,6,3,11,1,5,24,12.43,0.45,-0.47,26.6,Severely Stressed
2024-11-23 11:30:00,11.7,26.6,38.0,0.8,34.6,5.32,27.6,2,6,3,11,1,5,24,12.31,0.44,-0.47,26.6,Severely Stressed
2024-11-23 11:45:00,11.64,27.19,38.0,0.8,34.4,5.32,27.6,2,6,3,11,1,5,24,12.2,0.41,-0.46,27.19,Severely Stressed
2024-11-23 12:00:00,11.61,27.58,37.0,0.9,37.0,5.31,28.1,2,7,3,12,1,5,24,12.09,0.38,-0.29,27.58,Severely Stressed
2024-11-23 12:15:00,11.43,28.14,38.0,0.9,37.0,5.28,28.9,2,7,3,12,1,5,24,11.99,0.39,-0.27,28.14,Severely Stressed
2024-11-23 12:30:00,11.43,28.14,38.0,0.6,36.8,5.31,28.5,2,7,3,12,1,5,24,11.89,0.36,-0.27,28.14,Severely Stressed
2024-11-23 12:45:00,11.56,28.33,37.0,0.7,37.0,5.31,28.5,2,7,3,12,1,5,24,11.82,0.32,-0.08,28.33,Severely Stressed
2024-11-23 13:00:00,11.4,28.69,37.0,0.6,37.6,5.31,28.5,2,7,3,13,1,5,24,11.73,0.29,-0.21,28.69,Severely Stressed
2024-11-23 13:15:00,11.34,29.11,37.0,0.6,37.6,5.3,28.9,2,7,3,13,1,5,24,11.66,0.27,-0.09,29.11,Severely Stressed
2024-11-23 13:30:00,11.34,29.11,37.0,0.6,33.8,5.31,28.8,2,7,3,13,1,5,24,11.6,0.23,-0.09,29.11,Severely Stressed
2024-11-23 13:45:00,11.47,29.12,37.0,0.6,32.1,5.31,28.8,2,7,3,13,1,5,24,11.54,0.17,-0.09,29.12,Severely Stressed
2024-11-23 14:00:00,11.56,29.01,38.0,0.6,31.6,5.33,28.5,2,7,3,14,1,5,24,11.52,0.13,0.16,29.12,Severely Stressed
2024-11-23 14:15:00,11.54,29.1,37.0,0.6,31.6,5.31,28.6,2,7,3,14,1,5,24,11.5,0.12,0.2,29.12,Severely Stressed
2024-11-23 14:30:00,11.54,29.1,37.0,0.6,31.6,5.3,28.8,2,7,3,14,1,5,24,11.49,0.1,0.2,29.12,Severely Stressed
2024-11-23 14:45:00,11.54,29.2,37.0,0.6,32.0,5.3,28.8,2,7,3,14,1,5,24,11.48,0.09,0.07,29.2,Severely Stressed
2024-11-23 15:00:00,11.57,29.0,37.0,0.6,29.9,5.32,28.5,2,7,3,15,1,5,24,11.48,0.09,0.01,29.2,Severely Stressed
2024-11-23 15:15:00,11.6,28.71,37.0,0.6,29.9,5.32,28.2,7,20,10,15,1,5,24,11.49,0.09,0.06,29.2,Severely Stressed
2024-11-23 15:30:00,11.6,28.71,37.0,0.8,28.8,5.78,27.6,12,34,17,15,1,5,24,11.5,0.09,0.06,29.2,Severely Stressed
2024-11-23 15:45:00,13.66,28.48,48.0,0.8,28.0,5.78,27.6,6,18,9,15,1,5,24,11.68,0.63,2.12,29.2,Moderately Stressed
2024-11-23 16:00:00,13.51,28.27,47.0,1.0,27.6,5.85,27.4,10,28,14,16,1,5,24,11.86,0.81,1.94,29.2,Moderately Stressed
2024-11-23 16:15:00,15.68,28.15,60.0,1.0,27.6,5.76,27.8,12,35,17,16,1,5,24,12.22,1.35,4.08,29.2,Moderately Stressed
2024-11-23 16:30:00,15.68,28.15,60.0,1.0,27.4,5.86,27.4,9,25,12,16,1,5,24,12.58,1.64,4.08,29.2,Moderately Stressed
2024-11-23 16:45:00,15.38,28.0,58.0,1.0,26.7,5.86,27.4,6,19,9,16,1,5,24,12.9,1.79,1.72,29.2,Moderately Stressed
2024-11-23 17:00:00,14.92,27.78,55.0,1.2,25.9,5.93,27.0,6,17,8,17,1,5,24,13.18,1.82,1.41,29.2,Moderately Stressed
2024-11-23 17:15:00,14.66,27.53,53.0,1.2,25.9,5.94,26.7,5,16,8,17,1,5,24,13.44,1.78,-1.02,29.2,Moderately Stressed
2024-11-23 17:30:00,14.66,27.53,53.0,1.4,25.3,5.96,26.4,5,14,7,17,1,5,24,13.7,1.71,-1.02,29.2,Moderately Stressed
2024-11-23 17:45:00,14.5,27.22,52.0,1.5,24.6,5.96,26.4,4,13,6,17,1,5,24,13.95,1.57,-0.88,29.0,Moderately Stressed
2024-11-23 18:00:00,14.41,26.93,51.0,2.0,24.1,5.96,26.1,4,12,6,18,1,5,24,14.19,1.39,-0.51,28.71,Moderately Stressed
2024-11-23 18:15:00,14.3,26.63,50.0,2.0,24.1,5.96,25.8,4,12,6,18,1,5,24,14.41,1.12,-0.36,28.71,Moderately Stressed
2024-11-23 18:30:00,14.3,26.63,50.0,1.9,23.7,5.97,25.6,4,11,5,18,1,5,24,14.64,0.7,-0.36,28.48,Moderately Stressed
2024-11-23 18:45:00,14.21,26.38,49.0,2.0,23.5,5.97,25.6,4,11,5,18,1,5,24,14.68,0.64,-0.29,28.27,Moderately Stressed
2024-11-23 19:00:00,14.14,26.15,48.0,2.0,23.2,5.97,25.3,4,11,5,19,0,5,24,14.74,0.56,-0.27,28.15,Moderately Stressed
2024-11-23 19:15:00,14.11,25.89,48.0,2.0,23.2,5.97,25.2,3,10,5,19,0,5,24,14.61,0.5,-0.19,28.15,Moderately Stressed
2024-11-23 19:30:00,14.11,25.89,48.0,1.8,23.1,5.98,24.9,3,10,5,19,0,5,24,14.48,0.38,-0.19,28.0,Moderately Stressed
2024-11-23 19:45:00,14.06,25.68,47.0,2.2,22.7,5.98,24.9,3,10,5,19,0,5,24,14.36,0.27,-0.15,27.78,Moderately Stressed
2024-11-23 20:00:00,14.01,25.45,47.0,1.9,22.2,5.97,24.7,3,10,5,20,0,5,24,14.29,0.23,-0.13,27.53,Moderately Stressed
2024-11-23 20:15:00,13.98,25.23,47.0,1.9,22.2,5.99,24.3,3,10,5,20,0,5,24,14.23,0.21,-0.13,27.53,Moderately Stressed
2024-11-23 20:30:00,13.98,25.23,47.0,2.2,22.0,5.99,24.1,3,9,4,20,0,5,24,14.18,0.17,-0.13,27.22,Moderately Stressed
2024-11-23 20:45:00,13.97,25.04,46.0,2.2,22.0,5.99,24.1,3,9,4,20,0,5,24,14.13,0.15,-0.09,26.93,Moderately Stressed
2024-11-23 21:00:00,13.94,24.84,46.0,2.2,21.8,5.98,24.1,3,9,4,21,0,5,24,14.09,0.13,-0.07,26.63,Moderately Stressed
2024-11-23 21:15:00,13.89,24.71,46.0,2.2,21.8,5.99,23.9,3,9,4,21,0,5,24,14.06,0.12,-0.09,26.63,Moderately Stressed
2024-11-23 21:30:00,13.89,24.71,46.0,2.2,21.7,5.99,23.7,3,9,4,21,0,5,24,14.02,0.1,-0.09,26.38,Moderately Stressed
2024-11-23 21:45:00,13.88,24.53,46.0,2.4,21.6,5.99,23.7,3,8,4,21,0,5,24,14.0,0.09,-0.09,26.15,Moderately Stressed
2024-11-23 22:00:00,13.83,24.41,46.0,2.2,21.5,5.98,23.6,3,8,4,22,0,5,24,13.97,0.09,-0.11,25.89,Moderately Stressed
2024-11-23 22:15:00,13.82,24.26,45.0,2.2,21.5,5.99,23.4,3,9,4,22,0,5,24,13.95,0.09,-0.07,25.89,Moderately Stressed
2024-11-23 22:30:00,13.82,24.26,45.0,2.2,21.4,6.0,23.3,3,8,4,22,0,5,24,13.92,0.08,-0.07,25.68,Moderately Stressed
2024-11-23 22:45:00,13.8,24.13,45.0,2.6,21.1,6.0,23.3,3,8,4,22,0,5,24,13.9,0.07,-0.08,25.45,Moderately Stressed
2024-11-23 23:00:00,13.79,24.01,45.0,3.2,20.9,6.0,23.2,3,8,4,23,0,5,24,13.88,0.07,-0.04,25.23,Moderately Stressed
2024-11-23 23:15:00,13.74,23.86,45.0,3.2,20.9,5.98,23.1,3,8,4,23,0,5,24,13.86,0.08,-0.08,25.23,Moderately Stressed
2024-11-23 23:30:00,13.74,23.86,45.0,3.2,20.8,5.98,23.0,3,8,4,23,0,5,24,13.84,0.07,-0.08,25.04,Moderately Stressed
2024-11-23 23:45:00,13.74,23.7,44.0,3.4,20.7,5.98,23.0,3,8,4,23,0,5,24,13.82,0.07,-0.06,24.84,Moderately Stressed
2024-11-24 00:00:00,13.71,23.59,44.0,3.4,20.5,5.98,22.9,2,8,4,0,0,6,24,13.8,0.06,-0.08,24.71,Moderately Stressed
2024-11-24 00:15:00,13.7,23.44,44.0,3.4,20.5,5.97,22.8,2,8,4,0,0,6,24,13.79,0.06,-0.04,24.71,Moderately Stressed
2024-11-24 00:30:00,13.7,23.44,44.0,3.3,20.7,5.96,22.7,2,8,4,0,0,6,24,13.77,0.06,-0.04,24.53,Moderately Stressed
2024-11-24 00:45:00,13.7,23.35,44.0,4.0,20.5,5.96,22.7,2,7,3,0,0,6,24,13.76,0.05,-0.04,24.41,Moderately Stressed
2024-11-24 01:00:00,13.67,23.22,44.0,5.2,20.4,5.96,22.6,2,7,3,1,0,6,24,13.74,0.05,-0.04,24.26,Moderately Stressed
2024-11-24 01:15:00,14.23,23.09,49.0,5.2,20.4,5.95,22.5,2,7,3,1,0,6,24,13.78,0.15,0.53,24.26,Moderately Stressed
2024-11-24 01:30:00,14.23,23.09,49.0,6.8,20.2,5.97,22.4,2,8,4,1,0,6,24,13.81,0.2,0.53,24.13,Moderately Stressed
2024-11-24 01:45:00,14.33,22.98,50.0,5.8,20.4,5.97,22.4,3,8,4,1,0,6,24,13.86,0.25,0.63,24.01,Moderately Stressed
2024-11-24 02:00:00,14.58,22.9,52.0,5.0,20.6,5.97,22.3,3,8,4,2,0,6,24,13.92,0.32,0.91,23.86,Moderately Stressed
2024-11-24 02:15:00,14.79,22.87,53.0,5.0,20.6,5.97,22.2,2,8,4,2,0,6,24,14.01,0.4,0.56,23.86,Moderately Stressed
2024-11-24 02:30:00,14.79,22.87,53.0,5.8,20.4,5.97,22.2,2,7,3,2,0,6,24,14.1,0.45,0.56,23.7,Moderately Stressed
2024-11-24 02:45:00,15.38,22.78,53.0,7.0,20.2,5.97,22.2,2,7,3,2,0,6,24,14.23,0.56,1.05,23.59,Moderately Stressed
2024-11-24 03:00:00,15.7,22.67,54.0,7.6,20.1,5.97,22.0,2,7,3,3,0,6,24,14.4,0.68,1.12,23.44,Moderately Stressed
2024-11-24 03:15:00,15.82,22.58,55.0,7.6,20.1,5.97,22.0,2,7,3,3,0,6,24,14.58,0.75,1.03,23.44,Moderately Stressed
2024-11-24 03:30:00,15.82,22.58,55.0,6.0,20.4,5.96,21.9,2,7,3,3,0,6,24,14.75,0.78,1.03,23.35,Moderately Stressed
2024-11-24 03:45:00,15.82,22.55,54.0,4.9,20.6,5.96,21.9,2,7,3,3,0,6,24,14.93,0.75,0.44,23.22,Moderately Stressed
2024-11-24 04:00:00,15.6,22.49,53.0,6.8,20.2,5.97,21.9,2,7,3,4,0,6,24,15.09,0.66,-0.1,23.09,Moderately Stressed
2024-11-24 04:15:00,15.44,22.4,53.0,6.8,20.2,5.96,21.8,2,7,3,4,0,6,24,15.19,0.61,-0.38,23.09,Moderately Stressed
2024-11-24 04:30:00,15.44,22.4,53.0,8.0,19.9,5.96,21.6,2,7,3,4,0,6,24,15.29,0.53,-0.38,22.98,Moderately Stressed
2024-11-24 04:45:00,15.32,22.29,52.0,6.6,20.0,5.96,21.6,2,7,3,4,0,6,24,15.38,0.43,-0.5,22.9,Moderately Stressed
2024-11-24 05:00:00,15.24,22.22,52.0,7.6,19.6,5.96,21.6,2,7,3,5,0,6,24,15.43,0.36,-0.36,22.87,Moderately Stressed
2024-11-24 05:15:00,15.16,22.16,52.0,7.6,19.6,5.94,21.5,2,7,3,5,0,6,24,15.46,0.31,-0.28,22.87,Moderately Stressed
2024-11-24 05:30:00,15.16,22.16,52.0,5.2,20.1,5.94,21.4,2,7,3,5,0,6,24,15.49,0.25,-0.28,22.78,Moderately Stressed
2024-11-24 05:45:00,15.08,22.08,51.0,6.8,19.8,5.94,21.4,2,7,3,5,0,6,24,15.47,0.28,-0.24,22.67,Moderately Stressed
2024-11-24 06:00:00,15.03,22.02,51.0,7.4,19.5,5.93,21.4,2,7,3,6,1,6,24,15.41,0.3,-0.21,22.58,Moderately Stressed
2024-11-24 06:15:00,14.99,21.91,50.0,7.4,19.5,5.91,21.3,2,7,3,6,1,6,24,15.34,0.29,-0.17,22.58,Moderately Stressed
2024-11-24 06:30:00,14.99,21.91,50.0,7.4,19.2,5.9,21.2,2,7,3,6,1,6,24,15.27,0.26,-0.17,22.55,Moderately Stressed
2024-11-24 06:45:00,14.93,21.79,50.0,6.2,19.5,5.9,21.2,2,7,3,6,1,6,24,15.2,0.21,-0.15,22.49,Moderately Stressed
2024-11-24 07:00:00,14.89,21.76,50.0,5.0,20.1,5.89,21.3,2,7,3,7,1,6,24,15.14,0.19,-0.14,22.4,Moderately Stressed
2024-11-24 07:15:00,14.82,21.83,50.0,5.0,20.1,5.88,21.4,2,7,3,7,1,6,24,15.09,0.18,-0.17,22.4,Moderately Stressed
2024-11-24 07:30:00,14.82,21.83,50.0,3.8,21.2,5.86,21.7,2,7,3,7,1,6,24,15.04,0.16,-0.17,22.29,Moderately Stressed
2024-11-24 07:45:00,14.74,21.96,50.0,3.2,22.1,5.86,21.7,2,7,3,7,1,6,24,14.99,0.15,-0.19,22.22,Moderately Stressed
2024-11-24 08:00:00,14.66,22.17,50.0,2.3,26.2,5.85,22.0,3,8,4,8,1,6,24,14.94,0.16,-0.23,22.17,Moderately Stressed
2024-11-24 08:15:00,14.48,22.57,50.0,2.3,26.2,5.82,23.1,3,8,4,8,1,6,24,14.88,0.19,-0.34,22.57,Moderately Stressed
2024-11-24 08:30:00,14.48,22.57,50.0,2.1,29.1,5.8,23.7,3,8,4,8,1,6,24,14.83,0.2,-0.34,22.57,Moderately Stressed
2024-11-24 08:45:00,14.28,22.96,49.0,1.8,30.5,5.8,23.7,3,8,4,8,1,6,24,14.76,0.24,-0.46,22.96,Moderately Stressed
2024-11-24 09:00:00,14.11,23.34,48.0,1.6,27.8,5.8,23.9,3,8,4,9,1,6,24,14.68,0.29,-0.55,23.34,Moderately Stressed
2024-11-24 09:15:00,13.96,23.6,48.0,1.6,27.8,5.79,23.9,3,8,4,9,1,6,24,14.6,0.34,-0.52,23.6,Moderately Stressed
2024-11-24 09:30:00,13.96,23.6,48.0,1.6,28.6,5.78,24.4,3,9,4,9,1,6,24,14.51,0.36,-0.52,23.6,Moderately Stressed
2024-11-24 09:45:00,13.76,24.12,47.0,1.7,28.9,5.78,24.4,3,9,4,9,1,6,25,14.41,0.39,-0.52,24.12,Moderately Stressed
2024-11-24 10:00:00,13.57,24.53,46.0,1.6,33.3,5.77,24.7,3,9,4,10,1,6,25,14.3,0.43,-0.54,24.53,Moderately Stressed
2024-11-24 10:15:00,13.37,25.04,45.0,1.6,33.3,5.74,25.3,3,9,4,10,1,6,25,14.18,0.47,-0.59,25.04,Moderately Stressed
2024-11-24 10:30:00,13.37,25.04,45.0,1.4,34.2,5.73,25.4,3,9,4,10,1,6,25,14.06,0.48,-0.59,25.04,Moderately Stressed
2024-11-24 10:45:00,13.19,25.45,45.0,1.4,35.0,5.73,25.4,3,9,4,10,1,6,25,13.93,0.49,-0.57,25.45,Moderately Stressed
2024-11-24 11:00:00,13.03,25.87,44.0,1.3,37.3,5.72,25.7,3,9,4,11,1,6,25,13.8,0.49,-0.54,25.87,Moderately Stressed
2024-11-24 11:15:00,12.74,26.6,44.0,1.3,37.3,5.67,26.6,3,9,4,11,1,6,25,13.65,0.53,-0.63,26.6,Severely Stressed
2024-11-24 11:30:00,12.74,26.6,44.0,1.1,40.2,5.65,27.0,3,9,4,11,1,6,25,13.51,0.52,-0.63,26.6,Severely Stressed
2024-11-24 11:45:00,12.62,27.25,44.0,0.9,40.5,5.65,27.0,3,9,4,11,1,6,25,13.37,0.52,-0.57,27.25,Severely Stressed
2024-11-24 12:00:00,12.47,27.69,43.0,0.9,41.5,5.62,27.5,3,9,4,12,1,6,25,13.23,0.52,-0.56,27.69,Severely Stressed
2024-11-24 12:15:00,12.47,27.69,43.0,0.9,41.5,5.58,28.4,3,9,4,12,1,6,25,13.11,0.51,-0.27,27.69,Severely Stressed
2024-11-24 12:30:00,12.21,28.8,43.0,0.7,43.4,5.57,28.4,3,9,4,12,1,6,25,12.96,0.49,-0.53,28.8,Severely Stressed
2024-11-24 12:45:00,12.21,28.8,43.0,0.6,42.5,5.57,28.4,3,9,4,12,1,6,25,12.83,0.47,-0.41,28.8,Severely Stressed
2024-11-24 13:00:00,12.2,29.04,43.0,0.6,37.5,5.56,28.7,3,9,4,13,1,6,25,12.72,0.44,-0.27,29.04,Severely Stressed
2024-11-24 13:15:00,12.05,29.35,42.0,0.6,37.5,5.54,28.9,3,9,4,13,1,6,25,12.61,0.42,-0.42,29.35,Severely Stressed
2024-11-24 13:30:00,12.05,29.35,42.0,0.5,34.1,5.53,29.1,3,9,4,13,1,6,25,12.5,0.38,-0.16,29.35,Severely Stressed
2024-11-24 13:45:00,11.96,29.69,42.0,0.5,33.8,5.53,29.1,3,9,4,13,1,6,25,12.4,0.34,-0.25,29.69,Severely Stressed
2024-11-24 14:00:00,11.96,29.96,42.0,0.5,33.4,5.52,29.2,3,9,4,14,1,6,25,12.31,0.29,-0.24,29.96,Severely Stressed
2024-11-24 14:15:00,12.03,29.84,42.0,0.5,33.4,5.53,29.1,3,8,4,14,1,6,25,12.25,0.27,-0.02,29.96,Severely Stressed
2024-11-24 14:30:00,12.03,29.84,42.0,0.5,33.1,5.51,29.4,3,8,4,14,1,6,25,12.19,0.22,-0.02,29.96,Severely Stressed
2024-11-24 14:45:00,11.97,29.86,42.0,0.5,33.1,5.51,29.4,3,8,4,14,1,6,25,12.13,0.18,0.01,29.96,Severely Stressed
2024-11-24 15:00:00,11.97,29.86,42.0,0.6,32.0,5.53,29.1,3,8,4,15,1,6,25,12.09,0.15,0.01,29.96,Severely Stressed
2024-11-24 15:15:00,12.01,29.65,42.0,0.6,32.0,5.53,29.1,3,8,4,15,1,6,25,12.05,0.1,-0.02,29.96,Severely Stressed
2024-11-24 15:30:00,12.01,29.65,42.0,0.6,31.4,5.53,29.1,3,8,4,15,1,6,25,12.04,0.08,-0.02,29.96,Severely Stressed
2024-11-24 15:45:00,12.04,29.34,41.0,0.6,30.4,5.53,29.1,3,8,4,15,1,6,25,12.02,0.07,0.07,29.96,Severely Stressed
2024-11-24 16:00:00,12.04,29.34,41.0,0.5,28.8,5.55,28.8,3,8,4,16,1,6,25,12.01,0.04,0.07,29.96,Severely Stressed
2024-11-24 16:15:00,12.11,29.05,41.0,0.5,28.8,5.58,28.2,3,8,4,16,1,6,25,12.02,0.04,0.1,29.96,Severely Stressed
2024-11-24 16:30:00,12.11,29.05,41.0,0.6,27.9,5.61,27.9,3,8,4,16,1,6,25,12.02,0.05,0.1,29.96,Severely Stressed
2024-11-24 16:45:00,12.11,28.8,41.0,0.7,27.1,5.61,27.9,2,8,4,16,1,6,25,12.03,0.05,0.07,29.96,Severely Stressed
2024-11-24 17:00:00,12.17,28.48,41.0,0.7,26.2,5.64,27.6,2,8,4,17,1,6,25,12.05,0.06,0.13,29.86,Severely Stressed
2024-11-24 17:15:00,12.17,28.48,41.0,0.7,26.2,5.67,27.2,2,8,4,17,1,6,25,12.06,0.07,0.06,29.86,Severely Stressed
2024-11-24 17:30:00,12.24,27.77,41.0,0.9,25.5,5.69,26.9,2,8,4,17,1,6,25,12.08,0.09,0.13,29.86,Severely Stressed
2024-11-24 17:45:00,12.24,27.77,41.0,1.0,24.6,5.69,26.9,2,8,4,17,1,6,25,12.1,0.09,0.13,29.86,Severely Stressed
2024-11-24 18:00:00,12.26,27.42,41.0,1.2,24.0,5.72,26.5,2,8,4,18,1,6,25,12.13,0.09,0.09,29.65,Severely Stressed
2024-11-24 18:15:00,12.3,27.04,41.0,1.2,24.0,5.74,26.2,2,8,4,18,1,6,25,12.15,0.1,0.13,29.65,Severely Stressed
2024-11-24 18:30:00,12.3,27.04,41.0,1.2,23.5,5.75,26.0,2,7,3,18,1,6,25,12.17,0.09,0.06,29.34,Severely Stressed
2024-11-24 18:45:00,12.32,26.73,40.0,1.3,23.3,5.75,26.0,2,7,3,18,1,6,25,12.2,0.09,0.08,29.34,Severely Stressed
2024-11-24 19:00:00,12.37,26.48,40.0,1.5,23.0,5.77,25.7,2,7,3,19,0,6,25,12.22,0.09,0.11,29.05,Severely Stressed
2024-11-24 19:15:00,12.38,26.19,40.0,1.5,23.0,5.78,25.5,2,7,3,19,0,6,25,12.25,0.09,0.08,29.05,Severely Stressed
2024-11-24 19:30:00,12.38,26.19,40.0,1.5,22.7,5.78,25.4,2,7,3,19,0,6,25,12.27,0.09,0.08,28.8,Severely Stressed
2024-11-24 19:45:00,12.4,25.96,40.0,2.0,22.4,5.78,25.4,2,7,3,19,0,6,25,12.29,0.08,0.08,28.48,Severely Stressed
2024-11-24 20:00:00,12.41,25.74,40.0,1.9,22.3,5.79,25.0,2,7,3,20,0,6,25,12.31,0.08,0.04,28.48,Severely Stressed
2024-11-24 20:15:00,12.41,25.74,40.0,1.9,22.3,5.8,24.8,2,7,3,20,0,6,25,12.33,0.07,0.03,27.77,Severely Stressed
2024-11-24 20:30:00,12.44,25.34,40.0,1.9,22.2,5.8,24.6,2,7,3,20,0,6,25,12.35,0.06,0.06,27.77,Severely Stressed
2024-11-24 20:45:00,12.44,25.34,40.0,2.2,22.1,5.8,24.6,2,7,3,20,0,6,25,12.37,0.06,0.04,27.42,Severely Stressed
2024-11-24 21:00:00,12.46,25.14,40.0,2.6,21.9,5.81,24.5,2,7,3,21,0,6,25,12.38,0.05,0.05,27.04,Severely Stressed
2024-11-24 21:15:00,12.45,24.96,40.0,2.6,21.9,5.81,24.3,2,7,3,21,0,6,25,12.4,0.05,0.04,27.04,Severely Stressed
2024-11-24 21:30:00,12.45,24.96,40.0,2.2,21.7,5.82,24.1,2,7,3,21,0,6,25,12.41,0.04,0.01,26.73,Severely Stressed
2024-11-24 21:45:00,12.47,24.81,40.0,2.2,21.5,5.82,24.1,2,7,3,21,0,6,25,12.42,0.03,0.03,26.48,Severely Stressed
2024-11-24 22:00:00,12.47,24.63,40.0,2.2,21.4,5.82,24.0,2,7,3,22,0,6,25,12.43,0.03,0.01,26.19,Severely Stressed
2024-11-24 22:15:00,12.47,24.49,40.0,2.2,21.4,5.82,23.8,2,7,3,22,0,6,25,12.44,0.03,0.02,26.19,Severely Stressed
2024-11-24 22:30:00,12.47,24.49,40.0,2.5,21.2,5.82,23.7,2,7,3,22,0,6,25,12.44,0.03,0.02,25.96,Severely Stressed
2024-11-24 22:45:00,12.52,24.21,40.0,2.8,21.0,5.82,23.7,2,7,3,22,0,6,25,12.46,0.03,0.05,25.74,Severely Stressed
2024-11-24 23:00:00,12.52,24.21,40.0,3.2,20.9,5.83,23.6,2,7,3,23,0,6,25,12.46,0.03,0.05,25.74,Severely Stressed
2024-11-24 23:15:00,12.53,24.04,40.0,3.2,20.9,5.83,23.4,2,7,3,23,0,6,25,12.47,0.03,0.06,25.34,Severely Stressed
2024-11-24 23:30:00,12.53,24.04,40.0,3.2,20.7,5.83,23.2,2,7,3,23,0,6,25,12.48,0.03,0.06,25.34,Severely Stressed
2024-11-24 23:45:00,12.7,23.77,41.0,3.6,20.6,5.83,23.2,2,7,3,23,0,6,25,12.5,0.07,0.18,25.14,Severely Stressed
2024-11-25 00:00:00,12.7,23.77,41.0,3.8,20.4,5.83,23.0,2,7,3,0,0,0,25,12.52,0.09,0.18,24.96,Severely Stressed
2024-11-25 00:15:00,12.67,23.6,41.0,3.8,20.4,5.83,22.9,2,7,3,0,0,0,25,12.54,0.09,0.14,24.96,Severely Stressed
2024-11-25 00:30:00,12.67,23.6,41.0,4.3,20.3,5.83,22.7,2,7,3,0,0,0,25,12.56,0.1,0.14,24.81,Severely Stressed
2024-11-25 00:45:00,12.66,23.49,41.0,4.8,20.2,5.83,22.7,2,7,3,0,0,0,25,12.58,0.1,-0.04,24.63,Severely Stressed
2024-11-25 01:00:00,12.64,23.34,41.0,5.6,20.1,5.84,22.5,2,6,3,1,0,0,25,12.59,0.09,-0.06,24.49,Severely Stressed
2024-11-25 01:15:00,12.64,23.21,41.0,5.6,20.1,5.85,22.5,2,6,3,1,0,0,25,12.6,0.08,-0.03,24.49,Severely Stressed
2024-11-25 01:30:00,12.64,23.21,41.0,5.6,20.1,5.84,22.4,2,6,3,1,0,0,25,12.62,0.07,-0.03,24.21,Severely Stressed
2024-11-25 01:45:00,12.66,23.1,40.0,5.8,20.1,5.84,22.4,2,6,3,1,0,0,25,12.63,0.07,0.0,24.21,Severely Stressed
2024-11-25 02:00:00,12.65,23.01,40.0,4.9,20.4,5.84,22.3,2,6,3,2,0,0,25,12.64,0.06,0.01,24.04,Severely Stressed
2024-11-25 02:15:00,13.29,22.98,46.0,4.9,20.4,5.84,22.3,2,6,3,2,0,0,25,12.7,0.19,0.65,24.04,Moderately Stressed
2024-11-25 02:30:00,13.29,22.98,46.0,4.6,20.4,5.84,22.2,2,6,3,2,0,0,25,12.77,0.24,0.65,23.77,Moderately Stressed
2024-11-25 02:45:00,13.47,22.88,47.0,4.4,20.5,5.84,22.2,2,6,3,2,0,0,25,12.83,0.32,0.81,23.77,Moderately Stressed
2024-11-25 03:00:00,13.46,22.82,47.0,5.6,20.3,5.84,22.2,2,6,3,3,0,0,25,12.9,0.36,0.81,23.6,Moderately Stressed
2024-11-25 03:15:00,13.44,22.77,47.0,5.6,20.3,5.84,22.1,2,6,3,3,0,0,25,12.96,0.38,0.15,23.6,Moderately Stressed
2024-11-25 03:30:00,13.44,22.77,47.0,4.9,20.2,5.84,22.0,2,6,3,3,0,0,25,13.02,0.4,0.15,23.49,Moderately Stressed
2024-11-25 03:45:00,13.42,22.66,46.0,4.2,20.4,5.84,22.0,2,6,3,3,0,0,25,13.09,0.39,-0.05,23.34,Moderately Stressed
2024-11-25 04:00:00,13.42,22.66,46.0,5.0,20.3,5.84,22.0,2,6,3,4,0,0,25,13.15,0.38,-0.04,23.21,Moderately Stressed
2024-11-25 04:15:00,13.43,22.58,47.0,5.0,20.3,5.84,21.9,2,6,3,4,0,0,25,13.22,0.35,-0.01,23.21,Moderately Stressed
2024-11-25 04:30:00,13.43,22.58,47.0,5.6,20.1,5.82,21.8,2,7,3,4,0,0,25,13.28,0.3,-0.01,23.1,Moderately Stressed
2024-11-25 04:45:00,13.4,22.49,46.0,6.4,19.8,5.82,21.8,2,7,3,4,0,0,25,13.34,0.23,-0.02,23.01,Moderately Stressed
2024-11-25 05:00:00,13.41,22.38,46.0,6.4,19.5,5.83,21.7,2,7,3,5,0,0,25,13.41,0.06,-0.01,22.98,Moderately Stressed
2024-11-25 05:15:00,13.4,22.27,46.0,6.4,19.5,5.82,21.6,2,7,3,5,0,0,25,13.42,0.05,-0.03,22.98,Moderately Stressed
2024-11-25 05:30:00,13.4,22.27,46.0,6.8,19.3,5.8,21.5,2,7,3,5,0,0,25,13.43,0.02,-0.03,22.88,Moderately Stressed
2024-11-25 05:45:00,14.18,22.14,50.0,6.1,19.1,5.8,21.5,2,7,3,5,0,0,25,13.49,0.22,0.78,22.82,Moderately Stressed
2024-11-25 06:00:00,14.18,22.14,50.0,6.0,18.9,5.8,21.3,2,7,3,6,1,0,25,13.55,0.3,0.77,22.77,Moderately Stressed
2024-11-25 06:15:00,14.14,21.86,50.0,6.0,18.9,5.79,21.2,2,7,3,6,1,0,25,13.6,0.34,0.74,22.77,Moderately Stressed
2024-11-25 06:30:00,14.14,21.86,50.0,7.5,18.8,5.8,21.0,2,7,3,6,1,0,25,13.66,0.37,0.74,22.66,Moderately Stressed
2024-11-25 06:45:00,14.23,21.76,50.0,7.0,18.9,5.8,21.0,2,7,3,6,1,0,25,13.73,0.39,0.05,22.66,Moderately Stressed
2024-11-25 07:00:00,14.26,21.71,50.0,4.6,19.6,5.8,21.0,2,7,3,7,1,0,25,13.8,0.41,0.08,22.58,Moderately Stressed
2024-11-25 07:15:00,14.26,21.71,50.0,4.6,19.6,5.78,21.2,2,7,3,7,1,0,25,13.87,0.41,0.12,22.58,Moderately Stressed
2024-11-25 07:30:00,14.21,21.86,50.0,4.3,20.4,5.77,21.3,2,7,3,7,1,0,25,13.93,0.39,0.07,22.49,Moderately Stressed
2024-11-25 07:45:00,14.21,21.86,50.0,3.6,20.4,5.77,21.3,2,7,3,7,1,0,25,14.0,0.36,-0.02,22.38,Moderately Stressed
2024-11-25 08:00:00,14.13,21.87,50.0,3.2,20.6,5.77,21.3,2,7,3,8,1,0,25,14.06,0.31,-0.13,22.27,Moderately Stressed
2024-11-25 08:15:00,14.06,21.96,49.0,3.2,20.6,5.76,21.3,2,7,3,8,1,0,25,14.12,0.23,-0.2,22.27,Moderately Stressed
2024-11-25 08:30:00,14.06,21.96,49.0,2.8,21.4,5.75,21.5,2,7,3,8,1,0,25,14.17,0.07,-0.15,22.14,Moderately Stressed
2024-11-25 08:45:00,13.92,22.06,49.0,2.6,22.2,5.75,21.5,2,7,3,8,1,0,25,14.15,0.1,-0.29,22.14,Moderately Stressed
2024-11-25 09:00:00,13.81,22.27,49.0,2.3,23.8,5.73,21.8,2,7,3,9,1,0,25,14.12,0.14,-0.32,22.27,Moderately Stressed
2024-11-25 09:15:00,13.48,22.78,48.0,2.3,23.8,5.69,22.4,2,7,3,9,1,0,25,14.06,0.23,-0.58,22.78,Moderately Stressed
2024-11-25 09:30:00,13.48,22.78,48.0,1.8,31.0,5.64,23.4,2,7,3,9,1,0,25,14.01,0.28,-0.58,22.78,Moderately Stressed
2024-11-25 09:45:00,13.1,23.57,47.0,1.8,36.6,5.64,23.4,2,7,3,9,1,0,26,13.92,0.38,-0.82,23.57,Moderately Stressed
2024-11-25 10:00:00,12.8,24.22,45.0,1.0,35.6,5.6,24.2,2,7,3,10,1,0,26,13.79,0.48,-1.01,24.22,Severely Stressed
2024-11-25 10:15:00,12.58,24.72,44.0,1.0,35.6,5.57,24.6,2,7,3,10,1,0,26,13.65,0.57,-0.9,24.72,Severely Stressed
2024-11-25 10:30:00,12.58,24.72,44.0,1.3,39.4,5.52,25.5,2,7,3,10,1,0,26,13.52,0.61,-0.9,24.72,Severely Stressed
2024-11-25 10:45:00,12.38,25.34,43.0,1.1,38.5,5.52,25.5,2,7,3,10,1,0,26,13.36,0.65,-0.72,25.34,Severely Stressed
2024-11-25 11:00:00,12.2,25.97,42.0,0.9,33.8,5.49,26.0,2,7,3,11,1,0,26,13.2,0.68,-0.6,25.97,Severely Stressed
2024-11-25 11:15:00,12.11,26.19,42.0,0.9,33.8,5.49,25.7,2,7,3,11,1,0,26,13.04,0.69,-0.47,26.19,Severely Stressed
2024-11-25 11:30:00,12.11,26.19,42.0,1.0,36.6,5.46,26.6,2,7,3,11,1,0,26,12.88,0.66,-0.47,26.19,Severely Stressed
2024-11-25 11:45:00,11.83,27.43,41.0,0.9,40.4,5.46,26.6,2,7,3,11,1,0,26,12.7,0.64,-0.55,27.43,Severely Stressed
2024-11-25 12:00:00,11.83,27.43,41.0,0.7,39.2,5.42,27.3,2,7,3,12,1,0,26,12.54,0.58,-0.37,27.43,Severely Stressed
2024-11-25 12:15:00,11.72,27.74,41.0,0.7,39.2,5.4,27.6,2,7,3,12,1,0,26,12.39,0.54,-0.39,27.74,Severely Stressed
2024-11-25 12:30:00,11.72,27.74,41.0,0.6,36.9,5.37,28.0,2,7,3,12,1,0,26,12.25,0.45,-0.39,27.74,Severely Stressed
2024-11-25 12:45:00,11.59,28.06,41.0,0.6,35.1,5.37,28.0,2,7,3,12,1,0,26,12.12,0.4,-0.24,28.06,Severely Stressed
2024-11-25 13:00:00,11.58,28.27,40.0,0.6,32.8,5.37,28.2,2,7,3,13,1,0,26,12.02,0.36,-0.25,28.27,Severely Stressed
2024-11-25 13:15:00,11.55,28.5,40.0,0.6,32.8,5.37,28.3,2,7,3,13,1,0,26,11.93,0.34,-0.17,28.5,Severely Stressed
2024-11-25 13:30:00,11.55,28.5,40.0,0.6,32.3,5.35,28.5,2,7,3,13,1,0,26,11.85,0.29,-0.17,28.5,Severely Stressed
2024-11-25 13:45:00,11.41,28.89,40.0,0.6,32.3,5.35,28.5,2,8,4,13,1,0,26,11.77,0.26,-0.18,28.89,Severely Stressed
2024-11-25 14:00:00,11.37,29.21,40.0,0.6,32.1,5.35,28.7,2,8,4,14,1,0,26,11.7,0.24,-0.21,29.21,Severely Stressed
2024-11-25 14:15:00,11.34,29.28,40.0,0.6,32.1,5.32,29.2,2,8,4,14,1,0,26,11.63,0.22,-0.21,29.28,Severely Stressed
2024-11-25 14:30:00,11.34,29.28,40.0,0.6,33.2,5.3,29.7,2,8,4,14,1,0,26,11.57,0.18,-0.21,29.28,Severely Stressed
2024-11-25 14:45:00,11.37,29.22,40.0,0.7,33.0,5.3,29.7,2,8,4,14,1,0,26,11.53,0.17,-0.04,29.28,Severely Stressed
2024-11-25 15:00:00,11.51,28.88,40.0,0.6,29.4,5.34,28.9,2,7,3,15,1,0,26,11.5,0.14,0.14,29.28,Severely Stressed
2024-11-25 15:15:00,11.51,28.88,40.0,0.6,29.4,5.37,28.5,10,29,14,15,1,0,26,11.49,0.12,0.17,29.28,Severely Stressed
2024-11-25 15:30:00,15.57,28.16,65.0,0.7,28.0,5.8,26.4,11,31,15,15,1,0,26,11.81,1.19,4.23,29.28,Moderately Stressed
2024-11-25 15:45:00,15.57,28.16,65.0,0.8,27.5,5.8,26.4,11,31,15,15,1,0,26,12.14,1.6,4.2,29.28,Moderately Stressed
2024-11-25 16:00:00,16.6,27.74,72.0,0.8,27.3,5.83,26.5,10,29,14,16,1,0,26,12.56,2.04,5.09,29.28,Moderately Stressed
2024-11-25 16:15:00,16.92,27.64,75.0,0.8,27.3,5.83,27.3,11,30,15,16,1,0,26,13.0,2.36,5.41,29.28,Moderately Stressed
2024-11-25 16:30:00,16.92,27.64,75.0,0.8,27.1,5.96,26.9,8,25,12,16,1,0,26,13.45,2.56,1.35,29.28,Moderately Stressed
2024-11-25 16:45:00,16.29,27.55,69.0,0.9,26.4,5.96,26.9,7,21,10,16,1,0,26,13.86,2.6,0.72,29.28,Moderately Stressed
2024-11-25 17:00:00,16.29,27.55,69.0,1.0,25.7,6.01,26.5,6,18,9,17,1,0,26,14.27,2.56,-0.31,29.28,Moderately Stressed
2024-11-25 17:15:00,15.61,27.17,64.0,1.0,25.7,6.03,26.2,6,17,8,17,1,0,26,14.62,2.4,-1.31,29.28,Moderately Stressed
2024-11-25 17:30:00,15.61,27.17,64.0,1.8,23.8,6.06,25.8,5,15,7,17,1,0,26,14.98,2.18,-1.31,29.22,Moderately Stressed
2024-11-25 17:45:00,15.45,26.82,62.0,7.3,22.3,6.06,25.8,5,14,7,17,1,0,26,15.32,1.86,-0.84,28.88,Moderately Stressed
2024-11-25 18:00:00,15.34,26.52,60.0,7.8,21.5,6.06,25.5,5,14,7,18,1,0,26,15.64,1.42,-0.95,28.88,Moderately Stressed
2024-11-25 18:15:00,15.23,26.23,59.0,7.8,21.5,6.07,25.2,4,13,6,18,1,0,26,15.95,0.62,-0.38,28.16,Moderately Stressed
2024-11-25 18:30:00,15.23,26.23,59.0,11.2,20.8,6.07,24.9,4,13,6,18,1,0,26,15.92,0.64,-0.38,28.16,Moderately Stressed
2024-11-25 18:45:00,15.12,25.96,58.0,9.4,20.7,6.07,24.9,4,12,6,18,1,0,26,15.88,0.68,-0.33,27.74,Moderately Stressed
2024-11-25 19:00:00,15.04,25.71,57.0,4.8,20.7,6.08,24.7,4,12,6,19,0,0,26,15.75,0.68,-0.3,27.64,Moderately Stressed
2024-11-25 19:15:00,14.94,25.5,57.0,4.8,20.7,6.08,24.5,4,12,6,19,0,0,26,15.59,0.61,-0.29,27.64,Moderately Stressed
2024-11-25 19:30:00,14.94,25.5,57.0,7.6,20.8,6.08,24.4,4,12,6,19,0,0,26,15.42,0.46,-0.29,27.55,Moderately Stressed
2024-11-25 19:45:00,14.86,25.35,56.0,10.5,20.6,6.08,24.4,4,11,5,19,0,0,26,15.3,0.4,-0.26,27.55,Moderately Stressed
2024-11-25 20:00:00,14.81,25.16,55.0,18.1,20.0,6.07,24.3,4,11,5,20,0,0,26,15.18,0.28,-0.23,27.17,Moderately Stressed
2024-11-25 20:15:00,14.77,24.99,55.0,18.1,20.0,6.07,24.1,4,11,5,20,0,0,26,15.11,0.27,-0.17,27.17,Moderately Stressed
2024-11-25 20:30:00,14.77,24.99,55.0,22.7,19.8,6.06,24.0,4,11,5,20,0,0,26,15.04,0.23,-0.17,26.82,Moderately Stressed
2024-11-25 20:45:00,14.71,24.82,54.0,24.5,19.6,6.06,24.0,3,11,5,20,0,0,26,14.98,0.21,-0.15,26.52,Moderately Stressed
2024-11-25 21:00:00,14.66,24.63,54.0,26.3,19.6,6.06,23.8,3,11,5,21,0,0,26,14.92,0.2,-0.15,26.23,Moderately Stressed
2024-11-25 21:15:00,14.61,24.45,53.0,26.3,19.6,6.07,23.6,3,10,5,21,0,0,26,14.87,0.19,-0.16,26.23,Moderately Stressed
2024-11-25 21:30:00,14.61,24.45,53.0,27.0,19.5,6.07,23.4,3,10,5,21,0,0,26,14.82,0.17,-0.16,25.96,Moderately Stressed
2024-11-25 21:45:00,14.55,24.32,53.0,28.5,19.3,6.07,23.4,3,10,5,21,0,0,26,14.77,0.15,-0.16,25.71,Moderately Stressed
2024-11-25 22:00:00,14.5,24.17,53.0,28.8,19.3,6.07,23.3,3,10,5,22,0,0,26,14.73,0.15,-0.16,25.5,Moderately Stressed
2024-11-25 22:15:00,14.44,24.02,52.0,28.8,19.3,6.07,23.2,3,10,5,22,0,0,26,14.69,0.15,-0.17,25.5,Moderately Stressed
2024-11-25 22:30:00,14.44,24.02,52.0,30.4,19.2,6.07,23.0,3,10,5,22,0,0,26,14.64,0.14,-0.17,25.35,Moderately Stressed
2024-11-25 22:45:00,14.43,23.91,52.0,31.0,19.2,6.07,23.0,3,10,5,22,0,0,26,14.61,0.14,-0.12,25.16,Moderately Stressed
2024-11-25 23:00:00,14.41,23.8,52.0,32.1,19.0,6.07,22.9,3,10,5,23,0,0,26,14.57,0.13,-0.09,24.99,Moderately Stressed
2024-11-25 23:15:00,14.45,23.63,52.0,32.1,19.0,6.05,22.9,3,9,4,23,0,0,26,14.55,0.12,0.01,24.99,Moderately Stressed
2024-11-25 23:30:00,14.45,23.63,52.0,33.3,19.2,6.06,22.8,3,9,4,23,0,0,26,14.52,0.1,0.01,24.82,Moderately Stressed
2024-11-25 23:45:00,14.47,23.58,53.0,33.3,19.2,6.06,22.8,3,9,4,23,0,0,26,14.5,0.08,0.04,24.63,Moderately Stressed
2024-11-26 00:00:00,14.45,23.5,52.0,33.0,19.1,6.05,22.7,3,9,4,0,0,1,26,14.48,0.07,0.04,24.45,Moderately Stressed
2024-11-26 00:15:00,14.42,23.4,52.0,33.0,19.1,6.05,22.6,3,9,4,0,0,1,26,14.47,0.06,-0.03,24.45,Moderately Stressed
2024-11-26 00:30:00,14.42,23.4,52.0,33.2,18.9,6.05,22.5,3,9,4,0,0,1,26,14.45,0.04,-0.03,24.32,Moderately Stressed
2024-11-26 00:45:00,14.38,23.29,52.0,34.2,19.1,6.05,22.5,3,9,4,0,0,1,26,14.44,0.03,-0.09,24.17,Moderately Stressed
2024-11-26 01:00:00,14.33,23.2,51.0,28.5,19.8,6.04,22.5,3,9,4,1,0,1,26,14.42,0.04,-0.12,24.02,Moderately Stressed
2024-11-26 01:15:00,14.27,23.19,51.0,28.5,19.8,6.04,22.5,3,9,4,1,0,1,26,14.41,0.06,-0.15,24.02,Moderately Stressed
2024-11-26 01:30:00,14.27,23.19,51.0,25.8,20.0,6.03,22.4,3,9,4,1,0,1,26,14.4,0.07,-0.15,23.91,Moderately Stressed
2024-11-26 01:45:00,14.26,23.18,51.0,26.7,19.4,6.03,22.4,3,9,4,1,0,1,26,14.38,0.08,-0.12,23.8,Moderately Stressed
2024-11-26 02:00:00,14.25,23.07,51.0,26.3,18.7,6.03,22.3,3,9,4,2,0,1,26,14.37,0.09,-0.08,23.63,Moderately Stressed
2024-11-26 02:15:00,14.2,22.92,51.0,26.3,18.7,6.04,22.1,3,8,4,2,0,1,26,14.35,0.09,-0.07,23.63,Moderately Stressed
2024-11-26 02:30:00,14.2,22.92,51.0,23.0,18.6,6.04,21.9,3,8,4,2,0,1,26,14.33,0.1,-0.07,23.58,Moderately Stressed
2024-11-26 02:45:00,14.19,22.8,50.0,17.4,18.4,6.04,21.9,3,8,4,2,0,1,26,14.3,0.09,-0.07,23.5,Moderately Stressed
2024-11-26 03:00:00,14.25,22.71,51.0,15.6,18.3,6.05,21.8,3,8,4,3,0,1,26,14.29,0.08,0.0,23.4,Moderately Stressed
2024-11-26 03:15:00,14.23,22.61,50.0,15.6,18.3,6.05,21.6,2,8,4,3,0,1,26,14.27,0.07,0.03,23.4,Moderately Stressed
2024-11-26 03:30:00,14.23,22.61,50.0,13.9,18.2,6.05,21.5,2,8,4,3,0,1,26,14.26,0.06,0.03,23.29,Moderately Stressed
2024-11-26 03:45:00,14.19,22.53,50.0,13.1,18.1,6.05,21.5,2,7,3,3,0,1,26,14.24,0.04,0.0,23.2,Moderately Stressed
2024-11-26 04:00:00,14.15,22.46,50.0,25.6,17.9,6.05,21.5,2,8,4,4,0,1,26,14.22,0.04,-0.1,23.19,Moderately Stressed
2024-11-26 04:15:00,14.13,22.37,50.0,25.6,17.9,6.03,21.5,2,8,4,4,0,1,26,14.21,0.04,-0.1,23.19,Moderately Stressed
2024-11-26 04:30:00,14.13,22.37,50.0,28.1,17.6,6.03,21.5,2,8,4,4,0,1,26,14.2,0.05,-0.1,23.18,Moderately Stressed
2024-11-26 04:45:00,14.13,22.27,49.0,31.5,17.4,6.03,21.5,3,8,4,4,0,1,26,14.19,0.05,-0.06,23.07,Moderately Stressed
2024-11-26 05:00:00,14.11,22.18,49.0,32.3,17.4,6.02,21.4,3,8,4,5,0,1,26,14.18,0.05,-0.04,22.92,Moderately Stressed
2024-11-26 05:15:00,14.23,22.08,50.0,32.3,17.4,6.01,21.3,3,8,4,5,0,1,26,14.18,0.05,0.1,22.92,Moderately Stressed
2024-11-26 05:30:00,14.23,22.08,50.0,33.5,17.4,6.0,21.3,3,8,4,5,0,1,26,14.18,0.05,0.1,22.8,Moderately Stressed
2024-11-26 05:45:00,14.2,21.98,50.0,34.3,17.3,6.0,21.3,3,8,4,5,0,1,26,14.18,0.05,0.07,22.71,Moderately Stressed
2024-11-26 06:00:00,14.16,21.91,49.0,35.1,17.1,6.0,21.2,3,8,4,6,1,1,26,14.18,0.05,0.05,22.61,Moderately Stressed
2024-11-26 06:15:00,14.24,21.8,49.0,35.1,17.1,5.97,21.1,3,8,4,6,1,1,26,14.18,0.05,0.01,22.61,Moderately Stressed
2024-11-26 06:30:00,14.24,21.8,49.0,36.3,17.3,5.96,21.0,3,8,4,6,1,1,26,14.18,0.05,0.01,22.53,Moderately Stressed
2024-11-26 06:45:00,14.2,21.75,49.0,36.8,18.1,5.96,21.0,3,8,4,6,1,1,26,14.18,0.05,0.0,22.46,Moderately Stressed
2024-11-26 07:00:00,14.2,21.75,49.0,31.2,18.7,5.96,21.1,3,8,4,7,1,1,26,14.18,0.05,0.04,22.37,Moderately Stressed
2024-11-26 07:15:00,14.22,21.77,50.0,31.2,18.7,5.97,21.1,3,8,4,7,1,1,26,14.19,0.05,-0.02,22.37,Moderately Stressed
2024-11-26 07:30:00,14.22,21.77,50.0,28.5,19.6,5.96,21.3,3,8,4,7,1,1,26,14.2,0.04,-0.02,22.27,Moderately Stressed
2024-11-26 07:45:00,14.3,21.87,50.0,22.0,21.1,5.96,21.3,3,8,4,7,1,1,26,14.21,0.05,0.1,22.18,Moderately Stressed
2024-11-26 08:00:00,14.14,22.07,50.0,8.2,27.1,5.93,21.5,3,8,4,8,1,1,26,14.22,0.04,-0.06,22.08,Moderately Stressed
2024-11-26 08:15:00,13.89,22.68,50.0,8.2,27.1,5.93,22.2,3,9,4,8,1,1,26,14.19,0.1,-0.33,22.68,Moderately Stressed
2024-11-26 08:30:00,13.89,22.68,50.0,5.3,32.1,5.91,22.6,3,9,4,8,1,1,26,14.16,0.13,-0.33,22.68,Moderately Stressed
2024-11-26 08:45:00,13.7,23.23,50.0,4.1,31.7,5.91,22.6,3,8,4,8,1,1,26,14.12,0.19,-0.6,23.23,Moderately Stressed
2024-11-26 09:00:00,13.66,23.49,49.0,3.7,27.1,5.89,22.9,3,8,4,9,1,1,26,14.08,0.23,-0.48,23.49,Moderately Stressed
2024-11-26 09:15:00,13.66,23.4,49.0,3.7,27.1,5.9,22.7,3,8,4,9,1,1,26,14.03,0.25,-0.23,23.49,Moderately Stressed
2024-11-26 09:30:00,13.66,23.4,49.0,3.1,25.1,5.9,22.7,3,8,4,9,1,1,26,13.98,0.26,-0.23,23.49,Moderately Stressed
2024-11-26 09:45:00,13.66,23.39,48.0,2.9,25.2,5.9,22.7,3,8,4,9,1,1,27,13.93,0.26,-0.04,23.49,Moderately Stressed
2024-11-26 10:00:00,13.57,23.49,48.0,2.5,27.6,5.91,22.8,3,8,4,10,1,1,27,13.88,0.27,-0.09,23.49,Moderately Stressed
2024-11-26 10:15:00,13.44,23.8,48.0,2.5,27.6,5.89,23.2,3,8,4,10,1,1,27,13.82,0.27,-0.22,23.8,Moderately Stressed
2024-11-26 10:30:00,13.44,23.8,48.0,2.1,28.8,5.88,23.5,3,8,4,10,1,1,27,13.75,0.26,-0.22,23.8,Moderately Stressed
2024-11-26 10:45:00,13.36,24.11,48.0,2.0,29.8,5.88,23.5,2,8,4,10,1,1,27,13.67,0.22,-0.3,24.11,Moderately Stressed
2024-11-26 11:00:00,13.26,24.38,48.0,2.0,32.0,5.88,23.5,2,8,4,11,1,1,27,13.6,0.19,-0.31,24.38,Moderately Stressed
2024-11-26 11:15:00,13.2,24.71,48.0,2.0,32.0,5.86,23.8,2,7,3,11,1,1,27,13.54,0.2,-0.24,24.71,Moderately Stressed
2024-11-26 11:30:00,13.2,24.71,48.0,1.9,29.7,5.86,23.8,2,7,3,11,1,1,27,13.48,0.19,-0.24,24.71,Moderately Stressed
2024-11-26 11:45:00,13.17,24.88,47.0,1.7,30.0,5.86,23.8,2,7,3,11,1,1,27,13.44,0.2,-0.19,24.88,Moderately Stressed
2024-11-26 12:00:00,13.14,25.04,47.0,1.8,29.7,5.86,23.9,2,7,3,12,1,1,27,13.4,0.2,-0.12,25.04,Moderately Stressed
2024-11-26 12:15:00,13.06,25.15,47.0,1.8,29.7,5.85,24.0,2,7,3,12,1,1,27,13.35,0.21,-0.14,25.15,Moderately Stressed
2024-11-26 12:30:00,13.06,25.15,47.0,1.9,28.8,5.85,23.9,2,7,3,12,1,1,27,13.3,0.2,-0.14,25.15,Moderately Stressed
2024-11-26 12:45:00,13.09,25.16,47.0,2.1,26.2,5.85,23.9,2,7,3,12,1,1,27,13.25,0.17,-0.08,25.16,Moderately Stressed
2024-11-26 13:00:00,13.09,25.04,47.0,2.1,26.2,5.86,23.8,2,7,3,13,1,1,27,13.21,0.14,-0.05,25.16,Moderately Stressed
2024-11-26 13:15:00,13.05,25.04,47.0,2.1,26.2,5.84,23.9,2,7,3,13,1,1,27,13.18,0.12,-0.01,25.16,Moderately Stressed
2024-11-26 13:30:00,13.05,25.04,47.0,2.1,25.9,5.84,23.9,2,7,3,13,1,1,27,13.14,0.1,-0.01,25.16,Moderately Stressed
2024-11-26 13:45:00,13.06,24.94,47.0,2.4,23.9,5.84,23.9,2,7,3,13,1,1,27,13.12,0.07,-0.03,25.16,Moderately Stressed
2024-11-26 14:00:00,13.1,24.73,47.0,2.6,23.8,5.87,23.6,2,7,3,14,1,1,27,13.11,0.06,0.01,25.16,Moderately Stressed
2024-11-26 14:15:00,13.06,24.71,46.0,2.6,23.8,5.86,23.6,2,7,3,14,1,1,27,13.09,0.05,0.01,25.16,Moderately Stressed
2024-11-26 14:30:00,13.06,24.71,46.0,2.3,25.2,5.84,23.8,2,7,3,14,1,1,27,13.08,0.04,0.01,25.16,Moderately Stressed
2024-11-26 14:45:00,13.06,24.73,46.0,3.1,24.3,5.84,23.8,2,7,3,14,1,1,27,13.07,0.03,0.0,25.16,Moderately Stressed
2024-11-26 15:00:00,13.09,24.61,46.0,3.5,23.9,5.85,23.6,2,7,3,15,1,1,27,13.07,0.02,-0.01,25.16,Moderately Stressed
2024-11-26 15:15:00,13.08,24.46,46.0,3.5,23.9,5.86,23.6,2,7,3,15,1,1,27,13.07,0.02,0.02,25.16,Moderately Stressed
2024-11-26 15:30:00,13.08,24.46,46.0,8.4,23.1,5.88,23.1,2,7,3,15,1,1,27,13.07,0.02,0.02,25.16,Moderately Stressed
2024-11-26 15:45:00,17.1,24.2,65.0,30.3,21.4,5.88,23.1,4,11,5,15,1,1,27,13.41,1.16,4.04,25.04,Moderately Stressed
2024-11-26 16:00:00,17.5,23.84,72.0,43.2,20.6,5.91,22.7,3,10,5,16,1,1,27,13.77,1.65,4.41,25.04,Moderately Stressed
2024-11-26 16:15:00,17.62,23.59,77.0,43.2,20.6,5.9,22.5,3,9,4,16,1,1,27,14.16,1.96,4.54,25.04,Moderately Stressed
2024-11-26 16:30:00,17.62,23.59,77.0,48.7,20.5,5.88,22.3,3,9,4,16,1,1,27,14.54,2.16,4.54,24.94,Moderately Stressed
2024-11-26 16:45:00,17.54,23.4,79.0,51.1,20.4,5.88,22.3,3,8,4,16,1,1,27,14.91,2.27,0.44,24.73,Moderately Stressed
2024-11-26 17:00:00,17.42,23.23,79.0,51.7,20.1,5.86,22.3,2,8,4,17,1,1,27,15.27,2.3,-0.08,24.73,Moderately Stressed
2024-11-26 17:15:00,17.2,23.09,78.0,51.7,20.1,5.85,22.2,2,7,3,17,1,1,27,15.61,2.25,-0.42,24.73,Moderately Stressed
2024-11-26 17:30:00,17.2,23.09,78.0,52.2,20.1,5.85,22.1,2,7,3,17,1,1,27,15.96,2.13,-0.42,24.73,Moderately Stressed
2024-11-26 17:45:00,16.93,22.98,76.0,52.1,20.0,5.85,22.1,2,7,3,17,1,1,27,16.28,1.94,-0.61,24.61,Moderately Stressed
2024-11-26 18:00:00,16.54,22.88,73.0,51.6,19.8,5.84,22.0,2,7,3,18,1,1,27,16.57,1.66,-0.88,24.46,Moderately Stressed
2024-11-26 18:15:00,16.16,22.81,69.0,51.6,19.8,5.83,22.0,2,7,3,18,1,1,27,16.83,1.26,-1.04,24.46,Moderately Stressed
2024-11-26 18:30:00,16.16,22.81,69.0,51.2,19.9,5.83,22.0,2,7,3,18,1,1,27,17.08,0.53,-1.04,24.2,Moderately Stressed
2024-11-26 18:45:00,15.97,22.78,68.0,49.8,19.8,5.83,22.0,2,7,3,18,1,1,27,16.99,0.62,-0.96,23.84,Moderately Stressed
2024-11-26 19:00:00,15.67,22.72,65.0,46.6,19.6,5.83,21.9,2,7,3,19,0,1,27,16.84,0.7,-0.87,23.59,Moderately Stressed
2024-11-26 19:15:00,15.5,22.68,63.0,46.6,19.6,5.84,21.8,2,6,3,19,0,1,27,16.66,0.75,-0.66,23.59,Moderately Stressed
2024-11-26 19:30:00,15.5,22.68,63.0,40.7,19.5,5.83,21.8,2,6,3,19,0,1,27,16.48,0.76,-0.66,23.4,Moderately Stressed
2024-11-26 19:45:00,15.4,22.65,62.0,39.4,19.4,5.83,21.8,2,6,3,19,0,1,27,16.3,0.74,-0.57,23.23,Moderately Stressed
2024-11-26 20:00:00,15.27,22.58,61.0,39.4,19.4,5.84,21.7,2,6,3,20,0,1,27,16.12,0.7,-0.4,23.09,Moderately Stressed
2024-11-26 20:15:00,15.18,22.57,60.0,42.1,19.6,5.84,21.8,2,6,3,20,0,1,27,15.96,0.66,-0.32,23.09,Moderately Stressed
2024-11-26 20:30:00,15.18,22.57,60.0,42.1,19.6,5.83,21.8,2,6,3,20,0,1,27,15.79,0.57,-0.32,22.98,Moderately Stressed
2024-11-26 20:45:00,15.08,22.55,59.0,42.1,19.6,5.83,21.8,2,6,3,20,0,1,27,15.63,0.47,-0.32,22.88,Moderately Stressed
2024-11-26 21:00:00,15.0,22.5,58.0,41.2,19.6,5.83,21.7,2,6,3,21,0,1,27,15.51,0.41,-0.27,22.81,Moderately Stressed
2024-11-26 21:15:00,14.93,22.47,58.0,41.2,19.6,5.83,21.7,2,6,3,21,0,1,27,15.4,0.38,-0.25,22.81,Moderately Stressed
2024-11-26 21:30:00,14.93,22.47,58.0,35.6,19.5,5.84,21.6,2,6,3,21,0,1,27,15.3,0.32,-0.25,22.78,Moderately Stressed
2024-11-26 21:45:00,14.87,22.41,58.0,36.0,19.4,5.84,21.6,2,6,3,21,0,1,27,15.21,0.26,-0.21,22.72,Moderately Stressed
2024-11-26 22:00:00,14.79,22.37,57.0,37.3,19.4,5.84,21.5,2,6,3,22,0,1,27,15.14,0.24,-0.21,22.68,Moderately Stressed
2024-11-26 22:15:00,14.7,22.35,56.0,37.3,19.4,5.84,21.6,2,6,3,22,0,1,27,15.07,0.24,-0.23,22.68,Moderately Stressed
2024-11-26 22:30:00,14.7,22.35,56.0,34.7,19.3,5.84,21.5,2,6,3,22,0,1,27,15.0,0.22,-0.23,22.65,Moderately Stressed
2024-11-26 22:45:00,14.65,22.28,56.0,36.4,19.4,5.84,21.5,2,6,3,22,0,1,27,14.94,0.21,-0.22,22.58,Moderately Stressed
2024-11-26 23:00:00,14.57,22.26,55.0,36.4,19.4,5.84,21.5,2,6,3,23,0,1,27,14.88,0.2,-0.22,22.57,Moderately Stressed
2024-11-26 23:15:00,14.51,22.19,54.0,24.7,19.3,5.84,21.4,2,6,3,23,0,1,27,14.83,0.21,-0.19,22.57,Moderately Stressed
2024-11-26 23:30:00,14.51,22.19,54.0,24.7,19.3,5.84,21.3,2,6,3,23,0,1,27,14.77,0.19,-0.19,22.55,Moderately Stressed
2024-11-26 23:45:00,14.42,22.16,54.0,14.4,19.2,5.84,21.3,2,6,3,23,0,1,27,14.72,0.19,-0.23,22.5,Moderately Stressed
2024-11-27 00:00:00,14.37,22.11,53.0,16.9,19.2,5.84,21.3,2,6,3,0,0,2,27,14.66,0.19,-0.2,22.47,Moderately Stressed
2024-11-27 00:15:00,14.31,22.07,53.0,16.9,19.2,5.85,21.2,2,6,3,0,0,2,27,14.61,0.2,-0.2,22.47,Moderately Stressed
2024-11-27 00:30:00,14.31,22.07,53.0,16.2,19.2,5.84,21.2,2,6,3,0,0,2,27,14.56,0.19,-0.2,22.41,Moderately Stressed
2024-11-27 00:45:00,14.27,22.05,52.0,14.9,19.1,5.84,21.2,2,6,3,0,0,2,27,14.51,0.18,-0.15,22.37,Moderately Stressed
2024-11-27 01:00:00,14.21,21.98,52.0,13.3,19.2,5.85,21.1,2,5,2,1,0,2,27,14.46,0.17,-0.16,22.35,Moderately Stressed
2024-11-27 01:15:00,14.17,21.96,51.0,13.3,19.2,5.84,21.1,2,5,2,1,0,2,27,14.42,0.17,-0.14,22.35,Moderately Stressed
2024-11-27 01:30:00,14.17,21.96,51.0,13.9,19.2,5.84,21.1,2,5,2,1,0,2,27,14.37,0.16,-0.14,22.28,Moderately Stressed
2024-11-27 01:45:00,14.12,21.95,51.0,13.8,19.2,5.84,21.1,2,5,2,1,0,2,27,14.33,0.15,-0.15,22.26,Moderately Stressed
2024-11-27 02:00:00,14.08,21.9,51.0,14.5,19.2,5.84,21.1,2,5,2,2,0,2,27,14.29,0.14,-0.13,22.19,Moderately Stressed
2024-11-27 02:15:00,14.03,21.87,50.0,14.5,19.2,5.84,21.1,2,5,2,2,0,2,27,14.25,0.14,-0.14,22.19,Moderately Stressed
2024-11-27 02:30:00,14.03,21.87,50.0,16.8,19.3,5.83,21.1,2,5,2,2,0,2,27,14.21,0.13,-0.14,22.16,Moderately Stressed
2024-11-27 02:45:00,14.0,21.86,50.0,13.3,19.3,5.83,21.1,2,5,2,2,0,2,27,14.17,0.12,-0.12,22.11,Moderately Stressed
2024-11-27 03:00:00,13.93,21.85,50.0,12.1,19.3,5.83,21.0,2,5,2,3,0,2,27,14.14,0.13,-0.15,22.07,Moderately Stressed
2024-11-27 03:15:00,13.9,21.83,49.0,12.1,19.3,5.83,21.0,2,5,2,3,0,2,27,14.1,0.13,-0.13,22.07,Moderately Stressed
2024-11-27 03:30:00,13.9,21.83,49.0,11.6,19.3,5.83,21.0,2,5,2,3,0,2,27,14.07,0.12,-0.13,22.05,Moderately Stressed
2024-11-27 03:45:00,13.84,21.79,49.0,12.7,19.2,5.83,21.0,2,5,2,3,0,2,27,14.03,0.12,-0.16,21.98,Moderately Stressed
2024-11-27 04:00:00,13.81,21.76,49.0,14.0,18.9,5.83,21.0,2,5,2,4,0,2,27,14.0,0.12,-0.12,21.96,Moderately Stressed
2024-11-27 04:15:00,13.77,21.73,49.0,14.0,18.9,5.83,21.0,2,5,2,4,0,2,27,13.97,0.13,-0.13,21.96,Moderately Stressed
2024-11-27 04:30:00,13.77,21.73,49.0,14.4,18.4,5.84,20.8,2,5,2,4,0,2,27,13.93,0.12,-0.13,21.95,Moderately Stressed
2024-11-27 04:45:00,13.77,21.63,48.0,13.0,18.2,5.84,20.8,2,5,2,4,0,2,27,13.9,0.11,-0.07,21.9,Moderately Stressed
2024-11-27 05:00:00,13.73,21.55,48.0,15.6,18.1,5.84,20.7,2,5,2,5,0,2,27,13.87,0.11,-0.08,21.87,Moderately Stressed
2024-11-27 05:15:00,13.72,21.46,48.0,15.6,18.1,5.84,20.7,2,5,2,5,0,2,27,13.85,0.1,-0.05,21.87,Moderately Stressed
2024-11-27 05:30:00,13.72,21.46,48.0,19.2,17.8,5.84,20.6,2,5,2,5,0,2,27,13.82,0.09,-0.05,21.86,Moderately Stressed
2024-11-27 05:45:00,13.7,21.41,47.0,19.2,17.8,5.84,20.6,2,5,2,5,0,2,27,13.8,0.08,-0.07,21.85,Moderately Stressed
2024-11-27 06:00:00,13.65,21.35,47.0,20.9,17.8,5.84,20.6,2,5,2,6,1,2,27,13.77,0.08,-0.08,21.83,Moderately Stressed
2024-11-27 06:15:00,13.64,21.26,47.0,20.9,17.8,5.84,20.5,2,5,2,6,1,2,27,13.75,0.08,-0.08,21.83,Moderately Stressed
2024-11-27 06:30:00,13.64,21.26,47.0,18.7,17.8,5.85,20.5,1,5,2,6,1,2,27,13.73,0.07,-0.08,21.79,Moderately Stressed
2024-11-27 06:45:00,13.61,21.23,47.0,21.7,18.0,5.85,20.5,1,5,2,6,1,2,27,13.71,0.06,-0.09,21.76,Moderately Stressed
2024-11-27 07:00:00,13.62,21.23,47.0,11.3,18.6,5.86,20.5,1,5,2,7,1,2,27,13.7,0.06,-0.03,21.73,Moderately Stressed
2024-11-27 07:15:00,13.57,21.25,47.0,11.3,18.6,5.87,20.6,1,5,2,7,1,2,27,13.68,0.07,-0.07,21.73,Moderately Stressed
2024-11-27 07:30:00,13.57,21.25,47.0,12.1,19.0,5.88,20.6,1,5,2,7,1,2,27,13.66,0.07,-0.07,21.63,Moderately Stressed
2024-11-27 07:45:00,13.55,21.27,47.0,12.1,19.0,5.88,20.6,1,5,2,7,1,2,27,13.64,0.06,-0.06,21.55,Moderately Stressed
2024-11-27 08:00:00,13.52,21.34,47.0,7.2,20.7,5.87,20.7,1,5,2,8,1,2,27,13.63,0.07,-0.1,21.46,Moderately Stressed
2024-11-27 08:15:00,13.42,21.48,47.0,7.2,20.7,5.87,20.9,1,5,2,8,1,2,27,13.6,0.08,-0.15,21.48,Moderately Stressed
2024-11-27 08:30:00,13.42,21.48,47.0,5.6,23.2,5.85,21.4,1,5,2,8,1,2,27,13.58,0.09,-0.15,21.48,Moderately Stressed
2024-11-27 08:45:00,13.3,21.87,47.0,4.6,27.1,5.85,21.4,1,5,2,8,1,2,27,13.54,0.11,-0.25,21.87,Moderately Stressed
2024-11-27 09:00:00,13.11,22.41,46.0,3.8,28.7,5.81,21.9,2,5,2,9,1,2,27,13.5,0.16,-0.41,22.41,Moderately Stressed
2024-11-27 09:15:00,13.07,22.78,46.0,3.8,28.7,5.79,22.2,2,5,2,9,1,2,27,13.45,0.2,-0.35,22.78,Moderately Stressed
2024-11-27 09:30:00,13.07,22.78,46.0,4.1,26.7,5.78,22.4,2,5,2,9,1,2,27,13.4,0.21,-0.35,22.78,Moderately Stressed
2024-11-27 09:45:00,12.99,22.99,45.0,3.4,28.6,5.78,22.4,2,5,2,9,1,2,28,13.35,0.23,-0.31,22.99,Severely Stressed
2024-11-27 10:00:00,12.92,23.29,45.0,3.6,28.4,5.76,22.7,2,5,2,10,1,2,28,13.29,0.25,-0.19,23.29,Severely Stressed
2024-11-27 10:15:00,12.75,23.5,44.0,3.6,28.4,5.75,22.8,2,5,2,10,1,2,28,13.22,0.27,-0.32,23.5,Severely Stressed
2024-11-27 10:30:00,12.75,23.5,44.0,3.3,27.9,5.71,23.3,1,5,2,10,1,2,28,13.16,0.28,-0.32,23.5,Severely Stressed
2024-11-27 10:45:00,12.64,23.7,44.0,2.6,30.9,5.71,23.3,1,5,2,10,1,2,28,13.08,0.29,-0.35,23.7,Severely Stressed
2024-11-27 11:00:00,12.59,24.11,44.0,2.3,33.7,5.64,24.3,1,5,2,11,1,2,28,13.0,0.29,-0.33,24.11,Severely Stressed
2024-11-27 11:15:00,12.5,24.53,44.0,2.3,33.7,5.6,24.6,1,5,2,11,1,2,28,12.93,0.29,-0.25,24.53,Severely Stressed
2024-11-27 11:30:00,12.5,24.53,44.0,2.7,30.4,5.59,24.3,1,5,2,11,1,2,28,12.85,0.26,-0.25,24.53,Severely Stressed
2024-11-27 11:45:00,12.51,24.65,44.0,2.7,28.4,5.59,24.3,1,5,2,11,1,2,28,12.78,0.24,-0.13,24.65,Severely Stressed
2024-11-27 12:00:00,12.49,24.7,44.0,2.3,29.4,5.59,24.0,1,5,2,12,1,2,28,12.73,0.23,-0.1,24.7,Severely Stressed
2024-11-27 12:15:00,12.35,25.03,44.0,2.3,29.4,5.54,25.0,2,5,2,12,1,2,28,12.67,0.23,-0.15,25.03,Severely Stressed
2024-11-27 12:30:00,12.35,25.03,44.0,1.6,34.9,5.51,25.1,2,5,2,12,1,2,28,12.61,0.21,-0.15,25.03,Severely Stressed
2024-11-27 12:45:00,12.33,25.43,44.0,1.6,35.2,5.51,25.1,2,5,2,12,1,2,28,12.56,0.18,-0.18,25.43,Severely Stressed
2024-11-27 13:00:00,12.25,25.86,44.0,1.8,32.9,5.49,25.3,2,5,2,13,1,2,28,12.5,0.16,-0.24,25.86,Severely Stressed
2024-11-27 13:15:00,12.29,25.88,44.0,1.8,32.9,5.48,25.1,2,5,2,13,1,2,28,12.46,0.15,-0.06,25.88,Severely Stressed
2024-11-27 13:30:00,12.29,25.88,44.0,1.8,31.7,5.47,25.4,2,5,2,13,1,2,28,12.42,0.13,-0.06,25.88,Severely Stressed
2024-11-27 13:45:00,12.27,25.93,44.0,1.9,30.4,5.47,25.4,2,5,2,13,1,2,28,12.39,0.12,-0.06,25.93,Severely Stressed
2024-11-27 14:00:00,12.28,25.9,44.0,2.2,29.4,5.47,25.4,2,5,2,14,1,2,28,12.37,0.1,0.03,25.93,Severely Stressed
2024-11-27 14:15:00,12.28,25.78,43.0,2.2,29.4,5.48,25.0,2,5,2,14,1,2,28,12.35,0.1,-0.01,25.93,Severely Stressed
2024-11-27 14:30:00,12.28,25.78,43.0,2.3,28.1,5.48,24.8,2,5,2,14,1,2,28,12.33,0.09,-0.01,25.93,Severely Stressed
2024-11-27 14:45:00,12.3,25.71,43.0,2.3,28.4,5.48,24.8,2,5,2,14,1,2,28,12.31,0.06,0.03,25.93,Severely Stressed
2024-11-27 15:00:00,12.31,25.69,43.0,2.3,28.4,5.47,24.8,2,5,2,15,1,2,28,12.3,0.03,0.03,25.93,Severely Stressed
2024-11-27 15:15:00,12.31,25.57,43.0,2.6,26.7,5.49,24.4,2,5,2,15,1,2,28,12.3,0.03,0.03,25.93,Severely Stressed
2024-11-27 15:30:00,12.31,25.57,43.0,2.6,26.7,5.5,24.4,2,5,2,15,1,2,28,12.29,0.02,0.03,25.93,Severely Stressed
2024-11-27 15:45:00,12.31,25.55,43.0,2.8,26.8,5.5,24.4,2,5,2,15,1,2,28,12.29,0.02,0.01,25.93,Severely Stressed
2024-11-27 16:00:00,12.3,25.48,43.0,2.7,26.5,5.5,24.5,2,5,2,16,1,2,28,12.29,0.01,-0.01,25.93,Severely Stressed
2024-11-27 16:15:00,16.98,25.56,73.0,2.7,26.5,5.51,24.3,2,5,2,16,1,2,28,12.68,1.35,4.67,25.93,Moderately Stressed
2024-11-27 16:30:00,16.98,25.56,73.0,3.0,25.5,5.53,24.2,2,5,2,16,1,2,28,13.08,1.82,4.67,25.93,Moderately Stressed
2024-11-27 16:45:00,17.0,25.44,72.0,3.7,24.4,5.53,24.2,2,5,2,16,1,2,28,13.47,2.12,4.69,25.9,Moderately Stressed
2024-11-27 17:00:00,17.01,25.24,72.0,3.9,23.7,5.55,24.0,2,5,2,17,1,2,28,13.86,2.31,4.71,25.78,Moderately Stressed
2024-11-27 17:15:00,17.02,25.04,71.0,3.9,23.7,5.58,23.8,2,5,2,17,1,2,28,14.26,2.42,0.04,25.78,Moderately Stressed
2024-11-27 17:30:00,17.02,25.04,71.0,4.2,22.9,5.6,23.5,2,5,2,17,1,2,28,14.65,2.45,0.04,25.71,Moderately Stressed
2024-11-27 17:45:00,17.05,24.85,71.0,4.5,22.4,5.6,23.5,2,5,2,17,1,2,28,15.05,2.42,0.05,25.69,Moderately Stressed
2024-11-27 18:00:00,17.05,24.68,71.0,5.1,21.7,5.62,23.4,2,5,2,18,1,2,28,15.44,2.32,0.04,25.57,Moderately Stressed
2024-11-27 18:15:00,17.07,24.5,71.0,5.1,21.7,5.65,23.2,2,5,2,18,1,2,28,15.84,2.13,0.05,25.57,Moderately Stressed
2024-11-27 18:30:00,17.07,24.5,71.0,6.6,21.1,5.67,23.0,2,5,2,18,1,2,28,16.24,1.84,0.05,25.56,Moderately Stressed
2024-11-27 18:45:00,17.09,24.32,71.0,8.4,20.7,5.67,23.0,2,5,2,18,1,2,28,16.64,1.37,0.04,25.56,Moderately Stressed
2024-11-27 19:00:00,17.08,24.12,71.0,9.8,20.4,5.7,22.8,2,5,2,19,0,2,28,17.04,0.04,0.03,25.56,Moderately Stressed
2024-11-27 19:15:00,17.09,23.94,71.0,9.8,20.4,5.72,22.7,2,5,2,19,0,2,28,17.04,0.04,0.02,25.56,Moderately Stressed
2024-11-27 19:30:00,17.09,23.94,71.0,11.4,20.2,5.73,22.5,2,5,2,19,0,2,28,17.05,0.03,0.02,25.44,Moderately Stressed
2024-11-27 19:45:00,17.1,23.8,72.0,12.6,19.9,5.73,22.5,2,5,2,19,0,2,28,17.06,0.03,0.01,25.24,Moderately Stressed
2024-11-27 20:00:00,17.12,23.6,72.0,13.6,19.7,5.74,22.3,2,5,2,20,0,2,28,17.07,0.03,0.04,25.04,Moderately Stressed
2024-11-27 20:15:00,17.14,23.44,72.0,13.6,19.7,5.76,22.1,2,5,2,20,0,2,28,17.08,0.03,0.05,25.04,Moderately Stressed
2024-11-27 20:30:00,17.14,23.44,72.0,14.4,19.4,5.78,21.9,2,5,2,20,0,2,28,17.09,0.03,0.05,24.85,Moderately Stressed
2024-11-27 20:45:00,17.13,23.29,72.0,15.8,19.2,5.78,21.9,2,5,2,20,0,2,28,17.1,0.03,0.03,24.68,Moderately Stressed
2024-11-27 21:00:00,17.14,23.12,72.0,16.8,19.0,5.79,21.8,2,5,2,21,0,2,28,17.1,0.03,0.02,24.5,Moderately Stressed
2024-11-27 21:15:00,17.16,22.99,72.0,16.8,19.0,5.8,21.7,2,5,2,21,0,2,28,17.11,0.03,0.02,24.5,Moderately Stressed
2024-11-27 21:30:00,17.16,22.99,72.0,17.4,19.0,5.8,21.6,2,5,2,21,0,2,28,17.12,0.03,0.02,24.32,Moderately Stressed
2024-11-27 21:45:00,17.17,22.87,72.0,18.6,18.8,5.8,21.6,2,5,2,21,0,2,28,17.13,0.03,0.04,24.12,Moderately Stressed
2024-11-27 22:00:00,17.17,22.73,72.0,19.4,18.6,5.81,21.4,2,5,2,22,0,2,28,17.13,0.03,0.03,23.94,Moderately Stressed
2024-11-27 22:15:00,17.2,22.59,72.0,19.4,18.6,5.81,21.3,2,5,2,22,0,2,28,17.14,0.03,0.04,23.94,Moderately Stressed
2024-11-27 22:30:00,17.2,22.59,72.0,20.4,18.5,5.81,21.3,2,5,2,22,0,2,28,17.15,0.03,0.04,23.8,Moderately Stressed
2024-11-27 22:45:00,17.19,22.47,72.0,21.0,18.5,5.8,21.1,2,5,2,22,0,2,28,17.16,0.03,0.02,23.6,Moderately Stressed
2024-11-27 23:00:00,17.22,22.37,72.0,21.7,18.5,5.8,21.1,2,5,2,23,0,2,28,17.17,0.03,0.05,23.44,Moderately Stressed
2024-11-27 23:15:00,17.21,22.26,72.0,21.7,18.5,5.79,21.0,2,5,2,23,0,2,28,17.17,0.03,0.01,23.44,Moderately Stressed
2024-11-27 23:30:00,17.21,22.26,72.0,22.4,18.4,5.8,20.9,2,5,2,23,0,2,28,17.18,0.03,0.01,23.29,Moderately Stressed
2024-11-27 23:45:00,17.2,22.16,72.0,23.1,18.1,5.8,20.9,2,5,2,23,0,2,28,17.19,0.03,0.01,23.12,Moderately Stressed
2024-11-28 00:00:00,17.2,22.02,72.0,23.8,17.9,5.82,20.8,2,5,2,0,0,3,28,17.19,0.02,-0.02,22.99,Moderately Stressed
2024-11-28 00:15:00,17.2,21.93,72.0,23.8,17.9,5.82,20.7,2,5,2,0,0,3,28,17.19,0.02,-0.01,22.99,Moderately Stressed
2024-11-28 00:30:00,17.2,21.93,72.0,24.7,17.9,5.8,20.6,2,5,2,0,0,3,28,17.2,0.01,-0.01,22.87,Moderately Stressed
2024-11-28 00:45:00,17.21,21.82,72.0,24.9,17.8,5.8,20.6,2,5,2,0,0,3,28,17.2,0.01,0.01,22.73,Moderately Stressed
2024-11-28 01:00:00,17.23,21.71,72.0,25.5,17.7,5.81,20.5,2,5,2,1,0,3,28,17.21,0.01,0.03,22.59,Moderately Stressed
2024-11-28 01:15:00,17.23,21.6,72.0,25.5,17.7,5.81,20.4,2,5,2,1,0,3,28,17.21,0.01,0.03,22.59,Moderately Stressed
2024-11-28 01:30:00,17.23,21.6,72.0,26.3,17.4,5.81,20.3,2,5,2,1,0,3,28,17.21,0.01,0.03,22.47,Moderately Stressed
2024-11-28 01:45:00,17.22,21.5,72.0,26.6,17.3,5.81,20.3,2,5,2,1,0,3,28,17.21,0.01,0.01,22.37,Moderately Stressed
2024-11-28 02:00:00,17.24,21.38,72.0,26.7,17.3,5.8,20.2,2,5,2,2,0,3,28,17.22,0.01,0.01,22.26,Moderately Stressed
2024-11-28 02:15:00,17.22,21.29,72.0,26.7,17.3,5.8,20.1,2,5,2,2,0,3,28,17.22,0.01,-0.01,22.26,Moderately Stressed
2024-11-28 02:30:00,17.22,21.29,72.0,27.4,17.2,5.82,19.9,2,5,2,2,0,3,28,17.22,0.01,-0.01,22.16,Moderately Stressed
2024-11-28 02:45:00,17.23,21.18,72.0,27.9,17.0,5.82,19.9,2,5,2,2,0,3,28,17.22,0.01,0.01,22.02,Moderately Stressed
2024-11-28 03:00:00,17.23,21.08,72.0,28.5,16.8,5.82,19.8,2,5,2,3,0,3,28,17.22,0.01,-0.01,21.93,Moderately Stressed
2024-11-28 03:15:00,17.24,20.98,71.0,28.5,16.8,5.82,19.7,2,5,2,3,0,3,28,17.23,0.01,0.02,21.93,Moderately Stressed
2024-11-28 03:30:00,17.24,20.98,71.0,29.0,16.7,5.81,19.6,2,5,2,3,0,3,28,17.23,0.01,0.02,21.82,Moderately Stressed
2024-11-28 03:45:00,17.25,20.9,71.0,29.6,16.6,5.81,19.6,2,5,2,3,0,3,28,17.23,0.01,0.02,21.71,Moderately Stressed
2024-11-28 04:00:00,17.25,20.81,71.0,48.0,16.5,5.81,19.5,2,5,2,4,0,3,28,17.23,0.01,0.02,21.6,Moderately Stressed
2024-11-28 04:15:00,17.25,20.71,71.0,48.0,16.5,5.8,19.4,2,5,2,4,0,3,28,17.24,0.01,0.01,21.6,Moderately Stressed
2024-11-28 04:30:00,17.25,20.71,71.0,48.5,16.5,5.8,19.3,2,7,3,4,0,3,28,17.24,0.01,0.01,21.5,Moderately Stressed
2024-11-28 04:45:00,17.25,20.62,71.0,47.5,16.4,5.8,19.3,2,7,3,4,0,3,28,17.24,0.01,0.0,21.38,Moderately Stressed
2024-11-28 05:00:00,17.26,20.51,71.0,45.4,16.3,5.81,19.2,2,6,3,5,0,3,28,17.24,0.01,0.01,21.29,Moderately Stressed
2024-11-28 05:15:00,17.26,20.41,70.0,45.4,16.3,5.8,19.1,2,6,3,5,0,3,28,17.24,0.01,0.01,21.29,Moderately Stressed
2024-11-28 05:30:00,17.26,20.41,70.0,43.4,16.2,5.79,19.0,2,6,3,5,0,3,28,17.25,0.01,0.01,21.18,Moderately Stressed
2024-11-28 05:45:00,17.73,20.32,78.0,42.5,16.1,5.79,19.0,2,6,3,5,0,3,28,17.29,0.14,0.48,21.08,Moderately Stressed
2024-11-28 06:00:00,17.72,20.21,79.0,42.0,15.9,5.78,18.9,2,6,3,6,1,3,28,17.33,0.18,0.46,20.98,Moderately Stressed
2024-11-28 06:15:00,17.56,20.11,76.0,42.0,15.9,5.78,18.8,2,6,3,6,1,3,28,17.36,0.19,0.3,20.98,Moderately Stressed
2024-11-28 06:30:00,17.56,20.11,76.0,42.0,15.9,5.79,18.8,2,6,3,6,1,3,28,17.38,0.2,0.3,20.9,Moderately Stressed
2024-11-28 06:45:00,17.49,20.02,75.0,42.8,16.0,5.79,18.8,2,6,3,6,1,3,28,17.4,0.2,-0.24,20.81,Moderately Stressed
2024-11-28 07:00:00,17.46,19.98,74.0,43.4,16.7,5.78,18.8,2,6,3,7,1,3,28,17.42,0.19,-0.26,20.71,Moderately Stressed
2024-11-28 07:15:00,17.45,19.95,74.0,43.4,16.7,5.76,19.0,2,6,3,7,1,3,28,17.44,0.18,-0.11,20.71,Moderately Stressed
2024-11-28 07:30:00,17.45,19.95,74.0,42.5,17.7,5.75,19.3,2,6,3,7,1,3,28,17.45,0.17,-0.11,20.62,Moderately Stressed
2024-11-28 07:45:00,17.41,19.97,74.0,42.6,18.8,5.75,19.3,2,6,3,7,1,3,28,17.47,0.16,-0.08,20.51,Moderately Stressed
2024-11-28 08:00:00,17.36,20.05,74.0,41.0,22.0,5.76,19.6,2,6,3,8,1,3,28,17.48,0.15,-0.1,20.41,Moderately Stressed
2024-11-28 08:15:00,17.32,20.26,73.0,41.0,22.0,5.7,21.1,2,6,3,8,1,3,28,17.48,0.14,-0.13,20.41,Moderately Stressed
2024-11-28 08:30:00,17.32,20.26,73.0,40.0,24.1,5.69,21.3,2,5,2,8,1,3,28,17.49,0.14,-0.13,20.32,Moderately Stressed
2024-11-28 08:45:00,17.26,20.48,73.0,38.7,26.7,5.69,21.3,2,5,2,8,1,3,28,17.45,0.13,-0.15,20.48,Moderately Stressed
2024-11-28 09:00:00,17.22,20.74,72.0,33.6,32.3,5.66,21.8,2,5,2,9,1,3,28,17.4,0.11,-0.14,20.74,Moderately Stressed
2024-11-28 09:15:00,17.14,21.13,72.0,33.6,32.3,5.58,23.0,2,5,2,9,1,3,28,17.37,0.12,-0.18,21.13,Moderately Stressed
2024-11-28 09:30:00,17.14,21.13,72.0,32.2,35.5,5.54,23.2,2,6,3,9,1,3,28,17.33,0.12,-0.18,21.13,Moderately Stressed
2024-11-28 09:45:00,16.97,21.57,72.0,24.5,35.3,5.54,23.2,5,16,8,9,1,3,29,17.29,0.15,-0.29,21.57,Moderately Stressed
2024-11-28 10:00:00,29.08,23.8,235.0,37.0,41.1,5.84,24.6,8,22,11,10,1,3,29,18.26,3.41,11.86,23.8,Healthy
2024-11-28 10:15:00,28.36,24.5,228.0,37.0,41.1,5.91,25.4,7,22,11,10,1,3,29,19.17,4.47,11.22,24.5,Healthy
2024-11-28 10:30:00,28.36,24.5,228.0,38.5,42.6,5.99,25.5,7,21,10,10,1,3,29,20.08,5.14,11.22,24.5,Healthy
2024-11-28 10:45:00,26.63,24.72,204.0,39.5,44.7,5.99,25.5,6,18,9,10,1,3,29,20.85,5.39,9.66,24.72,Healthy
2024-11-28 11:00:00,25.39,24.63,183.0,27.9,46.9,6.01,26.1,6,18,9,11,1,3,29,21.52,5.42,-3.69,24.72,Healthy
2024-11-28 11:15:00,24.19,24.73,164.0,27.9,46.9,5.95,27.2,4,12,6,11,1,3,29,22.09,5.3,-4.17,24.73,Healthy
2024-11-28 11:30:00,24.19,24.73,164.0,5.0,47.8,5.92,27.7,4,11,5,11,1,3,29,22.66,5.1,-4.17,24.73,Healthy
2024-11-28 11:45:00,23.72,24.89,155.0,1.3,45.9,5.92,27.7,4,11,5,11,1,3,29,23.2,4.81,-2.91,24.89,Healthy
2024-11-28 12:00:00,21.63,25.04,127.0,1.2,41.5,5.89,28.1,4,11,5,12,1,3,29,23.57,4.47,-3.76,25.04,Healthy
2024-11-28 12:15:00,21.31,25.18,122.0,1.2,41.5,5.89,27.8,3,10,5,12,1,3,29,23.91,4.07,-2.88,25.18,Healthy
2024-11-28 12:30:00,21.31,25.18,122.0,1.0,44.4,5.87,28.0,3,10,5,12,1,3,29,24.26,3.59,-2.88,25.18,Healthy
2024-11-28 12:45:00,21.1,25.41,118.0,1.5,38.4,5.87,28.0,3,9,4,12,1,3,29,24.61,2.97,-2.62,25.41,Healthy
2024-11-28 13:00:00,20.9,25.53,116.0,1.2,43.5,5.87,27.6,3,9,4,13,1,3,29,23.92,2.78,-0.73,25.53,Healthy
2024-11-28 13:15:00,20.71,25.78,113.0,1.2,43.5,5.84,28.0,3,9,4,13,1,3,29,23.29,2.54,-0.6,25.78,Healthy
2024-11-28 13:30:00,20.71,25.78,113.0,1.1,39.2,5.84,27.8,3,9,4,13,1,3,29,22.65,2.06,-0.6,25.78,Healthy
2024-11-28 13:45:00,20.61,25.96,111.0,1.4,34.5,5.84,27.8,3,9,4,13,1,3,29,22.15,1.71,-0.49,25.96,Healthy
2024-11-28 14:00:00,20.48,26.02,110.0,1.4,32.6,5.84,27.6,3,8,4,14,1,3,29,21.74,1.43,-0.42,26.02,Healthy
2024-11-28 14:15:00,20.39,26.09,108.0,1.4,32.6,5.84,27.5,3,8,4,14,1,3,29,21.42,1.24,-0.32,26.09,Healthy
2024-11-28 14:30:00,20.39,26.09,108.0,1.3,31.8,5.85,27.3,3,8,4,14,1,3,29,21.1,0.92,-0.32,26.09,Healthy
2024-11-28 14:45:00,20.32,26.18,107.0,1.9,30.9,5.85,27.3,3,8,4,14,1,3,29,20.82,0.43,-0.29,26.18,Healthy
2024-11-28 15:00:00,20.3,26.18,106.0,2.1,29.6,5.85,27.1,2,8,4,15,1,3,29,20.71,0.37,-0.18,26.18,Healthy
2024-11-28 15:15:00,20.24,26.12,105.0,2.1,29.6,5.86,26.8,2,8,4,15,1,3,29,20.62,0.34,-0.15,26.18,Healthy
2024-11-28 15:30:00,20.24,26.12,105.0,4.0,27.8,5.89,26.4,2,7,3,15,1,3,29,20.53,0.28,-0.15,26.18,Healthy
2024-11-28 15:45:00,20.2,26.01,104.0,3.3,26.9,5.89,26.4,2,7,3,15,1,3,29,20.46,0.23,-0.12,26.18,Healthy
2024-11-28 16:00:00,20.18,25.9,103.0,5.1,25.8,5.9,26.1,2,7,3,16,1,3,29,20.4,0.19,-0.12,26.18,Healthy
2024-11-28 16:15:00,20.18,25.76,102.0,5.1,25.8,5.92,25.8,2,7,3,16,1,3,29,20.35,0.17,-0.06,26.18,Healthy
2024-11-28 16:30:00,20.18,25.76,102.0,6.5,24.6,5.94,25.5,2,7,3,16,1,3,29,20.31,0.14,-0.06,26.18,Healthy
2024-11-28 16:45:00,20.17,25.56,102.0,6.9,23.5,5.94,25.5,2,7,3,16,1,3,29,20.27,0.1,-0.03,26.18,Healthy
2024-11-28 17:00:00,20.16,25.35,101.0,9.7,22.4,5.96,25.1,2,7,3,17,1,3,29,20.25,0.08,-0.02,26.18,Healthy
2024-11-28 17:15:00,20.13,25.09,100.0,9.7,22.4,5.99,24.7,2,7,3,17,1,3,29,20.22,0.08,-0.05,26.18,Healthy
2024-11-28 17:30:00,20.13,25.09,100.0,15.3,21.6,6.02,24.2,2,7,3,17,1,3,29,20.2,0.06,-0.05,26.18,Healthy
2024-11-28 17:45:00,20.13,24.83,100.0,19.3,20.7,6.02,24.2,2,7,3,17,1,3,29,20.19,0.05,-0.04,26.18,Healthy
2024-11-28 18:00:00,20.13,24.55,99.0,21.0,19.9,6.03,23.9,2,7,3,18,1,3,29,20.17,0.04,-0.03,26.12,Healthy
2024-11-28 18:15:00,20.1,24.3,99.0,21.0,19.9,6.05,23.5,2,7,3,18,1,3,29,20.16,0.04,-0.03,26.12,Healthy
2024-11-28 18:30:00,20.1,24.3,99.0,22.4,19.4,6.06,23.2,2,7,3,18,1,3,29,20.15,0.03,-0.03,26.01,Healthy
2024-11-28 18:45:00,20.07,24.02,98.0,22.7,19.2,6.06,23.2,2,7,3,18,1,3,29,20.14,0.04,-0.06,25.9,Healthy
2024-11-28 19:00:00,20.05,23.81,98.0,23.8,18.8,6.08,23.0,2,7,3,19,0,3,29,20.13,0.04,-0.08,25.76,Healthy
2024-11-28 19:15:00,20.01,23.6,97.0,23.8,18.8,6.09,22.7,2,6,3,19,0,3,29,20.11,0.05,-0.09,25.76,Healthy
2024-11-28 19:30:00,20.01,23.6,97.0,24.3,18.5,6.11,22.4,2,6,3,19,0,3,29,20.1,0.05,-0.09,25.56,Healthy
2024-11-28 19:45:00,19.98,23.39,97.0,25.9,18.3,6.11,22.4,2,6,3,19,0,3,29,20.08,0.06,-0.09,25.35,Healthy
2024-11-28 20:00:00,19.95,23.19,97.0,28.1,18.1,6.1,22.3,2,6,3,20,0,3,29,20.07,0.06,-0.1,25.09,Healthy
2024-11-28 20:15:00,19.94,22.99,96.0,28.1,18.1,6.1,22.0,2,6,3,20,0,3,29,20.05,0.07,-0.07,25.09,Healthy
2024-11-28 20:30:00,19.94,22.99,96.0,29.3,18.0,6.1,21.9,2,6,3,20,0,3,29,20.03,0.07,-0.07,24.83,Healthy
2024-11-28 20:45:00,19.91,22.82,96.0,28.9,17.9,6.1,21.9,2,6,3,20,0,3,29,20.02,0.07,-0.07,24.55,Healthy
2024-11-28 21:00:00,19.87,22.67,95.0,28.1,18.0,6.1,21.7,2,6,3,21,0,3,29,19.99,0.08,-0.08,24.3,Healthy
2024-11-28 21:15:00,19.83,22.49,95.0,28.1,18.0,6.09,21.6,2,6,3,21,0,3,29,19.97,0.08,-0.11,24.3,Healthy
2024-11-28 21:30:00,19.83,22.49,95.0,28.6,18.0,6.09,21.4,2,6,3,21,0,3,29,19.95,0.08,-0.11,24.02,Healthy
2024-11-28 21:45:00,19.82,22.37,95.0,28.5,17.9,6.09,21.4,2,6,3,21,0,3,29,19.93,0.08,-0.09,23.81,Healthy
2024-11-28 22:00:00,19.77,22.22,94.0,28.9,17.8,6.07,21.3,2,6,3,22,0,3,29,19.9,0.08,-0.1,23.6,Healthy
2024-11-28 22:15:00,19.73,22.08,93.0,28.9,17.8,6.07,21.2,2,6,3,22,0,3,29,19.88,0.09,-0.1,23.6,Healthy
2024-11-28 22:30:00,19.73,22.08,93.0,29.6,17.7,6.07,21.1,2,6,3,22,0,3,29,19.86,0.09,-0.1,23.39,Healthy
2024-11-28 22:45:00,19.7,21.96,93.0,29.6,17.8,6.07,21.1,2,6,3,22,0,3,29,19.84,0.09,-0.12,23.19,Healthy
2024-11-28 23:00:00,19.65,21.86,93.0,29.3,17.8,6.07,21.0,2,6,3,23,0,3,29,19.81,0.1,-0.12,22.99,Healthy
2024-11-28 23:15:00,19.64,21.76,92.0,29.3,17.8,6.07,20.9,2,6,3,23,0,3,29,19.78,0.1,-0.09,22.99,Healthy
2024-11-28 23:30:00,19.64,21.76,92.0,29.3,17.8,6.06,20.9,2,6,3,23,0,3,29,19.76,0.09,-0.09,22.82,Healthy
2024-11-28 23:45:00,19.57,21.62,91.0,28.9,17.8,6.06,20.9,2,6,3,23,0,3,29,19.73,0.09,-0.13,22.67,Healthy
2024-11-29 00:00:00,19.57,21.62,91.0,29.3,17.6,6.07,20.8,2,6,3,0,0,4,29,19.71,0.09,-0.08,22.49,Healthy
2024-11-29 00:15:00,19.55,21.55,91.0,29.3,17.6,6.07,20.7,2,6,3,0,0,4,29,19.68,0.1,-0.09,22.49,Healthy
2024-11-29 00:30:00,19.55,21.55,91.0,30.0,17.5,6.06,20.6,2,6,3,0,0,4,29,19.66,0.09,-0.09,22.37,Healthy
2024-11-29 00:45:00,19.53,21.45,91.0,29.6,17.6,6.06,20.6,2,6,3,0,0,4,29,19.64,0.08,-0.04,22.22,Healthy
2024-11-29 01:00:00,19.5,21.35,91.0,29.3,17.6,6.03,20.5,2,6,3,1,0,4,29,19.61,0.08,-0.07,22.08,Healthy
2024-11-29 01:15:00,19.47,21.25,90.0,29.3,17.6,6.03,20.5,2,6,3,1,0,4,29,19.59,0.08,-0.08,22.08,Healthy
2024-11-29 01:30:00,19.47,21.25,90.0,28.9,17.7,6.04,20.4,2,6,3,1,0,4,29,19.57,0.07,-0.08,21.96,Healthy
2024-11-29 01:45:00,19.45,21.22,90.0,28.5,18.1,6.04,20.4,2,6,3,1,0,4,29,19.55,0.07,-0.08,21.86,Healthy
2024-11-29 02:00:00,19.41,21.18,89.0,27.8,17.9,6.02,20.4,2,6,3,2,0,4,29,19.53,0.07,-0.09,21.76,Healthy
2024-11-29 02:15:00,19.39,21.15,89.0,27.8,17.9,6.02,20.4,2,6,3,2,0,4,29,19.51,0.07,-0.08,21.76,Healthy
2024-11-29 02:30:00,19.39,21.15,89.0,26.7,18.6,6.01,20.5,2,6,3,2,0,4,29,19.49,0.07,-0.08,21.62,Healthy
2024-11-29 02:45:00,19.33,21.15,89.0,25.9,18.8,6.01,20.5,2,6,3,2,0,4,29,19.47,0.08,-0.12,21.62,Healthy
2024-11-29 03:00:00,19.3,21.15,88.0,25.6,19.0,6.0,20.6,2,6,3,3,0,4,29,19.44,0.08,-0.11,21.55,Healthy
2024-11-29 03:15:00,19.27,21.15,88.0,25.6,19.0,6.0,20.6,2,6,3,3,0,4,29,19.42,0.09,-0.12,21.55,Healthy
2024-11-29 03:30:00,19.27,21.15,88.0,25.9,18.6,6.0,20.5,2,6,3,3,0,4,29,19.4,0.09,-0.12,21.45,Healthy
2024-11-29 03:45:00,19.25,21.14,88.0,25.2,18.3,6.0,20.5,2,6,3,3,0,4,29,19.38,0.09,-0.08,21.35,Healthy
2024-11-29 04:00:00,19.21,21.09,88.0,23.1,18.7,5.99,20.5,2,6,3,4,0,4,29,19.35,0.09,-0.09,21.25,Healthy
2024-11-29 04:15:00,19.19,21.06,87.0,23.1,18.7,5.99,20.5,2,6,3,4,0,4,29,19.33,0.09,-0.08,21.25,Healthy
2024-11-29 04:30:00,19.19,21.06,87.0,22.5,18.8,5.99,20.5,2,5,2,4,0,4,29,19.3,0.09,-0.08,21.22,Healthy
2024-11-29 04:45:00,19.18,21.05,87.0,20.7,18.8,5.99,20.5,2,5,2,4,0,4,29,19.28,0.08,-0.07,21.18,Healthy
2024-11-29 05:00:00,19.14,21.04,87.0,20.3,18.8,5.99,20.5,2,5,2,5,0,4,29,19.26,0.08,-0.07,21.15,Healthy
2024-11-29 05:15:00,19.13,21.04,86.0,20.3,18.8,5.99,20.4,2,5,2,5,0,4,29,19.24,0.08,-0.06,21.15,Healthy
2024-11-29 05:30:00,19.13,21.04,86.0,18.7,18.4,6.0,20.3,2,5,2,5,0,4,29,19.22,0.07,-0.06,21.15,Healthy
2024-11-29 05:45:00,19.11,20.95,86.0,22.1,17.9,6.0,20.3,2,5,2,5,0,4,29,19.2,0.06,-0.07,21.15,Healthy
2024-11-29 06:00:00,19.1,20.89,85.0,21.7,17.8,5.99,20.2,2,5,2,6,1,4,29,19.18,0.06,-0.04,21.15,Healthy
2024-11-29 06:15:00,19.08,20.83,85.0,21.7,17.8,5.99,20.1,2,5,2,6,1,4,29,19.16,0.06,-0.05,21.15,Healthy
2024-11-29 06:30:00,19.08,20.83,85.0,23.1,17.5,5.99,20.0,2,5,2,6,1,4,29,19.15,0.05,-0.05,21.14,Healthy
2024-11-29 06:45:00,19.07,20.74,85.0,21.4,17.7,5.99,20.0,2,5,2,6,1,4,29,19.13,0.05,-0.04,21.09,Healthy
2024-11-29 07:00:00,19.05,20.69,84.0,18.7,18.3,5.98,20.0,2,5,2,7,1,4,29,19.12,0.05,-0.05,21.06,Healthy
2024-11-29 07:15:00,19.02,20.68,84.0,18.7,18.3,5.98,20.1,2,5,2,7,1,4,29,19.11,0.05,-0.06,21.06,Healthy
2024-11-29 07:30:00,19.02,20.68,84.0,16.1,19.2,5.97,20.3,2,5,2,7,1,4,29,19.09,0.05,-0.06,21.05,Healthy
2024-11-29 07:45:00,18.98,20.73,84.0,12.8,20.2,5.97,20.3,2,5,2,7,1,4,29,19.08,0.05,-0.09,21.04,Healthy
2024-11-29 08:00:00,18.93,20.83,84.0,10.8,20.7,5.97,20.5,2,5,2,8,1,4,29,19.06,0.06,-0.12,21.04,Healthy
2024-11-29 08:15:00,18.9,20.93,84.0,10.8,20.7,5.96,20.7,2,5,2,8,1,4,29,19.04,0.07,-0.12,21.04,Healthy
2024-11-29 08:30:00,18.9,20.93,84.0,8.5,22.7,5.94,21.3,2,5,2,8,1,4,29,19.02,0.08,-0.12,20.95,Healthy
2024-11-29 08:45:00,18.81,21.14,83.0,6.5,24.0,5.94,21.3,2,5,2,8,1,4,29,19.0,0.09,-0.17,21.14,Healthy
2024-11-29 09:00:00,18.73,21.42,83.0,4.9,29.7,5.92,21.7,2,5,2,9,1,4,29,18.96,0.11,-0.2,21.42,Healthy
2024-11-29 09:15:00,18.63,21.8,83.0,4.9,29.7,5.88,22.5,2,5,2,9,1,4,29,18.93,0.14,-0.27,21.8,Healthy
2024-11-29 09:30:00,18.63,21.8,83.0,5.0,33.4,5.84,23.3,2,5,2,9,1,4,29,18.89,0.16,-0.27,21.8,Healthy
2024-11-29 09:45:00,18.51,22.29,83.0,5.4,30.6,5.84,23.3,2,5,2,9,1,4,30,18.84,0.18,-0.3,22.29,Healthy
2024-11-29 10:00:00,18.49,22.59,82.0,3.2,31.0,5.82,23.3,2,5,2,10,1,4,30,18.8,0.19,-0.24,22.59,Healthy
2024-11-29 10:15:00,18.39,22.88,82.0,3.2,31.0,5.79,23.9,2,5,2,10,1,4,30,18.74,0.21,-0.24,22.88,Healthy
2024-11-29 10:30:00,18.39,22.88,82.0,2.4,33.2,5.75,24.5,2,5,2,10,1,4,30,18.69,0.21,-0.24,22.88,Healthy
2024-11-29 10:45:00,18.3,23.29,81.0,1.9,37.6,5.75,24.5,2,5,2,10,1,4,30,18.63,0.22,-0.21,23.29,Healthy
2024-11-29 11:00:00,18.18,23.76,81.0,1.6,42.9,5.68,26.0,2,5,2,11,1,4,30,18.57,0.24,-0.31,23.76,Healthy
2024-11-29 11:15:00,18.06,24.22,80.0,1.6,42.9,5.64,27.1,2,5,2,11,1,4,30,18.5,0.25,-0.33,24.22,Healthy
2024-11-29 11:30:00,18.06,24.22,80.0,1.3,44.5,5.63,27.4,2,5,2,11,1,4,30,18.43,0.25,-0.33,24.22,Healthy
2024-11-29 11:45:00,17.95,24.68,80.0,1.2,43.3,5.63,27.4,2,5,2,11,1,4,30,18.36,0.25,-0.35,24.68,Moderately Stressed
2024-11-29 12:00:00,17.92,24.97,79.0,1.3,37.4,5.65,27.1,2,5,2,12,1,4,30,18.29,0.25,-0.26,24.97,Moderately Stressed
2024-11-29 12:15:00,17.85,25.16,79.0,1.3,37.4,5.65,26.8,2,5,2,12,1,4,30,18.23,0.26,-0.21,25.16,Moderately Stressed
2024-11-29 12:30:00,17.85,25.16,79.0,2.2,33.6,5.64,26.7,2,5,2,12,1,4,30,18.16,0.25,-0.21,25.16,Moderately Stressed
2024-11-29 12:45:00,17.79,25.34,78.0,2.0,32.9,5.64,26.7,2,5,2,12,1,4,30,18.1,0.24,-0.16,25.34,Moderately Stressed
2024-11-29 13:00:00,17.75,25.45,78.0,1.8,34.6,5.63,26.6,2,5,2,13,1,4,30,18.04,0.23,-0.17,25.45,Moderately Stressed
2024-11-29 13:15:00,17.63,25.66,78.0,1.8,34.6,5.62,26.9,2,5,2,13,1,4,30,17.98,0.23,-0.22,25.66,Moderately Stressed
2024-11-29 13:30:00,17.63,25.66,78.0,1.4,38.1,5.61,27.3,2,5,2,13,1,4,30,17.91,0.21,-0.22,25.66,Moderately Stressed
2024-11-29 13:45:00,17.54,25.87,77.0,1.4,36.0,5.61,27.3,2,5,2,13,1,4,30,17.85,0.2,-0.25,25.87,Moderately Stressed
2024-11-29 14:00:00,17.43,26.07,77.0,1.2,34.6,5.6,27.4,2,5,2,14,1,4,30,17.79,0.2,-0.32,26.07,Moderately Stressed
2024-11-29 14:15:00,17.39,26.2,76.0,1.2,34.6,5.59,27.5,2,5,2,14,1,4,30,17.73,0.21,-0.24,26.2,Moderately Stressed
2024-11-29 14:30:00,17.39,26.2,76.0,1.8,33.1,5.79,26.1,6,18,9,14,1,4,30,17.68,0.2,-0.24,26.2,Moderately Stressed
2024-11-29 14:45:00,26.68,26.18,197.0,2.7,32.5,5.79,26.1,6,18,9,14,1,4,30,18.4,2.61,9.14,26.2,Healthy
2024-11-29 15:00:00,23.94,26.12,159.0,7.2,30.4,5.92,26.1,5,15,7,15,1,4,30,18.91,3.05,6.51,26.2,Healthy
2024-11-29 15:15:00,22.05,26.17,133.0,7.2,30.4,5.99,26.1,4,11,5,15,1,4,30,19.26,3.16,4.66,26.2,Healthy
2024-11-29 15:30:00,22.05,26.17,133.0,7.8,28.6,5.94,25.4,7,20,10,15,1,4,30,19.61,3.22,4.66,26.2,Healthy
2024-11-29 15:45:00,26.2,26.03,194.0,9.8,28.3,5.94,25.4,7,21,10,15,1,4,30,20.31,3.67,-0.48,26.2,Healthy
2024-11-29 16:00:00,23.53,25.97,157.0,9.9,27.7,6.03,25.5,5,16,8,16,1,4,30,20.79,3.69,-0.41,26.2,Healthy
2024-11-29 16:15:00,24.89,25.96,174.0,9.9,27.7,6.08,25.5,6,17,8,16,1,4,30,21.39,3.72,2.84,26.2,Healthy
2024-11-29 16:30:00,24.89,25.96,174.0,11.3,26.8,6.13,25.4,5,16,8,16,1,4,30,22.0,3.64,2.84,26.2,Healthy
2024-11-29 16:45:00,22.83,25.87,146.0,12.2,25.9,6.13,25.4,4,12,6,16,1,4,30,22.44,3.36,-3.37,26.2,Healthy
2024-11-29 17:00:00,22.15,25.76,135.0,12.7,24.8,6.13,25.4,4,11,5,17,1,4,30,22.83,2.97,-1.38,26.2,Healthy
2024-11-29 17:15:00,21.94,25.54,130.0,12.7,24.8,6.16,24.8,3,11,5,17,1,4,30,23.21,2.46,-2.95,26.2,Healthy
2024-11-29 17:30:00,21.94,25.54,130.0,11.8,23.6,6.16,24.6,3,10,5,17,1,4,30,23.59,1.72,-2.95,26.18,Healthy
2024-11-29 17:45:00,21.79,25.32,126.0,13.7,22.8,6.16,24.6,3,10,5,17,1,4,30,23.18,1.49,-1.04,26.17,Healthy
2024-11-29 18:00:00,21.69,25.08,123.0,12.8,22.3,6.17,24.3,3,10,5,18,1,4,30,23.0,1.53,-0.46,26.17,Healthy
2024-11-29 18:15:00,21.56,24.84,121.0,12.8,22.3,6.17,24.0,3,9,4,18,1,4,30,22.96,1.56,-0.38,26.17,Healthy
2024-11-29 18:30:00,21.56,24.84,121.0,10.6,22.0,6.17,23.8,3,9,4,18,1,4,30,22.91,1.59,-0.38,26.03,Healthy
2024-11-29 18:45:00,21.47,24.68,119.0,12.4,22.0,6.17,23.8,3,9,4,18,1,4,30,22.52,1.26,-0.32,25.97,Healthy
2024-11-29 19:00:00,21.36,24.53,117.0,11.8,21.9,6.17,23.7,3,8,4,19,0,4,30,22.34,1.25,-0.33,25.96,Healthy
2024-11-29 19:15:00,21.25,24.41,115.0,11.8,21.9,6.17,23.6,3,8,4,19,0,4,30,22.04,0.99,-0.31,25.96,Healthy
2024-11-29 19:30:00,21.25,24.41,115.0,12.0,21.7,6.17,23.5,3,8,4,19,0,4,30,21.73,0.45,-0.31,25.87,Healthy
2024-11-29 19:45:00,21.2,24.27,114.0,11.4,21.6,6.17,23.5,3,8,4,19,0,4,30,21.6,0.31,-0.27,25.76,Healthy
2024-11-29 20:00:00,21.13,24.13,112.0,11.0,21.5,6.17,23.4,3,8,4,20,0,4,30,21.51,0.28,-0.23,25.54,Healthy
2024-11-29 20:15:00,21.08,24.03,112.0,11.0,21.5,6.17,23.3,2,8,4,20,0,4,30,21.44,0.27,-0.17,25.54,Healthy
2024-11-29 20:30:00,21.08,24.03,112.0,12.6,21.0,6.17,23.1,2,7,3,20,0,4,30,21.37,0.24,-0.17,25.32,Healthy
2024-11-29 20:45:00,21.03,23.91,110.0,13.0,20.8,6.17,23.1,2,7,3,20,0,4,30,21.3,0.22,-0.17,25.08,Healthy
2024-11-29 21:00:00,20.96,23.78,109.0,15.0,20.8,6.16,23.0,2,7,3,21,0,4,30,21.24,0.2,-0.17,24.84,Healthy
2024-11-29 21:15:00,20.93,23.63,108.0,15.0,20.8,6.16,22.9,2,7,3,21,0,4,30,21.19,0.2,-0.15,24.84,Healthy
2024-11-29 21:30:00,20.93,23.63,108.0,14.1,20.7,6.16,22.8,2,7,3,21,0,4,30,21.14,0.17,-0.15,24.68,Healthy
2024-11-29 21:45:00,20.88,23.53,108.0,14.3,20.5,6.16,22.8,2,7,3,21,0,4,30,21.09,0.15,-0.15,24.53,Healthy
2024-11-29 22:00:00,20.82,23.41,107.0,13.8,20.6,6.16,22.7,2,7,3,22,0,4,30,21.04,0.14,-0.14,24.41,Healthy
2024-11-29 22:15:00,20.78,23.31,106.0,13.8,20.6,6.16,22.6,2,7,3,22,0,4,30,21.01,0.15,-0.15,24.41,Healthy
2024-11-29 22:30:00,20.78,23.31,106.0,15.9,20.3,6.16,22.5,2,7,3,22,0,4,30,20.97,0.14,-0.15,24.27,Healthy
2024-11-29 22:45:00,20.75,23.2,105.0,16.5,20.5,6.16,22.5,2,7,3,22,0,4,30,20.93,0.13,-0.13,24.13,Healthy
2024-11-29 23:00:00,20.68,23.18,104.0,15.6,20.9,6.15,22.5,2,7,3,23,0,4,30,20.89,0.13,-0.14,24.03,Healthy
2024-11-29 23:15:00,20.64,23.15,104.0,15.6,20.9,6.14,22.5,2,7,3,23,0,4,30,20.86,0.14,-0.14,24.03,Healthy
2024-11-29 23:30:00,20.64,23.15,104.0,15.8,21.0,6.14,22.5,2,7,3,23,0,4,30,20.82,0.13,-0.14,23.91,Healthy
2024-11-29 23:45:00,20.6,23.09,103.0,18.4,20.7,6.14,22.5,2,6,3,23,0,4,30,20.78,0.12,-0.15,23.78,Healthy
2024-11-30 00:00:00,20.56,23.02,103.0,21.4,20.7,6.14,22.4,2,6,3,0,0,5,30,20.75,0.13,-0.12,23.63,Healthy
2024-11-30 00:15:00,20.53,22.99,102.0,21.4,20.7,6.14,22.4,2,6,3,0,0,5,30,20.72,0.13,-0.11,23.63,Healthy
2024-11-30 00:30:00,20.53,22.99,102.0,24.7,20.6,6.13,22.3,2,6,3,0,0,5,30,20.68,0.12,-0.11,23.53,Healthy
2024-11-30 00:45:00,20.49,22.97,102.0,25.6,20.6,6.13,22.3,2,6,3,0,0,5,30,20.65,0.11,-0.11,23.41,Healthy
2024-11-30 01:00:00,20.45,22.89,101.0,23.4,20.8,6.12,22.3,2,6,3,1,0,5,30,20.62,0.11,-0.11,23.31,Healthy
2024-11-30 01:15:00,20.43,22.87,100.0,23.4,20.8,6.12,22.3,2,6,3,1,0,5,30,20.59,0.11,-0.1,23.31,Healthy
2024-11-30 01:30:00,20.43,22.87,100.0,27.8,20.6,6.12,22.2,2,6,3,1,0,5,30,20.56,0.1,-0.1,23.2,Healthy
2024-11-30 01:45:00,20.39,22.79,100.0,30.4,20.5,6.12,22.2,2,6,3,1,0,5,30,20.53,0.1,-0.1,23.18,Healthy
2024-11-30 02:00:00,20.37,22.76,99.0,32.0,20.7,6.11,22.2,2,6,3,2,0,5,30,20.5,0.09,-0.08,23.15,Healthy
2024-11-30 02:15:00,20.35,22.72,99.0,32.0,20.7,6.1,22.2,2,6,3,2,0,5,30,20.48,0.09,-0.08,23.15,Healthy
2024-11-30 02:30:00,20.35,22.72,99.0,32.7,20.7,6.09,22.2,2,6,3,2,0,5,30,20.46,0.08,-0.08,23.09,Healthy
2024-11-30 02:45:00,20.31,22.69,99.0,32.7,20.7,6.09,22.2,2,6,3,2,0,5,30,20.43,0.08,-0.08,23.02,Healthy
2024-11-30 03:00:00,20.26,22.67,98.0,33.5,20.7,6.09,22.1,2,6,3,3,0,5,30,20.41,0.08,-0.11,22.99,Healthy
2024-11-30 03:15:00,20.24,22.63,98.0,33.5,20.7,6.09,22.1,2,6,3,3,0,5,30,20.38,0.09,-0.11,22.99,Healthy
2024-11-30 03:30:00,20.24,22.63,98.0,34.3,20.7,6.09,22.1,2,6,3,3,0,5,30,20.36,0.08,-0.11,22.97,Healthy
2024-11-30 03:45:00,20.23,22.59,98.0,35.4,20.7,6.09,22.1,2,6,3,3,0,5,30,20.34,0.08,-0.08,22.89,Healthy
2024-11-30 04:00:00,20.19,22.58,97.0,35.2,20.6,6.09,22.0,2,6,3,4,0,5,30,20.32,0.08,-0.07,22.87,Healthy
2024-11-30 04:15:00,20.16,22.55,97.0,35.2,20.6,6.08,22.0,2,6,3,4,0,5,30,20.29,0.09,-0.08,22.87,Healthy
2024-11-30 04:30:00,20.16,22.55,97.0,35.5,20.6,6.08,21.9,2,6,3,4,0,5,30,20.27,0.08,-0.08,22.79,Healthy
2024-11-30 04:45:00,20.13,22.49,96.0,35.6,20.6,6.08,21.9,2,6,3,4,0,5,30,20.25,0.08,-0.1,22.76,Healthy
2024-11-30 05:00:00,20.1,22.47,96.0,36.4,20.5,6.08,21.9,2,6,3,5,0,5,30,20.23,0.08,-0.09,22.72,Healthy
2024-11-30 05:15:00,20.09,22.44,96.0,36.4,20.5,6.08,21.9,2,6,3,5,0,5,30,20.21,0.08,-0.07,22.72,Healthy
2024-11-30 05:30:00,20.09,22.44,96.0,36.3,20.4,6.08,21.8,2,6,3,5,0,5,30,20.18,0.07,-0.07,22.69,Healthy
2024-11-30 05:45:00,20.05,22.38,95.0,36.8,20.4,6.08,21.8,2,6,3,5,0,5,30,20.16,0.07,-0.08,22.67,Healthy
2024-11-30 06:00:00,20.04,22.36,95.0,37.7,20.3,6.07,21.8,2,6,3,6,1,5,30,20.14,0.07,-0.06,22.63,Healthy
2024-11-30 06:15:00,20.03,22.29,94.0,37.7,20.3,6.07,21.7,2,6,3,6,1,5,30,20.13,0.07,-0.06,22.63,Healthy
2024-11-30 06:30:00,20.03,22.29,94.0,39.4,20.3,6.07,21.6,2,5,2,6,1,5,30,20.11,0.07,-0.06,22.59,Healthy
2024-11-30 06:45:00,19.99,22.27,94.0,42.0,20.2,6.07,21.6,2,5,2,6,1,5,30,20.09,0.06,-0.06,22.58,Healthy
2024-11-30 07:00:00,19.97,22.24,94.0,43.1,20.3,6.06,21.6,2,5,2,7,1,5,30,20.07,0.06,-0.07,22.55,Healthy
2024-11-30 07:15:00,19.96,22.19,94.0,43.1,20.3,6.07,21.5,2,5,2,7,1,5,30,20.05,0.06,-0.07,22.55,Healthy
2024-11-30 07:30:00,19.96,22.19,94.0,43.6,20.3,6.07,21.4,2,5,2,7,1,5,30,20.04,0.06,-0.07,22.49,Healthy
2024-11-30 07:45:00,21.53,22.16,108.0,45.0,20.6,6.07,21.4,3,8,4,7,1,5,30,20.15,0.44,1.54,22.47,Healthy
2024-11-30 08:00:00,21.67,22.14,117.0,44.6,20.8,6.06,21.5,2,7,3,8,1,5,30,20.28,0.62,1.7,22.44,Healthy
2024-11-30 08:15:00,21.53,22.12,116.0,44.6,20.8,6.05,21.5,2,7,3,8,1,5,30,20.4,0.71,1.57,22.44,Healthy
2024-11-30 08:30:00,21.53,22.12,116.0,45.6,20.6,6.04,21.5,2,7,3,8,1,5,30,20.52,0.77,1.57,22.38,Healthy
2024-11-30 08:45:00,20.45,22.07,102.0,63.5,21.5,6.04,21.5,3,8,4,8,1,5,30,20.56,0.76,-1.08,22.36,Healthy
2024-11-30 09:00:00,20.22,22.11,100.0,61.9,22.3,6.03,21.6,2,7,3,9,1,5,30,20.57,0.75,-1.45,22.29,Healthy
2024-11-30 09:15:00,20.07,22.17,98.0,61.9,22.3,6.02,21.7,2,7,3,9,1,5,30,20.58,0.74,-1.46,22.29,Healthy
2024-11-30 09:30:00,20.07,22.17,98.0,62.6,22.3,6.01,21.7,2,7,3,9,1,5,30,20.58,0.74,-1.46,22.27,Healthy
2024-11-30 09:45:00,19.97,22.21,97.0,63.3,22.0,6.01,21.7,2,6,3,9,1,5,31,20.58,0.74,-0.48,22.24,Healthy
2024-11-30 10:00:00,19.87,22.27,96.0,59.5,23.2,6.0,21.8,2,6,3,10,1,5,31,20.57,0.75,-0.35,22.27,Healthy
2024-11-30 10:15:00,19.82,22.37,95.0,59.5,23.2,5.99,22.0,2,6,3,10,1,5,31,20.56,0.76,-0.25,22.37,Healthy
2024-11-30 10:30:00,19.82,22.37,95.0,60.4,22.9,5.99,22.0,2,6,3,10,1,5,31,20.55,0.77,-0.25,22.37,Healthy
2024-11-30 10:45:00,19.78,22.42,94.0,60.3,22.6,5.99,22.0,2,6,3,10,1,5,31,20.4,0.73,-0.19,22.42,Healthy
2024-11-30 11:00:00,19.7,22.47,94.0,58.9,23.2,5.99,22.1,2,6,3,11,1,5,31,20.24,0.64,-0.17,22.47,Healthy
2024-11-30 11:15:00,19.66,22.56,93.0,58.9,23.2,5.98,22.1,2,6,3,11,1,5,31,20.08,0.51,-0.16,22.56,Healthy
2024-11-30 11:30:00,19.66,22.56,93.0,59.5,23.3,5.97,22.3,2,6,3,11,1,5,31,19.92,0.24,-0.16,22.56,Healthy
2024-11-30 11:45:00,19.6,22.65,93.0,56.1,24.0,5.97,22.3,2,6,3,11,1,5,31,19.85,0.19,-0.18,22.65,Healthy
2024-11-30 12:00:00,19.54,22.78,92.0,57.3,23.7,5.95,22.5,2,6,3,12,1,5,31,19.8,0.18,-0.16,22.78,Healthy
2024-11-30 12:15:00,19.51,22.85,92.0,57.3,23.7,5.95,22.5,2,6,3,12,1,5,31,19.75,0.17,-0.15,22.85,Healthy
2024-11-30 12:30:00,19.51,22.85,92.0,57.1,23.2,5.94,22.5,2,6,3,12,1,5,31,19.7,0.15,-0.15,22.85,Healthy
2024-11-30 12:45:00,19.47,22.88,91.0,57.2,23.3,5.94,22.5,2,6,3,12,1,5,31,19.66,0.14,-0.13,22.88,Healthy
2024-11-30 13:00:00,19.41,22.95,91.0,54.3,24.2,5.94,22.5,2,6,3,13,1,5,31,19.62,0.14,-0.13,22.95,Healthy
2024-11-30 13:15:00,19.37,23.05,90.0,54.3,24.2,5.93,22.7,2,6,3,13,1,5,31,19.59,0.14,-0.14,23.05,Healthy
2024-11-30 13:30:00,19.37,23.05,90.0,55.0,24.1,5.92,22.8,2,6,3,13,1,5,31,19.55,0.13,-0.14,23.05,Healthy
2024-11-30 13:45:00,19.33,23.11,90.0,55.0,23.9,5.92,22.8,2,6,3,13,1,5,31,19.51,0.13,-0.14,23.11,Healthy
2024-11-30 14:00:00,19.33,23.16,89.0,56.1,23.2,5.91,22.7,2,6,3,14,1,5,31,19.48,0.12,-0.08,23.16,Healthy
2024-11-30 14:15:00,19.28,23.14,89.0,56.1,23.2,5.91,22.7,2,6,3,14,1,5,31,19.45,0.12,-0.09,23.16,Healthy
2024-11-30 14:30:00,19.28,23.14,89.0,57.1,23.0,5.92,22.6,2,6,3,14,1,5,31,19.42,0.11,-0.09,23.16,Healthy
2024-11-30 14:45:00,19.28,23.11,89.0,54.0,23.4,5.92,22.6,2,6,3,14,1,5,31,19.39,0.1,-0.05,23.16,Healthy
2024-11-30 15:00:00,19.23,23.18,89.0,54.0,23.4,5.91,22.7,2,6,3,15,1,5,31,19.36,0.09,-0.1,23.18,Healthy
2024-11-30 15:45:00,22.37,23.07,226.0,63.0,22.3,5.89,22.5,3,8,4,15,1,5,31,19.6,0.88,3.09,23.18,Healthy
2024-11-30 16:00:00,22.37,23.07,226.0,67.8,21.9,5.89,22.5,3,8,4,16,1,5,31,19.84,1.18,3.09,23.18,Healthy
2024-11-30 16:15:00,21.88,22.99,225.0,67.8,21.9,5.9,22.3,2,8,4,16,1,5,31,20.04,1.31,2.6,23.18,Healthy
2024-11-30 16:30:00,21.88,22.99,225.0,70.8,21.6,5.9,22.2,2,7,3,16,1,5,31,20.25,1.4,2.65,23.18,Healthy
2024-11-30 16:45:00,21.74,22.89,217.0,75.6,21.4,5.9,22.2,2,7,3,16,1,5,31,20.44,1.43,-0.63,23.18,Healthy
2024-11-30 17:30:00,20.19,22.69,172.0,79.0,21.4,5.96,22.0,2,7,3,17,1,5,31,20.51,1.39,-2.18,23.18,Healthy
2024-11-30 17:45:00,20.19,22.69,172.0,80.7,21.1,5.96,22.0,2,7,3,17,1,5,31,20.58,1.34,-1.69,23.18,Healthy
2024-11-30 18:00:00,20.05,22.62,169.0,83.4,20.9,5.99,21.9,2,7,3,18,1,5,31,20.64,1.3,-1.83,23.18,Healthy
2024-11-30 18:15:00,21.67,22.56,202.0,83.4,20.9,6.01,21.8,3,9,4,18,1,5,31,20.84,1.25,-0.07,23.18,Healthy
2024-11-30 18:30:00,21.67,22.56,202.0,100.0,20.6,6.05,21.4,4,12,6,18,1,5,31,21.04,1.17,1.48,23.18,Healthy
2024-11-30 18:45:00,22.85,22.37,199.0,100.0,20.5,6.05,21.4,4,11,5,18,1,5,31,21.34,1.13,2.66,23.18,Healthy
2024-11-30 19:00:00,22.62,22.3,185.0,95.7,20.4,6.04,21.5,3,9,4,19,0,5,31,21.62,0.97,2.57,23.07,Healthy
2024-11-30 19:15:00,22.15,22.27,176.0,95.7,20.4,6.07,21.6,3,9,4,19,0,5,31,21.6,0.96,0.48,23.07,Healthy
2024-11-30 19:30:00,22.15,22.27,176.0,92.4,20.4,6.09,21.5,3,8,4,19,0,5,31,21.59,0.94,0.48,22.99,Healthy
2024-11-30 19:45:00,21.83,22.22,172.0,90.1,20.4,6.09,21.5,2,8,4,19,0,5,31,21.58,0.94,-1.02,22.99,Healthy
2024-11-30 20:00:00,21.65,22.17,168.0,87.3,20.4,6.11,21.5,2,8,4,20,0,5,31,21.56,0.94,-0.97,22.89,Healthy
2024-11-30 20:15:00,21.52,22.16,166.0,87.3,20.4,6.12,21.5,2,7,3,20,0,5,31,21.54,0.94,-0.63,22.69,Healthy
2024-11-30 20:30:00,21.52,22.16,166.0,85.3,20.5,6.14,21.4,2,7,3,20,0,5,31,21.66,0.83,-0.63,22.69,Healthy
2024-11-30 20:45:00,21.07,22.1,162.0,81.6,20.6,6.14,21.4,2,7,3,20,0,5,31,21.73,0.72,-0.76,22.62,Healthy
2024-11-30 21:00:00,20.46,22.06,155.0,78.2,20.6,6.15,21.4,2,7,3,21,0,5,31,21.76,0.64,-1.19,22.56,Healthy
2024-11-30 21:15:00,20.12,22.02,150.0,78.2,20.6,6.16,21.4,2,7,3,21,0,5,31,21.63,0.8,-1.4,22.56,Healthy
2024-11-30 21:30:00,20.12,22.02,150.0,79.0,20.5,6.18,21.3,2,7,3,21,0,5,31,21.5,0.91,-1.4,22.37,Healthy
2024-11-30 21:45:00,21.85,21.97,159.0,82.4,20.2,6.18,21.3,3,9,4,21,0,5,31,21.42,0.82,0.78,22.3,Healthy
2024-11-30 22:00:00,22.1,21.94,155.0,100.0,20.2,6.17,21.2,3,8,4,22,0,5,31,21.38,0.76,1.64,22.27,Healthy
2024-11-30 22:15:00,24.43,21.76,157.0,100.0,20.2,6.17,20.9,3,10,5,22,0,5,31,21.57,1.15,4.31,22.27,Healthy
2024-11-30 22:30:00,24.43,21.76,157.0,89.2,20.0,6.13,20.8,3,10,5,22,0,5,31,21.76,1.42,4.31,22.22,Healthy
2024-11-30 22:45:00,23.79,21.76,126.0,91.3,20.0,6.13,20.8,3,8,4,22,0,5,31,21.92,1.53,1.94,22.17,Healthy
2024-11-30 23:00:00,24.52,21.67,110.0,88.2,20.0,6.1,20.8,2,7,3,23,0,5,31,22.16,1.7,2.42,22.16,Healthy
2024-11-30 23:15:00,24.39,21.65,92.0,88.2,20.0,6.08,20.7,2,6,3,23,0,5,31,22.4,1.8,-0.04,22.16,Healthy
2024-11-30 23:30:00,24.39,21.65,92.0,85.9,20.0,6.11,20.7,2,6,3,23,0,5,31,22.64,1.86,-0.04,22.1,Healthy
2024-11-30 23:45:00,24.17,21.64,81.0,87.1,20.0,6.11,20.7,1,5,2,23,0,5,31,22.9,1.84,0.38,22.06,Healthy
2024-12-01 00:00:00,23.67,21.66,77.0,79.9,20.1,6.16,21.0,1,5,2,0,0,6,31,23.17,1.68,-0.85,22.02,Healthy
2024-12-01 00:15:00,23.66,21.66,76.0,79.9,20.1,6.17,20.9,1,4,2,0,0,6,31,23.46,1.38,-0.73,22.02,Healthy
2024-12-01 00:30:00,23.66,21.66,76.0,76.7,20.1,6.18,20.9,1,4,2,0,0,6,31,23.76,0.9,-0.73,21.97,Healthy
2024-12-01 00:45:00,23.38,21.65,74.0,75.4,20.1,6.18,20.9,1,3,1,0,0,6,31,23.88,0.69,-0.79,21.94,Healthy
2024-12-01 01:00:00,23.05,21.64,73.0,74.6,20.1,6.18,20.9,1,3,1,1,0,6,31,23.96,0.49,-0.62,21.76,Healthy
2024-12-01 01:15:00,22.67,21.63,72.0,74.6,20.1,6.19,21.0,1,3,1,1,0,6,31,23.82,0.59,-0.99,21.76,Healthy
2024-12-01 01:30:00,22.67,21.63,72.0,73.8,20.1,6.2,20.9,1,3,1,1,0,6,31,23.67,0.64,-0.99,21.76,Healthy
2024-12-01 01:45:00,22.4,21.6,73.0,72.2,20.1,6.2,20.9,1,3,1,1,0,6,31,23.55,0.73,-0.98,21.67,Healthy
2024-12-01 02:00:00,21.58,21.57,70.0,71.4,20.1,6.22,20.9,1,3,1,2,0,6,31,23.31,0.86,-1.47,21.66,Healthy
2024-12-01 02:15:00,21.24,21.56,69.0,71.4,20.1,6.23,20.9,1,3,1,2,0,6,31,23.04,0.97,-1.43,21.66,Healthy
2024-12-01 02:30:00,21.24,21.56,69.0,70.6,20.0,6.23,20.9,1,3,1,2,0,6,31,22.78,1.0,-1.43,21.66,Healthy
2024-12-01 02:45:00,21.08,21.55,68.0,69.9,20.1,6.23,20.9,1,3,1,2,0,6,31,22.52,1.01,-1.32,21.66,Healthy
2024-12-01 03:00:00,20.98,21.55,68.0,69.9,20.0,6.23,20.9,1,3,1,3,0,6,31,22.3,1.03,-0.6,21.66,Healthy
2024-12-01 03:15:00,20.87,21.54,68.0,69.9,20.0,6.24,20.9,1,3,1,3,0,6,31,22.07,1.01,-0.37,21.66,Healthy
2024-12-01 03:30:00,20.87,21.54,68.0,70.4,20.0,6.25,20.7,1,3,1,3,0,6,31,21.84,0.93,-0.37,21.65,Healthy
2024-12-01 03:45:00,24.23,21.45,82.0,81.4,19.9,6.25,20.7,1,5,2,3,0,6,31,21.91,1.08,3.15,21.64,Healthy
2024-12-01 04:00:00,23.55,21.44,73.0,75.4,20.0,6.2,20.7,1,4,2,4,0,6,31,21.95,1.14,2.57,21.63,Healthy
2024-12-01 04:15:00,23.39,21.45,71.0,75.4,20.0,6.17,20.8,1,3,1,4,0,6,31,22.01,1.19,2.52,21.63,Healthy
2024-12-01 04:30:00,23.39,21.45,71.0,75.4,20.1,6.13,20.8,1,3,1,4,0,6,31,22.07,1.25,2.52,21.6,Healthy
2024-12-01 04:45:00,23.03,21.45,69.0,71.7,20.0,6.13,20.8,1,3,1,4,0,6,31,22.12,1.28,-1.2,21.57,Healthy
2024-12-01 05:00:00,22.74,21.44,68.0,69.9,20.0,6.12,20.8,1,3,1,5,0,6,31,22.22,1.27,-0.81,21.56,Healthy
2024-12-01 05:15:00,23.43,21.41,71.0,69.9,20.0,6.1,20.7,1,4,2,5,0,6,31,22.4,1.28,0.04,21.56,Healthy
2024-12-01 05:30:00,23.43,21.41,71.0,78.8,20.0,6.07,20.7,1,4,2,5,0,6,31,22.58,1.25,0.04,21.55,Healthy
2024-12-01 05:45:00,23.87,21.36,71.0,75.4,20.0,6.07,20.7,1,3,1,5,0,6,31,22.82,1.21,0.84,21.55,Healthy
2024-12-01 06:00:00,23.56,21.36,67.0,73.8,20.0,6.04,20.7,1,3,1,6,1,6,31,23.03,1.07,0.82,21.54,Healthy
2024-12-01 06:15:00,23.21,21.35,65.0,73.8,20.0,6.03,20.7,1,3,1,6,1,6,31,23.22,0.83,-0.22,21.54,Healthy
2024-12-01 06:30:00,23.21,21.35,65.0,73.8,20.1,6.01,20.7,1,3,1,6,1,6,31,23.42,0.38,-0.22,21.45,Healthy
2024-12-01 06:45:00,23.35,21.35,67.0,74.5,20.0,6.01,20.7,1,3,1,6,1,6,31,23.35,0.28,-0.52,21.45,Healthy
2024-12-01 07:00:00,24.23,21.32,68.0,73.0,20.0,5.99,20.7,1,3,1,7,1,6,31,23.4,0.38,0.67,21.45,Healthy
2024-12-01 07:15:00,23.36,21.33,64.0,73.0,20.0,5.97,20.7,1,3,1,7,1,6,31,23.4,0.38,0.15,21.45,Healthy
2024-12-01 07:30:00,21.96,21.34,60.0,69.9,20.1,5.96,20.7,1,3,1,7,1,6,31,23.28,0.56,-1.25,21.45,Healthy
2024-12-01 07:45:00,21.96,21.34,60.0,67.3,20.1,5.96,20.7,1,3,1,7,1,6,31,23.19,0.68,-1.39,21.44,Healthy
2024-12-01 08:00:00,21.67,21.34,59.0,68.5,20.2,5.94,20.7,1,3,1,8,1,6,31,23.1,0.8,-2.56,21.41,Healthy
2024-12-01 08:15:00,23.02,21.34,63.0,68.5,20.2,5.93,20.7,1,3,1,8,1,6,31,23.07,0.8,-0.34,21.41,Healthy
2024-12-01 08:30:00,23.7,21.34,64.0,75.4,20.3,5.92,20.7,1,3,1,8,1,6,31,23.09,0.81,1.74,21.36,Healthy
2024-12-01 08:45:00,23.7,21.34,64.0,75.4,20.3,5.92,20.7,1,3,1,8,1,6,31,23.08,0.8,1.74,21.36,Healthy
2024-12-01 09:00:00,23.54,21.35,62.0,82.4,20.3,5.91,20.8,1,3,1,9,1,6,31,23.08,0.8,1.87,21.35,Healthy
2024-12-01 09:15:00,24.2,21.35,64.0,82.4,20.3,5.9,20.8,1,3,1,9,1,6,31,23.16,0.86,1.18,21.35,Healthy
2024-12-01 09:30:00,23.74,21.39,61.0,72.3,20.7,5.88,20.9,1,3,1,9,1,6,31,23.2,0.88,0.04,21.39,Healthy
2024-12-01 09:45:00,23.74,21.39,61.0,68.5,20.6,5.88,20.9,1,3,1,9,1,6,32,23.24,0.89,0.04,21.39,Healthy
2024-12-01 10:00:00,23.42,21.43,60.0,65.1,20.7,5.87,20.9,1,3,1,10,1,6,32,23.17,0.84,-0.12,21.43,Healthy
2024-12-01 10:15:00,23.01,21.45,59.0,65.1,20.7,5.88,20.9,1,3,1,10,1,6,32,23.14,0.84,-1.19,21.45,Healthy
2024-12-01 10:30:00,22.04,21.45,57.0,63.8,20.6,5.86,21.0,1,3,1,10,1,6,32,23.14,0.83,-1.7,21.45,Healthy
2024-12-01 10:45:00,22.04,21.45,57.0,62.4,21.0,5.86,21.0,1,3,1,10,1,6,32,23.15,0.82,-1.7,21.45,Healthy
2024-12-01 11:00:00,21.61,21.5,56.0,60.6,21.3,5.85,21.1,1,3,1,11,1,6,32,23.15,0.83,-1.81,21.5,Healthy
2024-12-01 11:15:00,21.41,21.57,56.0,60.6,21.3,5.84,21.3,1,3,1,11,1,6,32,23.01,0.97,-1.6,21.57,Healthy
2024-12-01 11:30:00,21.25,21.66,56.0,57.0,21.9,5.84,21.4,1,3,1,11,1,6,32,22.81,1.06,-0.79,21.66,Healthy
2024-12-01 11:45:00,21.25,21.66,56.0,57.0,21.9,5.84,21.4,1,3,1,11,1,6,32,22.6,1.11,-0.79,21.66,Healthy
2024-12-01 12:00:00,21.12,21.83,55.0,53.8,22.5,5.83,21.5,1,3,1,12,1,6,32,22.4,1.14,-0.49,21.83,Healthy
2024-12-01 12:15:00,21.04,21.87,55.0,53.8,22.5,5.84,21.5,1,3,1,12,1,6,32,22.14,1.05,-0.37,21.87,Healthy
2024-12-01 12:30:00,20.94,21.92,55.0,52.8,22.2,5.84,21.5,1,3,1,12,1,6,32,21.91,0.97,-0.31,21.92,Healthy
2024-12-01 12:45:00,20.94,21.92,55.0,52.3,22.1,5.84,21.5,1,3,1,12,1,6,32,21.67,0.82,-0.31,21.92,Healthy
2024-12-01 13:00:00,20.88,21.96,55.0,52.9,22.0,5.84,21.6,1,3,1,13,1,6,32,21.46,0.63,-0.24,21.96,Healthy
2024-12-01 13:15:00,20.83,21.98,55.0,52.9,22.0,5.85,21.6,1,3,1,13,1,6,32,21.28,0.42,-0.21,21.98,Healthy
2024-12-01 13:30:00,20.73,22.04,55.0,51.4,22.2,5.86,21.7,1,3,1,13,1,6,32,21.17,0.37,-0.21,22.04,Healthy
2024-12-01 13:45:00,20.73,22.04,55.0,51.8,21.9,5.86,21.7,1,3,1,13,1,6,32,21.06,0.28,-0.21,22.04,Healthy
2024-12-01 14:00:00,20.69,22.05,55.0,51.1,21.8,5.88,21.7,1,3,1,14,1,6,32,20.98,0.23,-0.19,22.05,Healthy
2024-12-01 14:15:00,20.67,22.05,54.0,51.1,21.8,5.91,21.6,1,3,1,14,1,6,32,20.92,0.21,-0.16,22.05,Healthy
2024-12-01 14:30:00,22.32,22.02,57.0,56.1,21.4,5.93,21.6,1,3,1,14,1,6,32,21.01,0.45,1.59,22.05,Healthy
2024-12-01 14:45:00,22.32,22.02,57.0,63.1,21.4,5.93,21.6,1,3,1,14,1,6,32,21.1,0.59,1.59,22.05,Healthy
2024-12-01 15:00:00,22.49,21.98,58.0,68.6,21.2,5.95,21.6,1,3,1,15,1,6,32,21.22,0.71,1.8,22.05,Healthy
2024-12-01 15:15:00,22.72,21.96,58.0,68.6,21.2,5.96,21.5,1,3,1,15,1,6,32,21.36,0.83,2.05,22.05,Healthy
2024-12-01 15:30:00,22.7,21.96,57.0,71.4,21.1,5.96,21.5,1,3,1,15,1,6,32,21.5,0.9,0.38,22.05,Healthy
2024-12-01 15:45:00,22.7,21.96,57.0,70.0,21.1,5.96,21.5,1,3,1,15,1,6,32,21.65,0.94,0.38,22.05,Healthy
2024-12-01 16:00:00,22.7,21.94,57.0,70.8,21.3,5.96,21.4,1,3,1,16,1,6,32,21.8,0.96,0.21,22.05,Healthy
2024-12-01 16:15:00,22.74,21.93,58.0,70.8,21.3,5.96,21.4,1,3,1,16,1,6,32,21.96,0.94,0.02,22.05,Healthy
2024-12-01 16:30:00,22.68,21.9,58.0,76.4,21.1,5.96,21.4,1,3,1,16,1,6,32,22.12,0.87,-0.02,22.05,Healthy
2024-12-01 16:45:00,22.68,21.9,58.0,73.9,21.0,5.96,21.4,1,3,1,16,1,6,32,22.28,0.76,-0.02,22.05,Healthy
2024-12-01 17:00:00,21.38,21.87,55.0,86.0,20.8,5.97,21.4,1,3,1,17,1,6,32,22.34,0.65,-1.32,22.05,Healthy
2024-12-01 17:15:00,25.19,21.76,60.0,86.0,20.8,5.96,21.3,1,4,2,17,1,6,32,22.72,0.87,2.45,22.02,Healthy
2024-12-01 17:30:00,25.78,21.66,55.0,84.3,20.5,5.94,21.1,1,3,1,17,1,6,32,23.01,1.22,3.1,22.02,Healthy
2024-12-01 17:45:00,25.78,21.66,55.0,78.1,20.4,5.94,21.1,1,3,1,17,1,6,32,23.3,1.44,3.1,21.98,Healthy
2024-12-01 18:00:00,24.6,21.65,50.0,71.5,20.4,5.92,21.0,1,3,1,18,1,6,32,23.47,1.46,3.22,21.96,Healthy
2024-12-01 18:15:00,23.98,21.65,48.0,71.5,20.4,5.91,21.0,0,2,1,18,1,6,32,23.58,1.44,-1.21,21.96,Healthy
2024-12-01 18:30:00,25.53,21.58,52.0,70.0,20.3,5.9,21.0,0,2,1,18,1,6,32,23.81,1.52,-0.25,21.96,Healthy
2024-12-01 18:45:00,25.53,21.58,52.0,81.5,20.2,5.9,21.0,1,3,1,18,1,6,32,24.05,1.55,-0.25,21.94,Healthy
2024-12-01 19:00:00,24.67,21.54,48.0,72.2,20.2,5.86,20.9,0,2,1,19,0,6,32,24.21,1.5,0.07,21.93,Healthy
2024-12-01 19:15:00,24.02,21.54,47.0,72.2,20.2,5.85,20.9,0,2,1,19,0,6,32,24.32,1.43,0.04,21.9,Healthy
2024-12-01 19:30:00,25.12,21.52,50.0,70.7,20.3,5.83,20.9,1,3,1,19,0,6,32,24.52,1.34,-0.41,21.9,Healthy
2024-12-01 19:45:00,25.12,21.52,50.0,78.5,20.3,5.83,20.9,0,2,1,19,0,6,32,24.73,1.22,-0.41,21.87,Healthy
2024-12-01 20:00:00,25.28,21.45,48.0,77.4,20.3,5.79,20.8,0,2,1,20,0,6,32,25.05,0.62,0.61,21.76,Healthy
2024-12-01 20:15:00,25.71,21.45,48.0,77.4,20.3,5.76,20.8,0,2,1,20,0,6,32,25.09,0.64,1.69,21.66,Healthy
2024-12-01 20:30:00,25.22,21.46,46.0,76.2,20.4,5.76,20.9,0,2,1,20,0,6,32,25.05,0.61,0.1,21.66,Healthy
2024-12-01 20:45:00,25.22,21.46,46.0,77.1,20.4,5.76,20.9,0,2,1,20,0,6,32,25.0,0.57,0.1,21.65,Healthy
2024-12-01 21:00:00,25.07,21.46,46.0,78.0,20.4,5.75,20.9,0,2,1,21,0,6,32,25.04,0.55,-0.21,21.65,Healthy
2024-12-01 21:15:00,25.55,21.45,47.0,78.0,20.4,5.75,20.9,0,2,1,21,0,6,32,25.17,0.46,-0.16,21.58,Healthy
2024-12-01 21:30:00,25.77,21.4,43.0,81.5,20.4,5.74,20.8,0,2,1,21,0,6,32,25.19,0.48,0.55,21.58,Healthy
2024-12-01 21:45:00,25.77,21.4,43.0,75.7,20.4,5.74,20.8,0,2,1,21,0,6,32,25.21,0.5,0.55,21.54,Healthy
2024-12-01 22:00:00,25.27,21.44,42.0,80.6,20.4,5.76,20.8,0,2,1,22,0,6,32,25.26,0.47,0.2,21.54,Healthy
2024-12-01 22:15:00,24.95,21.44,42.0,80.6,20.4,5.76,20.8,0,2,1,22,0,6,32,25.34,0.29,-0.6,21.52,Healthy
2024-12-01 22:30:00,24.23,21.45,42.0,67.6,20.4,5.76,20.9,0,2,1,22,0,6,32,25.26,0.43,-1.54,21.52,Healthy
2024-12-01 22:45:00,24.23,21.45,42.0,66.3,20.4,5.76,20.9,0,2,1,22,0,6,32,25.19,0.52,-1.54,21.46,Healthy
2024-12-01 23:00:00,24.0,21.45,42.0,68.3,20.4,5.77,20.9,0,2,1,23,0,6,32,25.08,0.62,-1.27,21.46,Healthy
2024-12-01 23:15:00,24.69,21.45,43.0,68.3,20.4,5.76,20.9,0,2,1,23,0,6,32,25.0,0.6,-0.26,21.46,Healthy
2024-12-01 23:30:00,26.68,21.35,44.0,80.3,20.4,5.76,20.8,0,2,1,23,0,6,32,25.12,0.77,2.45,21.46,Healthy
2024-12-01 23:45:00,26.68,21.35,44.0,80.1,20.3,5.76,20.8,0,2,1,23,0,6,32,25.24,0.89,2.45,21.46,Healthy
2024-12-02 00:00:00,26.86,21.3,42.0,79.7,20.3,5.76,20.7,0,2,1,0,0,0,32,25.39,1.01,2.86,21.45,Healthy
2024-12-02 00:15:00,25.7,21.33,40.0,79.7,20.3,5.77,20.6,0,2,1,0,0,0,32,25.4,1.01,1.01,21.45,Healthy
2024-12-02 00:30:00,25.11,21.35,39.0,79.6,20.4,5.78,20.7,0,2,1,0,0,0,32,25.35,1.0,-1.57,21.45,Healthy
2024-12-02 00:45:00,25.11,21.35,39.0,65.0,20.4,5.78,20.7,0,2,1,0,0,0,32,25.29,1.0,-1.57,21.45,Healthy
2024-12-02 01:00:00,24.98,21.35,40.0,66.7,20.4,5.77,20.8,0,2,1,1,0,0,32,25.27,1.0,-1.88,21.45,Healthy
2024-12-02 01:15:00,24.42,21.38,40.0,66.7,20.4,5.76,20.8,0,2,1,1,0,0,32,25.22,1.03,-1.28,21.45,Healthy
2024-12-02 01:30:00,24.29,21.4,40.0,64.0,20.5,5.76,20.9,0,2,1,1,0,0,32,25.23,1.02,-0.82,21.45,Healthy
2024-12-02 01:45:00,24.29,21.4,40.0,65.7,20.5,5.76,20.9,0,2,1,1,0,0,32,25.23,1.02,-0.82,21.45,Healthy
2024-12-02 02:00:00,24.11,21.4,41.0,66.4,20.5,5.76,20.9,0,2,1,2,0,0,32,25.24,1.01,-0.87,21.45,Healthy
2024-12-02 02:15:00,23.8,21.42,41.0,66.4,20.5,5.75,20.9,0,2,1,2,0,0,32,25.17,1.08,-0.62,21.42,Healthy
2024-12-02 02:30:00,24.33,21.42,42.0,66.4,20.5,5.74,20.9,0,2,1,2,0,0,32,24.97,0.99,0.04,21.42,Healthy
2024-12-02 02:45:00,24.33,21.42,42.0,75.5,20.5,5.74,20.9,0,2,1,2,0,0,32,24.78,0.85,0.04,21.42,Healthy
2024-12-02 03:00:00,24.63,21.41,42.0,73.0,20.5,5.73,20.8,0,2,1,3,0,0,32,24.59,0.53,0.52,21.42,Healthy
2024-12-02 03:15:00,24.37,21.4,42.0,73.0,20.5,5.73,20.8,0,2,1,3,0,0,32,24.48,0.4,0.57,21.42,Healthy
2024-12-02 03:30:00,24.48,21.39,42.0,73.8,20.4,5.73,20.8,0,2,1,3,0,0,32,24.43,0.35,0.15,21.42,Healthy
2024-12-02 03:45:00,24.48,21.39,42.0,71.4,20.5,5.73,20.8,0,2,1,3,0,0,32,24.38,0.28,0.15,21.42,Healthy
2024-12-02 04:00:00,24.13,21.38,42.0,68.5,20.5,5.73,20.8,0,2,1,4,0,0,32,24.3,0.22,-0.5,21.42,Healthy
2024-12-02 04:15:00,23.84,21.39,42.0,68.5,20.5,5.72,20.9,0,2,1,4,0,0,32,24.26,0.25,-0.53,21.42,Healthy
2024-12-02 04:30:00,23.56,21.39,42.0,65.8,20.4,5.71,20.9,0,2,1,4,0,0,32,24.2,0.32,-0.92,21.42,Healthy
2024-12-02 04:45:00,23.56,21.39,42.0,65.0,20.5,5.71,20.9,0,2,1,4,0,0,32,24.14,0.37,-0.92,21.42,Healthy
2024-12-02 05:00:00,23.2,21.39,42.0,63.7,20.5,5.71,20.9,0,2,1,5,0,0,32,24.06,0.46,-0.93,21.42,Healthy
2024-12-02 05:15:00,23.09,21.39,42.0,63.7,20.5,5.72,20.9,0,2,1,5,0,0,32,24.0,0.53,-0.75,21.42,Healthy
2024-12-02 05:30:00,23.74,21.39,44.0,63.0,20.5,5.71,20.9,1,3,1,5,0,0,32,23.95,0.53,0.18,21.42,Healthy
2024-12-02 05:45:00,23.74,21.39,44.0,67.1,20.6,5.71,20.9,1,3,1,5,0,0,32,23.9,0.51,0.18,21.41,Healthy
2024-12-02 06:00:00,23.79,21.39,44.0,69.1,20.6,5.71,20.9,1,3,1,6,1,0,32,23.83,0.46,0.59,21.4,Healthy
2024-12-02 06:15:00,23.69,21.39,44.0,69.1,20.6,5.71,20.9,1,3,1,6,1,0,32,23.78,0.43,0.6,21.39,Healthy
2024-12-02 06:30:00,23.55,21.38,44.0,68.5,20.5,5.72,20.9,1,3,1,6,1,0,32,23.7,0.37,-0.19,21.39,Healthy
2024-12-02 06:45:00,23.55,21.38,44.0,67.2,20.6,5.72,20.9,1,3,1,6,1,0,32,23.62,0.28,-0.19,21.39,Healthy
2024-12-02 07:00:00,23.71,21.38,44.0,69.9,20.6,5.7,20.8,1,3,1,7,1,0,32,23.58,0.23,-0.08,21.39,Healthy
2024-12-02 07:15:00,24.0,21.39,45.0,69.9,20.6,5.7,20.8,1,3,1,7,1,0,32,23.6,0.25,0.31,21.39,Healthy
2024-12-02 07:30:00,24.45,21.39,44.0,71.5,20.7,5.68,20.8,1,3,1,7,1,0,32,23.67,0.35,0.9,21.39,Healthy
2024-12-02 07:45:00,24.45,21.39,44.0,76.0,20.7,5.68,20.8,1,3,1,7,1,0,32,23.75,0.41,0.9,21.39,Healthy
2024-12-02 08:00:00,24.16,21.42,44.0,69.9,20.9,5.69,20.9,1,3,1,8,1,0,32,23.83,0.39,0.45,21.42,Healthy
2024-12-02 08:15:00,24.19,21.45,44.0,69.9,20.9,5.69,21.0,1,3,1,8,1,0,32,23.92,0.32,0.19,21.45,Healthy
2024-12-02 08:30:00,24.59,21.54,43.0,78.1,21.4,5.65,21.2,1,3,1,8,1,0,32,23.99,0.37,0.14,21.54,Healthy
2024-12-02 08:45:00,24.59,21.54,43.0,70.9,21.8,5.65,21.2,1,3,1,8,1,0,32,24.06,0.4,0.14,21.54,Healthy
2024-12-02 09:00:00,23.83,21.65,42.0,70.6,21.8,5.67,21.3,1,3,1,9,1,0,32,24.06,0.4,-0.33,21.65,Healthy
2024-12-02 09:15:00,23.83,21.65,42.0,70.6,21.8,5.67,21.3,0,2,1,9,1,0,32,24.08,0.39,-0.36,21.65,Healthy
2024-12-02 09:30:00,24.36,21.7,42.0,76.4,21.8,5.66,21.4,1,3,1,9,1,0,32,24.14,0.36,-0.23,21.7,Healthy
2024-12-02 09:45:00,24.36,21.7,42.0,71.6,21.9,5.66,21.4,1,3,1,9,1,0,33,24.21,0.31,-0.23,21.7,Healthy
2024-12-02 10:00:00,23.95,21.76,41.0,79.9,21.8,5.67,21.4,0,2,1,10,1,0,33,24.23,0.28,0.12,21.76,Healthy
2024-12-02 10:15:00,26.05,21.85,43.0,79.9,21.8,5.63,21.5,1,3,1,10,1,0,33,24.4,0.58,2.22,21.85,Healthy
2024-12-02 10:30:00,25.62,21.86,41.0,76.4,21.8,5.61,21.4,0,2,1,10,1,0,33,24.5,0.68,1.26,21.86,Healthy
2024-12-02 10:45:00,25.62,21.86,41.0,74.0,21.9,5.61,21.4,0,2,1,10,1,0,33,24.6,0.75,1.26,21.86,Healthy
2024-12-02 11:00:00,25.01,21.87,40.0,68.8,23.4,5.6,21.6,0,2,1,11,1,0,33,24.67,0.75,1.06,21.87,Healthy
2024-12-02 11:15:00,24.32,22.04,40.0,68.8,23.4,5.59,21.9,0,2,1,11,1,0,33,24.68,0.74,-1.73,22.04,Healthy
2024-12-02 11:30:00,24.98,22.16,40.0,79.2,23.2,5.55,22.0,0,2,1,11,1,0,33,24.71,0.75,-0.64,22.16,Healthy
2024-12-02 11:45:00,24.98,22.16,40.0,70.4,24.5,5.55,22.0,0,2,1,11,1,0,33,24.74,0.75,-0.64,22.16,Healthy
2024-12-02 12:00:00,24.1,22.29,39.0,71.0,23.7,5.55,22.2,0,2,1,12,1,0,33,24.76,0.72,-0.91,22.29,Healthy
2024-12-02 12:15:00,24.12,22.39,39.0,71.0,23.7,5.56,22.3,0,2,1,12,1,0,33,24.79,0.69,-0.2,22.39,Healthy
2024-12-02 12:30:00,23.32,22.57,39.0,69.0,25.2,5.57,22.4,0,2,1,12,1,0,33,24.7,0.81,-1.66,22.57,Healthy
2024-12-02 12:45:00,23.32,22.57,39.0,67.2,25.3,5.57,22.4,0,2,1,12,1,0,33,24.62,0.9,-1.66,22.57,Healthy
2024-12-02 13:00:00,23.18,22.67,39.0,68.2,24.4,5.58,22.4,0,2,1,13,1,0,33,24.55,0.98,-0.92,22.67,Healthy
2024-12-02 13:15:00,23.09,22.68,39.0,68.2,24.4,5.6,22.4,0,2,1,13,1,0,33,24.3,0.94,-1.03,22.68,Healthy
2024-12-02 13:30:00,23.0,22.69,39.0,67.5,24.2,5.62,22.3,0,2,1,13,1,0,33,24.09,0.91,-0.32,22.69,Healthy
2024-12-02 13:45:00,23.0,22.69,39.0,67.4,24.2,5.62,22.3,0,2,1,13,1,0,33,23.87,0.81,-0.32,22.69,Healthy
2024-12-02 14:00:00,27.05,22.77,44.0,78.3,23.1,5.67,22.5,1,3,1,14,1,0,33,24.04,1.2,3.87,22.77,Healthy
2024-12-02 14:15:00,25.45,22.79,39.0,78.3,23.1,5.58,22.4,0,2,1,14,1,0,33,24.13,1.26,2.36,22.79,Healthy
2024-12-02 14:30:00,25.93,22.79,40.0,69.5,23.5,5.57,22.4,1,3,1,14,1,0,33,24.21,1.35,2.93,22.79,Healthy
2024-12-02 14:45:00,25.93,22.79,40.0,79.5,22.5,5.57,22.4,0,2,1,14,1,0,33,24.29,1.42,2.93,22.79,Healthy
2024-12-02 15:00:00,25.07,22.75,39.0,70.8,23.2,5.55,22.2,0,2,1,15,1,0,33,24.37,1.44,-1.98,22.79,Healthy
2024-12-02 15:15:00,25.26,22.77,39.0,70.8,23.2,5.58,22.3,0,2,1,15,1,0,33,24.47,1.46,-0.19,22.79,Healthy
2024-12-02 15:30:00,25.48,22.69,38.0,83.7,22.4,5.6,22.1,0,2,1,15,1,0,33,24.65,1.44,-0.45,22.79,Healthy
2024-12-02 15:45:00,25.48,22.69,38.0,71.0,23.3,5.6,22.1,0,2,1,15,1,0,33,24.83,1.39,-0.45,22.79,Healthy
2024-12-02 16:00:00,24.69,22.78,37.0,68.9,22.8,5.6,22.4,0,2,1,16,1,0,33,24.95,1.29,-0.38,22.79,Healthy
2024-12-02 16:15:00,24.09,22.78,37.0,68.9,22.8,5.68,22.3,0,2,1,16,1,0,33,25.04,1.19,-1.17,22.79,Healthy
2024-12-02 16:30:00,25.12,22.74,39.0,67.3,22.7,5.71,22.1,0,2,1,16,1,0,33,25.21,1.0,-0.36,22.79,Healthy
2024-12-02 16:45:00,25.12,22.74,39.0,79.0,21.8,5.71,22.1,0,2,1,16,1,0,33,25.39,0.73,-0.36,22.79,Healthy
2024-12-02 17:00:00,25.44,22.65,38.0,81.5,21.7,5.77,21.9,0,2,1,17,1,0,33,25.26,0.51,0.75,22.79,Healthy
2024-12-02 17:15:00,25.53,22.57,38.0,81.5,21.7,5.74,21.6,0,2,1,17,1,0,33,25.26,0.51,1.44,22.79,Healthy
2024-12-02 17:30:00,25.12,22.49,38.0,75.5,21.3,5.73,21.7,0,2,1,17,1,0,33,25.19,0.47,0.0,22.79,Healthy
2024-12-02 17:45:00,25.12,22.49,38.0,82.4,21.3,5.73,21.7,0,2,1,17,1,0,33,25.13,0.4,0.0,22.78,Healthy
2024-12-02 18:00:00,26.02,22.41,39.0,77.3,21.2,5.71,21.3,0,2,1,18,1,0,33,25.21,0.48,0.58,22.78,Healthy
2024-12-02 18:15:00,25.23,22.37,38.0,77.3,21.2,5.69,21.6,0,2,1,18,1,0,33,25.2,0.48,-0.3,22.78,Healthy
2024-12-02 18:30:00,24.82,22.37,38.0,73.0,21.3,5.67,21.7,0,2,1,18,1,0,33,25.15,0.48,-0.3,22.78,Healthy
2024-12-02 18:45:00,24.82,22.37,38.0,69.3,21.3,5.67,21.7,0,2,1,18,1,0,33,25.09,0.48,-0.3,22.78,Healthy
2024-12-02 19:00:00,24.49,22.34,38.0,69.3,21.2,5.66,21.7,0,2,1,19,0,0,33,25.08,0.5,-1.53,22.78,Healthy
2024-12-02 19:15:00,24.24,22.29,38.0,69.3,21.2,5.68,21.6,0,2,1,19,0,0,33,25.09,0.47,-0.99,22.74,Healthy
2024-12-02 19:30:00,23.95,22.27,38.0,68.7,21.2,5.7,21.6,0,2,1,19,0,0,33,24.99,0.57,-0.87,22.74,Healthy
2024-12-02 19:45:00,23.95,22.27,38.0,68.6,21.1,5.7,21.6,0,2,1,19,0,0,33,24.89,0.64,-0.87,22.65,Healthy
2024-12-02 20:00:00,23.72,22.25,38.0,68.4,21.1,5.72,21.6,0,2,1,20,0,0,33,24.75,0.7,-0.77,22.57,Healthy
2024-12-02 20:15:00,23.6,22.21,38.0,68.4,21.1,5.73,21.6,0,2,1,20,0,0,33,24.59,0.73,-0.64,22.49,Healthy
2024-12-02 20:30:00,23.5,22.17,38.0,67.8,21.1,5.75,21.5,0,2,1,20,0,0,33,24.46,0.77,-0.45,22.49,Healthy
2024-12-02 20:45:00,23.5,22.17,38.0,67.1,21.0,5.75,21.5,0,2,1,20,0,0,33,24.32,0.78,-0.45,22.41,Healthy
2024-12-02 21:00:00,23.44,22.17,38.0,66.7,21.0,5.76,21.5,0,2,1,21,0,0,33,24.1,0.61,-0.28,22.37,Healthy
2024-12-02 21:15:00,23.37,22.16,38.0,66.7,21.0,5.78,21.5,0,2,1,21,0,0,33,23.95,0.53,-0.23,22.37,Healthy
2024-12-02 21:30:00,23.33,22.15,38.0,66.5,21.1,5.78,21.5,0,2,1,21,0,0,33,23.83,0.48,-0.17,22.37,Healthy
2024-12-02 21:45:00,23.33,22.15,38.0,67.2,21.1,5.78,21.5,0,2,1,21,0,0,33,23.7,0.38,-0.17,22.34,Healthy
2024-12-02 22:00:00,23.29,22.14,38.0,67.9,21.2,5.78,21.5,0,2,1,22,0,0,33,23.6,0.3,-0.15,22.29,Healthy
2024-12-02 22:15:00,23.24,22.12,38.0,67.9,21.2,5.79,21.5,0,2,1,22,0,0,33,23.52,0.24,-0.13,22.27,Healthy
2024-12-02 22:30:00,23.21,22.11,38.0,67.9,21.2,5.79,21.5,0,2,1,22,0,0,33,23.46,0.22,-0.12,22.27,Healthy
2024-12-02 22:45:00,23.21,22.11,38.0,67.8,21.1,5.79,21.5,0,2,1,22,0,0,33,23.4,0.16,-0.12,22.25,Healthy
2024-12-02 23:00:00,23.16,22.08,38.0,67.7,21.2,5.8,21.5,0,2,1,23,0,0,33,23.35,0.14,-0.13,22.21,Healthy
2024-12-02 23:15:00,23.12,22.07,38.0,67.7,21.2,5.8,21.5,0,2,1,23,0,0,33,23.31,0.13,-0.12,22.17,Healthy
2024-12-02 23:30:00,23.1,22.07,38.0,67.6,21.2,5.81,21.5,0,2,1,23,0,0,33,23.28,0.12,-0.11,22.17,Healthy
2024-12-02 23:45:00,23.1,22.07,38.0,70.8,21.1,5.81,21.5,0,2,1,23,0,0,33,23.24,0.11,-0.11,22.17,Healthy
2024-12-03 00:00:00,23.51,22.06,42.0,70.0,21.1,5.79,21.5,0,2,1,0,0,1,33,23.25,0.12,0.35,22.16,Healthy
2024-12-03 00:15:00,23.6,22.05,43.0,70.0,21.1,5.78,21.4,0,2,1,0,0,1,33,23.27,0.16,0.48,22.15,Healthy
2024-12-03 00:30:00,23.58,22.04,43.0,69.3,21.1,5.77,21.5,0,2,1,0,0,1,33,23.29,0.18,0.48,22.15,Healthy
2024-12-03 00:45:00,23.58,22.04,43.0,81.1,21.1,5.77,21.5,1,3,1,0,0,1,33,23.31,0.2,0.48,22.14,Healthy
2024-12-03 01:00:00,24.31,21.99,43.0,81.6,21.1,5.8,21.2,1,3,1,1,0,1,33,23.39,0.35,0.8,22.12,Healthy
2024-12-03 01:15:00,24.11,21.98,42.0,81.6,21.1,5.7,21.4,1,3,1,1,0,1,33,23.47,0.4,0.51,22.11,Healthy
2024-12-03 01:30:00,24.09,21.97,42.0,77.2,21.1,5.67,21.3,1,3,1,1,0,1,33,23.54,0.43,0.51,22.11,Healthy
2024-12-03 01:45:00,24.09,21.97,42.0,83.5,21.1,5.67,21.3,1,3,1,1,0,1,33,23.61,0.44,0.51,22.08,Healthy
2024-12-03 02:00:00,24.27,21.96,42.0,80.6,21.0,5.65,21.3,1,3,1,2,0,1,33,23.7,0.46,-0.04,22.07,Healthy
2024-12-03 02:15:00,24.16,21.96,41.0,80.6,21.0,5.6,21.3,1,3,1,2,0,1,33,23.79,0.43,0.05,22.07,Healthy
2024-12-03 02:30:00,24.01,21.95,41.0,78.8,21.0,5.58,21.3,1,3,1,2,0,1,33,23.87,0.38,-0.08,22.07,Healthy
2024-12-03 02:45:00,24.01,21.95,41.0,75.5,20.9,5.58,21.3,1,3,1,2,0,1,33,23.94,0.29,-0.08,22.06,Healthy
2024-12-03 03:00:00,23.89,21.91,41.0,74.0,20.8,5.56,21.3,1,3,1,3,0,1,33,23.98,0.26,-0.38,22.05,Healthy
2024-12-03 03:15:00,23.79,21.87,41.0,74.0,20.8,5.56,21.3,1,3,1,3,0,1,33,23.99,0.24,-0.37,22.04,Healthy
2024-12-03 03:30:00,23.68,21.86,41.0,73.1,20.7,5.57,21.2,1,3,1,3,0,1,33,24.0,0.23,-0.33,22.04,Healthy
2024-12-03 03:45:00,23.68,21.86,41.0,72.2,20.6,5.57,21.2,1,3,1,3,0,1,33,24.01,0.21,-0.33,21.99,Healthy
2024-12-03 04:00:00,23.61,21.82,41.0,71.5,20.6,5.57,21.2,1,3,1,4,0,1,33,23.95,0.22,-0.28,21.98,Healthy
2024-12-03 04:15:00,23.54,21.77,41.0,71.5,20.6,5.58,21.1,1,3,1,4,0,1,33,23.9,0.24,-0.25,21.97,Healthy
2024-12-03 04:30:00,23.47,21.76,40.0,70.7,20.5,5.58,21.1,1,3,1,4,0,1,33,23.85,0.26,-0.21,21.97,Healthy
2024-12-03 04:45:00,23.47,21.76,40.0,70.7,20.6,5.58,21.1,1,3,1,4,0,1,33,23.8,0.27,-0.21,21.96,Healthy
2024-12-03 05:00:00,23.37,21.74,40.0,70.0,20.6,5.59,21.1,1,3,1,5,0,1,33,23.72,0.25,-0.24,21.96,Healthy
2024-12-03 05:15:00,23.28,21.72,40.0,70.0,20.6,5.6,21.0,1,3,1,5,0,1,33,23.65,0.24,-0.26,21.95,Healthy
2024-12-03 05:30:00,23.12,21.69,39.0,70.0,20.5,5.6,21.0,1,3,1,5,0,1,33,23.58,0.26,-0.35,21.95,Healthy
2024-12-03 05:45:00,23.12,21.69,39.0,69.6,20.3,5.6,21.0,1,3,1,5,0,1,33,23.5,0.25,-0.35,21.91,Healthy
2024-12-03 06:00:00,23.02,21.66,39.0,69.8,20.5,5.61,21.0,1,3,1,6,1,1,33,23.43,0.25,-0.35,21.87,Healthy
2024-12-03 06:15:00,22.89,21.65,39.0,69.8,20.5,5.62,21.0,0,2,1,6,1,1,33,23.35,0.27,-0.39,21.86,Healthy
2024-12-03 06:30:00,22.78,21.64,38.0,69.2,20.5,5.62,21.0,1,3,1,6,1,1,33,23.28,0.29,-0.34,21.86,Healthy
2024-12-03 06:45:00,22.78,21.64,38.0,69.2,20.6,5.62,21.0,1,3,1,6,1,1,33,23.2,0.3,-0.34,21.82,Healthy
2024-12-03 07:00:00,22.7,21.64,38.0,69.2,20.7,5.63,21.0,0,2,1,7,1,1,33,23.13,0.3,-0.32,21.77,Healthy
2024-12-03 07:15:00,22.6,21.64,37.0,69.2,20.7,5.64,21.0,0,2,1,7,1,1,33,23.05,0.3,-0.29,21.76,Healthy
2024-12-03 07:30:00,22.53,21.65,37.0,68.6,20.9,5.64,21.1,0,2,1,7,1,1,33,22.97,0.31,-0.25,21.76,Healthy
2024-12-03 07:45:00,22.53,21.65,37.0,69.3,21.0,5.64,21.1,0,2,1,7,1,1,33,22.89,0.29,-0.25,21.74,Healthy
2024-12-03 08:00:00,22.65,21.66,38.0,70.1,21.8,5.65,21.1,1,3,1,8,1,1,33,22.83,0.25,-0.05,21.72,Healthy
2024-12-03 08:15:00,23.38,21.76,41.0,70.1,21.8,5.63,21.5,1,3,1,8,1,1,33,22.84,0.27,0.78,21.76,Healthy
2024-12-03 08:30:00,24.16,21.87,41.0,87.5,22.2,5.65,21.7,1,3,1,8,1,1,33,22.93,0.46,1.63,21.87,Healthy
2024-12-03 08:45:00,24.16,21.87,41.0,75.9,24.5,5.65,21.7,1,3,1,8,1,1,33,23.02,0.58,1.63,21.87,Healthy
2024-12-03 09:00:00,23.8,22.07,40.0,73.8,27.2,5.57,22.0,1,3,1,9,1,1,33,23.08,0.63,1.15,22.07,Healthy
2024-12-03 09:15:00,23.49,22.28,40.0,73.8,27.2,5.52,22.4,0,2,1,9,1,1,33,23.13,0.63,0.11,22.28,Healthy
2024-12-03 09:30:00,23.21,22.5,39.0,69.8,28.6,5.5,22.7,0,2,1,9,1,1,33,23.17,0.62,-0.95,22.5,Healthy
2024-12-03 09:45:00,23.21,22.5,39.0,67.9,29.4,5.5,22.7,0,2,1,9,1,1,34,23.2,0.61,-0.95,22.5,Healthy
2024-12-03 10:00:00,22.92,22.79,38.0,63.1,29.8,5.48,23.2,0,2,1,10,1,1,34,23.22,0.6,-0.88,22.79,Healthy
2024-12-03 10:15:00,22.5,23.09,37.0,63.1,29.8,5.48,23.5,0,2,1,10,1,1,34,23.21,0.61,-0.99,23.09,Healthy
2024-12-03 10:30:00,22.28,23.21,37.0,59.2,27.0,5.48,23.5,0,2,1,10,1,1,34,23.19,0.64,-0.93,23.21,Healthy
2024-12-03 10:45:00,22.28,23.21,37.0,55.8,28.6,5.48,23.5,0,2,1,10,1,1,34,23.17,0.67,-0.93,23.21,Healthy
2024-12-03 11:00:00,22.01,23.5,36.0,47.3,31.0,5.48,24.1,0,2,1,11,1,1,34,23.12,0.73,-0.91,23.5,Healthy
2024-12-03 11:15:00,21.89,23.8,36.0,47.3,31.0,5.49,24.4,0,2,1,11,1,1,34,22.99,0.81,-0.61,23.8,Healthy
2024-12-03 11:30:00,21.7,24.11,36.0,41.5,30.2,5.49,25.1,0,2,1,11,1,1,34,22.79,0.8,-0.58,24.11,Healthy
2024-12-03 11:45:00,21.7,24.11,36.0,29.3,38.2,5.49,25.1,0,2,1,11,1,1,34,22.58,0.72,-0.58,24.11,Healthy
2024-12-03 12:00:00,21.54,24.52,36.0,20.6,34.6,5.49,25.7,0,2,1,12,1,1,34,22.39,0.67,-0.47,24.52,Healthy
2024-12-03 12:15:00,21.45,24.8,35.0,20.6,34.6,5.53,25.7,0,2,1,12,1,1,34,22.22,0.62,-0.44,24.8,Healthy
2024-12-03 12:30:00,21.3,25.09,35.0,12.6,36.4,5.55,26.0,0,2,1,12,1,1,34,22.06,0.59,-0.4,25.09,Healthy
2024-12-03 12:45:00,21.3,25.09,35.0,8.7,32.0,5.55,26.0,0,2,1,12,1,1,34,21.91,0.51,-0.4,25.09,Healthy
2024-12-03 13:00:00,21.08,25.35,34.0,7.2,31.5,5.6,25.9,0,2,1,13,1,1,34,21.75,0.45,-0.46,25.35,Healthy
2024-12-03 13:15:00,21.08,25.35,34.0,7.2,31.5,5.6,25.9,0,2,1,13,1,1,34,21.63,0.42,-0.37,25.35,Healthy
2024-12-03 13:30:00,20.94,25.6,34.0,3.7,41.4,5.6,26.3,0,2,1,13,1,1,34,21.52,0.41,-0.36,25.6,Healthy
2024-12-03 13:45:00,20.94,25.6,34.0,2.6,32.1,5.6,26.3,0,2,1,13,1,1,34,21.41,0.36,-0.36,25.6,Healthy
2024-12-03 14:00:00,20.95,25.63,34.0,2.5,28.4,5.63,25.8,0,2,1,14,1,1,34,21.32,0.33,-0.13,25.63,Healthy
2024-12-03 14:15:00,20.86,25.56,34.0,2.5,28.4,5.63,26.0,0,2,1,14,1,1,34,21.24,0.31,-0.22,25.63,Healthy
2024-12-03 14:30:00,20.76,25.78,33.0,2.4,32.4,5.63,26.3,0,2,1,14,1,1,34,21.16,0.3,-0.18,25.78,Healthy
2024-12-03 14:45:00,20.76,25.78,33.0,2.2,29.2,5.63,26.3,0,2,1,14,1,1,34,21.08,0.26,-0.18,25.78,Healthy
2024-12-03 15:00:00,20.77,25.72,33.0,2.3,28.5,5.66,25.8,0,2,1,15,1,1,34,21.02,0.23,-0.18,25.78,Healthy
2024-12-03 15:15:00,20.74,25.69,33.0,2.3,28.5,5.67,25.7,0,2,1,15,1,1,34,20.96,0.2,-0.12,25.78,Healthy
2024-12-03 15:30:00,20.73,25.66,33.0,2.4,27.6,5.68,25.6,0,2,1,15,1,1,34,20.91,0.18,-0.03,25.78,Healthy
2024-12-03 15:45:00,20.73,25.66,33.0,2.5,27.4,5.68,25.6,0,2,1,15,1,1,34,20.86,0.13,-0.03,25.78,Healthy
2024-12-03 16:15:00,20.63,25.56,32.0,2.5,28.0,5.67,25.9,0,2,1,16,1,1,34,20.82,0.13,-0.14,25.78,Healthy
2024-12-03 16:30:00,20.58,25.59,32.0,2.5,28.0,5.67,25.8,0,2,1,16,1,1,34,20.78,0.12,-0.16,25.78,Healthy
2024-12-03 16:45:00,20.58,25.59,32.0,2.7,26.5,5.67,25.8,0,2,1,16,1,1,34,20.75,0.12,-0.15,25.78,Healthy
2024-12-03 17:00:00,20.62,25.5,32.0,7.7,25.5,5.69,25.4,0,2,1,17,1,1,34,20.73,0.11,-0.11,25.78,Healthy
2024-12-03 17:15:00,21.61,25.36,34.0,7.7,25.5,5.7,25.2,1,3,1,17,1,1,34,20.78,0.27,0.98,25.78,Healthy
2024-12-03 17:30:00,21.93,25.15,35.0,11.6,24.2,5.72,24.7,1,3,1,17,1,1,34,20.87,0.43,1.35,25.78,Healthy
2024-12-03 17:45:00,21.93,25.15,35.0,100.0,22.4,5.72,24.7,1,3,1,17,1,1,34,20.97,0.53,1.35,25.78,Healthy
2024-12-03 18:00:00,28.06,23.28,37.0,94.8,21.5,5.72,22.6,1,3,1,18,1,1,34,21.58,2.11,7.44,25.72,Healthy
2024-12-03 18:15:00,25.22,23.69,34.0,94.8,21.5,5.62,22.7,0,2,1,18,1,1,34,21.95,2.33,3.61,25.69,Healthy
2024-12-03 18:30:00,25.31,23.86,35.0,43.3,21.7,5.61,22.2,1,3,1,18,1,1,34,22.33,2.49,3.38,25.66,Healthy
2024-12-03 18:45:00,25.31,23.86,35.0,85.5,21.8,5.61,22.2,0,2,1,18,1,1,34,22.71,2.57,3.38,25.66,Healthy
2024-12-03 19:00:00,24.83,23.91,36.0,66.8,21.9,5.55,22.7,0,2,1,19,0,1,34,23.05,2.55,-3.23,25.59,Healthy
2024-12-03 19:15:00,27.44,23.41,37.0,66.8,21.9,5.57,22.1,1,3,1,19,0,1,34,23.62,2.72,2.22,25.59,Healthy
2024-12-03 19:30:00,26.33,23.33,35.0,99.5,21.7,5.36,22.2,0,2,1,19,0,1,34,24.1,2.64,1.02,25.59,Healthy
2024-12-03 19:45:00,26.33,23.33,35.0,79.0,21.9,5.36,22.2,0,2,1,19,0,1,34,24.58,2.46,1.02,25.5,Healthy
2024-12-03 20:00:00,25.58,23.59,35.0,45.1,21.9,5.35,22.6,0,2,1,20,0,1,34,24.99,2.13,0.75,25.36,Healthy
2024-12-03 20:15:00,25.11,23.62,35.0,45.1,21.9,5.37,22.7,0,2,1,20,0,1,34,25.28,1.84,-2.33,25.15,Healthy
2024-12-03 20:30:00,24.99,23.6,36.0,46.9,21.7,5.39,22.7,0,2,1,20,0,1,34,25.54,1.52,-1.34,25.15,Healthy
2024-12-03 20:45:00,24.99,23.6,36.0,49.3,21.6,5.39,22.7,0,2,1,20,0,1,34,25.79,1.04,-1.34,23.91,Healthy
2024-12-03 21:00:00,24.9,23.59,36.0,48.2,21.5,5.41,22.7,0,2,1,21,0,1,34,25.53,0.78,-0.68,23.91,Healthy
2024-12-03 21:15:00,24.83,23.5,37.0,48.2,21.5,5.43,22.6,0,2,1,21,0,1,34,25.5,0.81,-0.28,23.91,Healthy
2024-12-03 21:30:00,24.82,23.44,37.0,49.5,21.5,5.45,22.5,0,2,1,21,0,1,34,25.46,0.83,-0.17,23.91,Healthy
2024-12-03 21:45:00,24.82,23.44,37.0,49.7,21.2,5.45,22.5,0,2,1,21,0,1,34,25.41,0.85,-0.17,23.91,Healthy
2024-12-03 22:00:00,24.67,23.34,37.0,51.3,21.2,5.45,22.3,0,2,1,22,0,1,34,25.4,0.86,-0.23,23.62,Healthy
2024-12-03 22:15:00,24.41,23.28,37.0,51.3,21.2,5.44,22.4,0,2,1,22,0,1,34,25.15,0.62,-0.42,23.62,Healthy
2024-12-03 22:30:00,24.27,23.22,37.0,49.8,21.5,5.46,22.3,0,2,1,22,0,1,34,24.98,0.54,-0.55,23.62,Healthy
2024-12-03 22:45:00,24.27,23.22,37.0,50.3,21.3,5.46,22.3,0,2,1,22,0,1,34,24.81,0.37,-0.55,23.62,Healthy
2024-12-03 23:00:00,24.2,23.19,37.0,48.7,21.1,5.48,22.2,0,2,1,23,0,1,34,24.69,0.32,-0.47,23.62,Healthy
2024-12-03 23:15:00,24.11,23.1,37.0,48.7,21.1,5.47,22.2,0,2,1,23,0,1,34,24.61,0.33,-0.3,23.6,Healthy
2024-12-03 23:30:00,24.04,23.09,37.0,47.6,21.3,5.47,22.2,0,2,1,23,0,1,34,24.53,0.34,-0.23,23.6,Healthy
2024-12-03 23:45:00,24.04,23.09,37.0,46.1,21.4,5.47,22.2,0,2,1,23,0,1,34,24.45,0.34,-0.23,23.59,Healthy
2024-12-04 00:00:00,24.01,23.06,37.0,45.1,21.4,5.47,22.2,0,2,1,0,0,2,34,24.37,0.33,-0.19,23.5,Healthy
2024-12-04 00:15:00,23.89,22.99,37.0,45.1,21.4,5.48,22.1,0,2,1,0,0,2,34,24.3,0.32,-0.22,23.44,Healthy
2024-12-04 00:30:00,23.91,22.96,37.0,45.6,21.2,5.53,22.0,0,2,1,0,0,2,34,24.22,0.29,-0.13,23.44,Healthy
2024-12-04 00:45:00,23.91,22.96,37.0,43.1,20.9,5.53,22.0,0,2,1,0,0,2,34,24.14,0.23,-0.13,23.34,Healthy
2024-12-04 01:00:00,23.68,22.87,36.0,41.5,20.7,5.52,21.8,0,2,1,1,0,2,34,24.06,0.2,-0.33,23.28,Healthy
2024-12-04 01:15:00,23.61,22.78,36.0,41.5,20.7,5.55,21.8,0,2,1,1,0,2,34,24.0,0.21,-0.28,23.22,Healthy
2024-12-04 01:30:00,23.54,22.72,36.0,41.2,20.6,5.57,21.8,0,2,1,1,0,2,34,23.93,0.23,-0.37,23.22,Healthy
2024-12-04 01:45:00,23.54,22.72,36.0,41.7,20.7,5.57,21.8,0,2,1,1,0,2,34,23.87,0.23,-0.37,23.19,Healthy
2024-12-04 02:00:00,23.55,22.68,36.0,41.3,20.6,5.59,21.7,0,2,1,2,0,2,34,23.82,0.22,-0.13,23.1,Healthy
2024-12-04 02:15:00,23.53,22.65,36.0,41.3,20.6,5.6,21.7,0,2,1,2,0,2,34,23.77,0.21,-0.08,23.09,Healthy
2024-12-04 02:30:00,23.48,22.58,36.0,40.3,20.5,5.61,21.6,0,2,1,2,0,2,34,23.72,0.21,-0.06,23.09,Healthy
2024-12-04 02:45:00,23.48,22.58,36.0,39.4,20.2,5.61,21.6,0,2,1,2,0,2,34,23.68,0.2,-0.06,23.06,Healthy
2024-12-04 03:00:00,23.36,22.52,36.0,40.7,20.0,5.62,21.5,0,2,1,3,0,2,34,23.62,0.19,-0.19,22.99,Healthy
2024-12-04 03:15:00,23.34,22.46,36.0,40.7,20.0,5.63,21.4,0,2,1,3,0,2,34,23.58,0.18,-0.19,22.96,Healthy
2024-12-04 03:30:00,23.27,22.38,36.0,42.1,19.8,5.63,21.4,0,2,1,3,0,2,34,23.52,0.17,-0.21,22.96,Healthy
2024-12-04 03:45:00,23.27,22.38,36.0,43.5,19.6,5.65,21.2,0,2,1,3,0,2,34,23.47,0.13,-0.21,22.87,Healthy
2024-12-04 04:00:00,23.31,22.3,36.0,44.5,19.5,5.65,21.2,0,2,1,4,0,2,34,23.44,0.12,-0.05,22.78,Healthy
2024-12-04 04:15:00,23.23,22.24,36.0,44.5,19.5,5.65,21.2,0,2,1,4,0,2,34,23.41,0.12,-0.11,22.72,Healthy
2024-12-04 04:30:00,23.2,22.17,36.0,44.5,19.5,5.66,21.1,0,2,1,4,0,2,34,23.38,0.13,-0.07,22.72,Healthy
2024-12-04 04:45:00,23.2,22.17,36.0,45.5,19.2,5.66,21.1,0,2,1,4,0,2,34,23.35,0.13,-0.07,22.68,Healthy
2024-12-04 05:00:00,23.12,22.08,36.0,46.5,19.0,5.66,21.0,0,2,1,5,0,2,34,23.32,0.13,-0.19,22.65,Healthy
2024-12-04 05:15:00,23.1,21.97,36.0,46.5,19.0,5.67,20.9,0,2,1,5,0,2,34,23.28,0.12,-0.13,22.58,Healthy
2024-12-04 05:30:00,23.13,21.9,36.0,47.3,18.8,5.69,20.8,0,2,1,5,0,2,34,23.25,0.11,-0.07,22.58,Healthy
2024-12-04 05:45:00,23.13,21.9,36.0,48.1,18.7,5.69,20.8,0,2,1,5,0,2,34,23.22,0.09,-0.07,22.52,Healthy
2024-12-04 06:00:00,23.03,21.81,36.0,48.7,18.7,5.69,20.7,0,2,1,6,1,2,34,23.19,0.09,-0.09,22.46,Healthy
2024-12-04 06:15:00,22.97,21.75,36.0,48.7,18.7,5.69,20.7,0,2,1,6,1,2,34,23.16,0.1,-0.13,22.38,Healthy
2024-12-04 06:30:00,22.94,21.66,36.0,48.1,18.7,5.69,20.6,0,2,1,6,1,2,34,23.14,0.11,-0.19,22.38,Healthy
2024-12-04 06:45:00,22.94,21.66,36.0,48.1,18.8,5.69,20.6,0,2,1,6,1,2,34,23.11,0.12,-0.19,22.3,Healthy
2024-12-04 07:00:00,22.9,21.62,36.0,48.1,19.5,5.7,20.6,0,2,1,7,1,2,34,23.07,0.11,-0.13,22.24,Healthy
2024-12-04 07:15:00,22.84,21.62,35.0,48.1,19.5,5.69,20.9,0,2,1,7,1,2,34,23.04,0.12,-0.13,22.17,Healthy
2024-12-04 07:30:00,22.78,21.68,36.0,46.6,20.8,5.69,21.0,0,2,1,7,1,2,34,23.01,0.13,-0.16,22.17,Healthy
2024-12-04 07:45:00,22.78,21.68,36.0,43.6,21.5,5.69,21.0,0,2,1,7,1,2,34,22.97,0.13,-0.16,22.08,Healthy
2024-12-04 08:00:00,22.73,21.76,35.0,38.9,22.6,5.67,21.7,0,2,1,8,1,2,34,22.94,0.14,-0.17,21.97,Healthy
2024-12-04 08:15:00,22.66,21.88,35.0,38.9,22.6,5.67,21.7,0,2,1,8,1,2,34,22.9,0.15,-0.18,21.9,Healthy
2024-12-04 08:30:00,22.58,22.08,35.0,33.6,24.6,5.66,22.1,0,2,1,8,1,2,34,22.86,0.16,-0.2,22.08,Healthy
2024-12-04 08:45:00,22.58,22.08,35.0,28.9,27.3,5.66,22.1,0,2,1,8,1,2,34,22.81,0.15,-0.2,22.08,Healthy
2024-12-04 09:00:00,22.46,22.37,35.0,25.4,31.1,5.65,22.5,0,2,1,9,1,2,34,22.76,0.17,-0.27,22.37,Healthy
2024-12-04 09:15:00,22.33,22.68,35.0,25.4,31.1,5.63,23.0,0,2,1,9,1,2,34,22.71,0.19,-0.33,22.68,Healthy
2024-12-04 09:30:00,22.24,22.97,35.0,20.2,35.3,5.63,23.3,0,2,1,9,1,2,34,22.65,0.22,-0.34,22.97,Healthy
2024-12-04 09:45:00,22.24,22.97,35.0,16.1,29.3,5.63,23.3,0,2,1,9,1,2,35,22.59,0.23,-0.34,22.97,Healthy
2024-12-04 10:00:00,22.16,23.18,34.0,12.4,27.8,5.63,23.2,0,2,1,10,1,2,35,22.53,0.24,-0.3,23.18,Healthy
2024-12-04 10:15:00,22.05,23.38,34.0,12.4,27.8,5.61,23.6,0,2,1,10,1,2,35,22.47,0.26,-0.28,23.38,Healthy
2024-12-04 10:30:00,21.94,23.6,34.0,9.5,28.2,5.6,23.8,0,2,1,10,1,2,35,22.4,0.28,-0.3,23.6,Healthy
2024-12-04 10:45:00,21.94,23.6,34.0,7.0,30.3,5.6,23.8,0,2,1,10,1,2,35,22.33,0.28,-0.3,23.6,Healthy
2024-12-04 11:00:00,21.81,23.87,34.0,5.0,32.0,5.58,24.2,0,2,1,11,1,2,35,22.25,0.28,-0.35,23.87,Healthy
2024-12-04 11:15:00,21.68,24.16,33.0,5.0,32.0,5.55,24.7,0,2,1,11,1,2,35,22.17,0.29,-0.37,24.16,Healthy
2024-12-04 11:30:00,21.53,24.53,33.0,3.6,34.9,5.52,25.4,0,2,1,11,1,2,35,22.08,0.31,-0.41,24.53,Healthy
2024-12-04 11:45:00,21.53,24.53,33.0,2.5,35.7,5.52,25.4,0,2,1,11,1,2,35,21.99,0.31,-0.41,24.53,Healthy
2024-12-04 12:00:00,21.47,24.84,33.0,2.0,33.0,5.51,25.6,0,2,1,12,1,2,35,21.91,0.31,-0.34,24.84,Healthy
2024-12-04 12:15:00,21.36,25.04,33.0,2.0,33.0,5.5,25.6,0,2,1,12,1,2,35,21.83,0.31,-0.32,25.04,Healthy
2024-12-04 12:30:00,21.28,25.26,32.0,1.9,31.9,5.5,25.6,0,2,1,12,1,2,35,21.75,0.32,-0.25,25.26,Healthy
2024-12-04 12:45:00,21.28,25.26,32.0,2.0,32.6,5.5,25.6,0,2,1,12,1,2,35,21.67,0.31,-0.25,25.26,Healthy
2024-12-04 13:00:00,21.21,25.45,32.0,1.9,30.3,5.49,25.7,0,2,1,13,1,2,35,21.59,0.29,-0.26,25.45,Healthy
2024-12-04 13:15:00,21.11,25.53,32.0,1.9,30.3,5.48,25.9,0,2,1,13,1,2,35,21.51,0.28,-0.25,25.53,Healthy
2024-12-04 13:30:00,21.06,25.75,32.0,1.9,34.3,5.47,26.0,0,2,1,13,1,2,35,21.44,0.27,-0.22,25.75,Healthy
2024-12-04 13:45:00,21.06,25.75,32.0,1.8,29.7,5.47,26.0,0,2,1,13,1,2,35,21.36,0.24,-0.22,25.75,Healthy
2024-12-04 14:00:00,21.06,25.65,32.0,2.1,30.3,5.49,25.5,0,2,1,14,1,2,35,21.3,0.21,-0.15,25.75,Healthy
2024-12-04 14:15:00,20.91,25.76,32.0,2.1,30.3,5.47,26.1,0,2,1,14,1,2,35,21.24,0.21,-0.2,25.76,Healthy
2024-12-04 14:30:00,20.83,25.97,31.0,1.8,32.2,5.46,26.4,0,2,1,14,1,2,35,21.18,0.21,-0.23,25.97,Healthy
2024-12-04 14:45:00,20.83,25.97,31.0,1.8,31.6,5.46,26.4,0,2,1,14,1,2,35,21.12,0.21,-0.23,25.97,Healthy
2024-12-04 15:00:00,20.77,25.98,31.0,1.8,32.6,5.49,26.1,0,2,1,15,1,2,35,21.06,0.2,-0.29,25.98,Healthy
2024-12-04 15:15:00,20.79,25.87,31.0,1.8,32.6,5.51,25.9,0,2,1,15,1,2,35,21.02,0.19,-0.12,25.98,Healthy
2024-12-04 15:30:00,20.76,25.76,31.0,2.1,28.1,5.57,25.8,0,2,1,15,1,2,35,20.97,0.18,-0.07,25.98,Healthy
2024-12-04 15:45:00,20.76,25.76,31.0,2.1,28.6,5.57,25.8,0,2,1,15,1,2,35,20.93,0.16,-0.07,25.98,Healthy
2024-12-04 16:00:00,20.68,25.83,31.0,2.1,28.4,5.62,26.1,0,2,1,16,1,2,35,20.88,0.15,-0.09,25.98,Healthy
2024-12-04 16:15:00,20.68,25.83,32.0,2.1,28.4,5.68,25.8,0,2,1,16,1,2,35,20.85,0.14,-0.11,25.98,Healthy
2024-12-04 16:30:00,20.7,25.76,32.0,2.2,27.2,5.72,25.5,0,2,1,16,1,2,35,20.82,0.13,-0.06,25.98,Healthy
2024-12-04 16:45:00,20.7,25.76,32.0,2.5,25.5,5.72,25.5,0,2,1,16,1,2,35,20.79,0.11,-0.06,25.98,Healthy
2024-12-04 17:00:00,20.75,25.56,32.0,2.7,25.0,5.75,25.6,0,2,1,17,1,2,35,20.76,0.07,0.07,25.98,Healthy
2024-12-04 17:15:00,20.76,25.45,32.0,2.7,25.0,5.79,24.9,0,2,1,17,1,2,35,20.75,0.05,0.08,25.98,Healthy
2024-12-04 17:30:00,20.75,25.29,32.0,3.0,24.5,5.81,24.7,0,2,1,17,1,2,35,20.74,0.05,0.05,25.98,Healthy
2024-12-04 17:45:00,20.75,25.29,32.0,3.5,24.0,5.81,24.7,0,2,1,17,1,2,35,20.74,0.04,0.05,25.98,Healthy
2024-12-04 18:00:00,20.76,25.14,32.0,4.7,23.4,5.83,24.5,0,2,1,18,1,2,35,20.74,0.04,0.01,25.87,Healthy
2024-12-04 18:15:00,20.78,24.99,32.0,4.7,23.4,5.84,24.3,0,2,1,18,1,2,35,20.74,0.04,0.02,25.83,Healthy
2024-12-04 18:30:00,20.78,24.83,32.0,6.1,22.8,5.85,24.1,0,2,1,18,1,2,35,20.74,0.04,0.03,25.83,Healthy
2024-12-04 18:45:00,20.78,24.83,32.0,7.3,22.4,5.85,24.1,0,2,1,18,1,2,35,20.74,0.04,0.03,25.83,Healthy
2024-12-04 19:00:00,20.79,24.67,32.0,7.9,22.2,5.85,23.9,0,2,1,19,0,2,35,20.75,0.04,0.03,25.83,Healthy
2024-12-04 19:15:00,20.8,24.52,32.0,7.9,22.2,5.86,23.7,0,2,1,19,0,2,35,20.76,0.03,0.02,25.76,Healthy
2024-12-04 19:30:00,20.79,24.4,32.0,8.5,22.0,5.87,23.6,0,2,1,19,0,2,35,20.77,0.03,0.01,25.76,Healthy
2024-12-04 19:45:00,20.79,24.4,32.0,9.1,21.8,5.87,23.6,0,2,1,19,0,2,35,20.77,0.02,0.01,25.56,Healthy
2024-12-04 20:00:00,20.8,24.25,32.0,9.8,21.5,5.87,23.4,0,2,1,20,0,2,35,20.78,0.02,0.01,25.45,Healthy
2024-12-04 20:15:00,20.82,24.11,32.0,9.8,21.5,5.88,23.2,0,1,0,20,0,2,35,20.78,0.02,0.02,25.29,Healthy
2024-12-04 20:30:00,20.8,24.01,32.0,10.4,21.5,5.88,23.2,0,1,0,20,0,2,35,20.79,0.02,0.01,25.29,Healthy
2024-12-04 20:45:00,20.8,24.01,32.0,10.6,21.6,5.88,23.2,0,1,0,20,0,2,35,20.79,0.02,0.01,25.14,Healthy
2024-12-04 21:00:00,20.8,23.91,31.0,11.0,21.6,5.88,23.1,0,1,0,21,0,2,35,20.79,0.01,0.0,24.99,Healthy
2024-12-04 21:15:00,20.79,23.84,31.0,11.0,21.6,5.87,23.0,0,2,1,21,0,2,35,20.8,0.01,-0.03,24.83,Healthy
2024-12-04 21:30:00,20.8,23.78,31.0,11.2,21.5,5.86,23.0,0,2,1,21,0,2,35,20.8,0.01,0.0,24.83,Healthy
2024-12-04 21:45:00,20.8,23.78,31.0,11.4,21.5,5.86,23.0,0,2,1,21,0,2,35,20.8,0.01,0.0,24.67,Healthy
2024-12-04 22:00:00,20.79,23.69,31.0,11.6,21.6,5.87,22.9,0,2,1,22,0,2,35,20.8,0.01,-0.01,24.52,Healthy
2024-12-04 22:15:00,20.79,23.6,31.0,11.6,21.6,5.87,22.8,0,2,1,22,0,2,35,20.8,0.01,0.0,24.4,Healthy
2024-12-04 22:30:00,20.78,23.52,31.0,11.8,21.3,5.87,22.7,0,2,1,22,0,2,35,20.8,0.01,-0.02,24.4,Healthy
2024-12-04 22:45:00,20.78,23.52,31.0,11.8,21.3,5.87,22.7,0,1,0,22,0,2,35,20.8,0.01,-0.02,24.25,Healthy
2024-12-04 23:00:00,20.79,23.47,31.0,12.1,21.1,5.87,22.6,0,2,1,23,0,2,35,20.8,0.01,0.0,24.11,Healthy
2024-12-04 23:15:00,20.76,23.39,31.0,12.1,21.1,5.87,22.6,0,2,1,23,0,2,35,20.79,0.01,-0.03,24.01,Healthy
2024-12-04 23:30:00,20.76,23.33,31.0,12.2,21.4,5.87,22.5,0,1,0,23,0,2,35,20.79,0.01,-0.02,24.01,Healthy
2024-12-04 23:45:00,20.76,23.33,31.0,12.1,21.5,5.87,22.5,0,1,0,23,0,2,35,20.78,0.02,-0.02,23.91,Healthy
2024-12-05 00:00:00,20.73,23.3,31.0,12.3,21.6,5.86,22.5,0,1,0,0,0,3,35,20.78,0.02,-0.06,23.84,Healthy
2024-12-05 00:15:00,20.72,23.29,32.0,12.3,21.6,5.85,22.5,0,2,1,0,0,3,35,20.77,0.03,-0.04,23.78,Healthy
2024-12-05 00:30:00,20.71,23.27,32.0,12.3,21.6,5.85,22.5,0,2,1,0,0,3,35,20.76,0.03,-0.05,23.78,Healthy
2024-12-05 00:45:00,20.71,23.27,32.0,11.8,21.5,5.85,22.5,0,2,1,0,0,3,35,20.76,0.03,-0.05,23.69,Healthy
2024-12-05 01:00:00,20.7,23.21,32.0,11.2,21.4,5.84,22.5,0,2,1,1,0,3,35,20.75,0.03,-0.03,23.6,Healthy
2024-12-05 01:15:00,20.71,23.19,32.0,11.2,21.4,5.83,22.5,0,2,1,1,0,3,35,20.74,0.03,-0.01,23.52,Healthy
2024-12-05 01:30:00,20.68,23.15,32.0,10.8,21.4,5.83,22.4,0,2,1,1,0,3,35,20.73,0.03,-0.03,23.52,Healthy
2024-12-05 01:45:00,20.68,23.15,32.0,10.3,21.5,5.83,22.4,0,2,1,1,0,3,35,20.73,0.03,-0.03,23.47,Healthy
2024-12-05 02:00:00,20.67,23.11,32.0,9.9,21.5,5.83,22.4,0,2,1,2,0,3,35,20.72,0.03,-0.03,23.39,Healthy
2024-12-05 02:15:00,20.64,23.09,32.0,9.9,21.5,5.82,22.4,0,2,1,2,0,3,35,20.71,0.04,-0.07,23.33,Healthy
2024-12-05 02:30:00,20.8,23.07,33.0,9.6,21.4,5.83,22.3,0,2,1,2,0,3,35,20.71,0.04,0.12,23.33,Healthy
2024-12-05 02:45:00,20.8,23.07,33.0,13.6,21.3,5.83,22.3,1,3,1,2,0,3,35,20.71,0.05,0.12,23.3,Healthy
2024-12-05 03:00:00,21.84,22.98,38.0,19.3,21.3,5.84,22.2,1,3,1,3,0,3,35,20.81,0.33,1.17,23.29,Healthy
2024-12-05 03:15:00,21.81,22.92,38.0,19.3,21.3,5.82,22.2,1,3,1,3,0,3,35,20.9,0.44,1.17,23.27,Healthy
2024-12-05 03:30:00,21.78,22.88,38.0,38.6,21.3,5.82,22.1,0,2,1,3,0,3,35,20.98,0.5,0.98,23.27,Healthy
2024-12-05 03:45:00,21.78,22.88,38.0,41.2,21.3,5.82,22.1,0,2,1,3,0,3,35,21.07,0.54,0.98,23.21,Healthy
2024-12-05 04:00:00,21.7,22.85,39.0,43.5,21.3,5.81,22.1,0,2,1,4,0,3,35,21.16,0.55,-0.14,23.19,Healthy
2024-12-05 04:15:00,21.53,22.8,38.0,43.5,21.3,5.8,22.1,0,2,1,4,0,3,35,21.23,0.54,-0.28,23.15,Healthy
2024-12-05 04:30:00,21.26,22.77,37.0,44.1,21.3,5.81,22.0,0,2,1,4,0,3,35,21.27,0.52,-0.52,23.15,Healthy
2024-12-05 04:45:00,21.26,22.77,37.0,44.1,21.2,5.81,22.0,0,2,1,4,0,3,35,21.32,0.48,-0.52,23.11,Healthy
2024-12-05 05:00:00,21.05,22.7,36.0,43.3,21.0,5.81,21.9,0,2,1,5,0,3,35,21.35,0.45,-0.65,23.09,Healthy
2024-12-05 05:15:00,20.96,22.67,36.0,43.3,21.0,5.8,21.9,0,2,1,5,0,3,35,21.38,0.41,-0.57,23.07,Healthy
2024-12-05 05:30:00,20.89,22.63,35.0,44.1,21.0,5.79,21.8,0,2,1,5,0,3,35,21.39,0.4,-0.37,23.07,Healthy
2024-12-05 05:45:00,20.89,22.63,35.0,45.2,20.8,5.79,21.8,0,2,1,5,0,3,35,21.4,0.39,-0.37,22.98,Healthy
2024-12-05 06:00:00,20.85,22.58,35.0,46.9,20.5,5.78,21.8,0,2,1,6,1,3,35,21.31,0.39,-0.2,22.92,Healthy
2024-12-05 06:15:00,20.83,22.51,35.0,46.9,20.5,5.77,21.7,0,2,1,6,1,3,35,21.23,0.38,-0.13,22.88,Healthy
2024-12-05 06:30:00,20.82,22.46,35.0,48.6,20.3,5.77,21.7,0,2,1,6,1,3,35,21.15,0.35,-0.07,22.88,Healthy
2024-12-05 06:45:00,20.82,22.46,35.0,49.3,20.7,5.77,21.7,0,2,1,6,1,3,35,21.07,0.3,-0.07,22.85,Healthy
2024-12-05 07:00:00,20.8,22.42,36.0,50.0,21.2,5.77,21.7,0,2,1,7,1,3,35,21.0,0.23,-0.05,22.8,Healthy
2024-12-05 07:15:00,20.73,22.45,35.0,50.0,21.2,5.75,21.8,0,2,1,7,1,3,35,20.93,0.17,-0.1,22.77,Healthy
2024-12-05 07:30:00,20.68,22.48,35.0,50.1,21.9,5.75,21.9,0,2,1,7,1,3,35,20.88,0.15,-0.14,22.77,Healthy
2024-12-05 07:45:00,20.68,22.48,35.0,49.2,23.3,5.75,21.9,0,2,1,7,1,3,35,20.83,0.11,-0.14,22.7,Healthy
2024-12-05 08:00:00,20.62,22.59,35.0,45.7,23.7,5.74,22.2,0,2,1,8,1,3,35,20.8,0.1,-0.18,22.67,Healthy
2024-12-05 08:15:00,20.54,22.73,35.0,45.7,23.7,5.73,22.4,0,2,1,8,1,3,35,20.76,0.11,-0.19,22.73,Healthy
2024-12-05 08:30:00,20.37,22.97,34.0,44.2,24.6,5.7,23.0,0,2,1,8,1,3,35,20.72,0.15,-0.31,22.97,Healthy
2024-12-05 08:45:00,20.37,22.97,34.0,40.1,30.4,5.7,23.0,0,2,1,8,1,3,35,20.68,0.17,-0.31,22.97,Healthy
2024-12-05 09:00:00,20.17,23.4,33.0,36.7,31.3,5.67,23.7,0,2,1,9,1,3,35,20.62,0.22,-0.45,23.4,Healthy
2024-12-05 09:15:00,20.07,23.69,33.0,36.7,31.3,5.65,23.9,0,2,1,9,1,3,35,20.56,0.26,-0.47,23.69,Healthy
2024-12-05 09:30:00,19.92,24.01,32.0,29.3,34.4,5.62,24.5,0,2,1,9,1,3,35,20.48,0.3,-0.45,24.01,Healthy
2024-12-05 09:45:00,19.92,24.01,32.0,22.9,31.6,5.62,24.5,0,2,1,9,1,3,36,20.41,0.32,-0.45,24.01,Healthy
2024-12-05 10:00:00,19.93,24.14,32.0,20.6,28.1,5.64,24.2,0,2,1,10,1,3,36,20.33,0.32,-0.24,24.14,Healthy
2024-12-05 10:15:00,19.83,24.24,32.0,20.6,28.1,5.62,24.7,0,2,1,10,1,3,36,20.26,0.32,-0.24,24.24,Healthy
2024-12-05 10:30:00,19.72,24.51,32.0,12.1,33.9,5.62,24.8,0,2,1,10,1,3,36,20.18,0.33,-0.2,24.51,Healthy
2024-12-05 10:45:00,19.72,24.51,32.0,8.7,34.5,5.62,24.8,0,2,1,10,1,3,36,20.1,0.31,-0.2,24.51,Healthy
2024-12-05 11:00:00,19.63,24.63,31.0,7.0,31.9,5.61,24.9,0,2,1,11,1,3,36,20.02,0.29,-0.3,24.63,Healthy
2024-12-05 11:15:00,19.5,24.79,31.0,7.0,31.9,5.59,25.4,0,2,1,11,1,3,36,19.93,0.28,-0.33,24.79,Healthy
2024-12-05 11:30:00,19.37,25.13,31.0,4.0,36.1,5.55,26.2,0,2,1,11,1,3,36,19.85,0.28,-0.35,25.13,Healthy
2024-12-05 11:45:00,19.37,25.13,31.0,2.1,42.8,5.55,26.2,0,2,1,11,1,3,36,19.76,0.26,-0.35,25.13,Healthy
2024-12-05 12:00:00,19.19,25.45,30.0,1.8,42.3,5.51,27.3,0,2,1,12,1,3,36,19.68,0.27,-0.44,25.45,Healthy
2024-12-05 12:15:00,18.99,25.78,30.0,1.8,42.3,5.5,27.4,0,2,1,12,1,3,36,19.59,0.31,-0.51,25.78,Healthy
2024-12-05 12:30:00,18.83,25.99,30.0,1.6,36.2,5.51,27.4,0,2,1,12,1,3,36,19.5,0.36,-0.54,25.99,Healthy
2024-12-05 12:45:00,18.83,25.99,30.0,1.7,39.0,5.51,27.4,0,2,1,12,1,3,36,19.41,0.38,-0.54,25.99,Healthy
2024-12-05 13:00:00,18.73,26.26,30.0,1.5,37.9,5.5,27.5,0,2,1,13,1,3,36,19.31,0.39,-0.46,26.26,Healthy
2024-12-05 13:15:00,18.69,26.37,30.0,1.5,37.9,5.53,26.8,0,2,1,13,1,3,36,19.21,0.39,-0.3,26.37,Healthy
2024-12-05 13:30:00,18.46,26.59,29.0,1.6,42.9,5.51,27.3,0,2,1,13,1,3,36,19.11,0.41,-0.37,26.59,Healthy
2024-12-05 13:45:00,18.46,26.59,29.0,1.6,41.1,5.51,27.3,0,2,1,13,1,3,36,19.0,0.4,-0.37,26.59,Healthy
2024-12-05 14:00:00,18.19,26.89,29.0,1.4,33.5,5.47,27.9,0,2,1,14,1,3,36,18.88,0.41,-0.54,26.89,Healthy
2024-12-05 14:15:00,18.16,26.91,29.0,1.4,33.5,5.5,27.3,0,2,1,14,1,3,36,18.77,0.41,-0.53,26.91,Healthy
2024-12-05 14:30:00,18.0,27.02,28.0,1.5,31.8,5.48,27.6,0,2,1,14,1,3,36,18.66,0.42,-0.46,27.02,Moderately Stressed
2024-12-05 14:45:00,18.0,27.02,28.0,1.6,33.6,5.48,27.6,0,2,1,14,1,3,36,18.54,0.39,-0.46,27.02,Moderately Stressed
2024-12-05 15:00:00,17.95,27.11,28.0,1.5,35.0,5.49,27.4,0,2,1,15,1,3,36,18.44,0.37,-0.24,27.11,Moderately Stressed
2024-12-05 15:15:00,17.99,27.01,28.0,1.5,35.0,5.51,26.9,0,2,1,15,1,3,36,18.36,0.35,-0.17,27.11,Moderately Stressed
2024-12-05 15:30:00,18.02,26.81,28.0,1.9,29.1,5.52,26.8,0,2,1,15,1,3,36,18.29,0.33,0.02,27.11,Healthy
2024-12-05 15:45:00,18.02,26.81,28.0,2.0,29.3,5.52,26.8,0,2,1,15,1,3,36,18.22,0.29,0.02,27.11,Healthy
2024-12-05 16:00:00,17.98,26.76,28.0,1.9,29.1,5.5,27.0,0,2,1,16,1,3,36,18.16,0.24,0.03,27.11,Moderately Stressed
2024-12-05 16:15:00,17.85,26.75,28.0,1.9,29.1,5.48,27.4,0,2,1,16,1,3,36,18.09,0.19,-0.14,27.11,Moderately Stressed
2024-12-05 16:30:00,17.93,26.72,28.0,2.1,28.3,5.48,27.3,0,2,1,16,1,3,36,18.05,0.16,-0.09,27.11,Moderately Stressed
2024-12-05 16:45:00,17.93,26.72,28.0,2.5,27.1,5.48,27.3,0,2,1,16,1,3,36,18.0,0.09,-0.09,27.11,Moderately Stressed
2024-12-05 17:00:00,17.86,26.6,28.0,3.1,26.2,5.49,27.1,0,2,1,17,1,3,36,17.97,0.08,-0.12,27.11,Moderately Stressed
2024-12-05 17:15:00,17.87,26.5,28.0,3.1,26.2,5.5,26.7,0,2,1,17,1,3,36,17.95,0.06,0.02,27.11,Moderately Stressed
2024-12-05 17:30:00,17.96,26.4,29.0,3.1,26.0,5.52,26.4,0,2,1,17,1,3,36,17.95,0.06,0.03,27.11,Moderately Stressed
2024-12-05 17:45:00,17.96,26.4,29.0,3.3,25.8,5.52,26.4,0,2,1,17,1,3,36,17.94,0.06,0.03,27.11,Moderately Stressed
2024-12-05 18:00:00,17.99,26.28,29.0,4.5,24.9,5.53,26.0,0,2,1,18,1,3,36,17.95,0.06,0.13,27.01,Moderately Stressed
2024-12-05 18:15:00,18.04,26.12,29.0,4.5,24.9,5.54,25.7,0,2,1,18,1,3,36,17.95,0.06,0.17,26.81,Healthy
2024-12-05 18:30:00,24.67,25.52,44.0,5.9,24.3,5.89,22.4,0,2,1,18,1,3,36,18.5,1.94,6.71,26.81,Healthy
2024-12-05 18:45:00,24.67,25.52,44.0,69.4,22.0,5.89,22.4,1,4,2,18,1,3,36,19.06,2.62,6.71,26.76,Healthy
2024-12-05 19:00:00,23.74,25.13,44.0,49.9,22.5,5.67,23.4,1,3,1,19,0,3,36,19.54,2.92,5.75,26.75,Healthy
2024-12-05 19:15:00,22.4,25.16,42.0,49.9,22.5,5.63,24.0,0,2,1,19,0,3,36,19.92,2.97,4.36,26.72,Healthy
2024-12-05 19:30:00,21.73,25.06,40.0,49.6,22.3,5.61,23.9,0,2,1,19,0,3,36,20.24,2.94,-2.94,26.72,Healthy
2024-12-05 19:45:00,21.73,25.06,40.0,49.3,22.2,5.61,23.9,0,2,1,19,0,3,36,20.55,2.88,-2.94,26.6,Healthy
2024-12-05 20:00:00,21.37,24.95,39.0,47.7,22.4,5.59,23.9,0,2,1,20,0,3,36,20.84,2.75,-2.37,26.5,Healthy
2024-12-05 20:15:00,21.22,24.85,39.0,47.7,22.4,5.58,23.9,0,2,1,20,0,3,36,21.12,2.59,-1.18,26.4,Healthy
2024-12-05 20:30:00,21.02,24.78,39.0,47.7,22.5,5.58,23.8,0,2,1,20,0,3,36,21.38,2.39,-0.71,26.4,Healthy
2024-12-05 20:45:00,21.02,24.78,39.0,48.3,22.5,5.58,23.8,0,2,1,20,0,3,36,21.63,2.15,-0.71,26.28,Healthy
2024-12-05 21:00:00,20.89,24.7,39.0,46.6,22.4,5.57,23.8,0,2,1,21,0,3,36,21.88,1.84,-0.48,26.12,Healthy
2024-12-05 21:15:00,20.79,24.6,39.0,46.6,22.4,5.58,23.6,0,2,1,21,0,3,36,22.1,1.45,-0.43,25.52,Healthy
2024-12-05 21:30:00,20.73,24.51,39.0,49.0,22.3,5.58,23.6,0,2,1,21,0,3,36,21.78,1.25,-0.29,25.52,Healthy
2024-12-05 21:45:00,20.73,24.51,39.0,49.9,22.2,5.58,23.6,0,2,1,21,0,3,36,21.45,0.88,-0.29,25.16,Healthy
2024-12-05 22:00:00,20.68,24.42,39.0,50.8,22.1,5.59,23.5,0,2,1,22,0,3,36,21.19,0.53,-0.21,25.16,Healthy
2024-12-05 22:15:00,20.69,24.32,40.0,50.8,22.1,5.57,23.4,0,2,1,22,0,3,36,21.05,0.38,-0.1,25.06,Healthy
2024-12-05 22:30:00,20.6,24.22,40.0,50.6,21.9,5.57,23.2,0,2,1,22,0,3,36,20.96,0.34,-0.13,25.06,Healthy
2024-12-05 22:45:00,20.6,24.22,40.0,49.8,21.8,5.57,23.2,0,2,1,22,0,3,36,20.86,0.25,-0.13,24.95,Healthy
2024-12-05 23:00:00,20.48,24.12,39.0,48.7,21.7,5.56,23.2,0,2,1,23,0,3,36,20.79,0.21,-0.2,24.85,Healthy
2024-12-05 23:15:00,20.38,24.02,39.0,48.7,21.7,5.58,23.0,0,2,1,23,0,3,36,20.72,0.2,-0.31,24.78,Healthy
2024-12-05 23:30:00,20.3,23.97,38.0,48.7,21.7,5.57,23.0,0,2,1,23,0,3,36,20.66,0.2,-0.3,24.78,Healthy
2024-12-05 23:45:00,20.3,23.97,38.0,48.4,21.6,5.57,23.0,0,2,1,23,0,3,36,20.6,0.19,-0.3,24.7,Healthy
2024-12-06 00:00:00,20.23,23.87,37.0,46.6,21.4,5.58,22.9,0,2,1,0,0,4,36,20.54,0.2,-0.25,24.6,Healthy
2024-12-06 00:15:00,20.08,23.8,36.0,46.6,21.4,5.58,22.8,0,2,1,0,0,4,36,20.48,0.22,-0.3,24.51,Healthy
2024-12-06 00:30:00,20.03,23.71,36.0,46.1,21.4,5.57,22.8,0,2,1,0,0,4,36,20.42,0.24,-0.27,24.51,Healthy
2024-12-06 00:45:00,20.03,23.71,36.0,46.0,21.4,5.57,22.8,0,2,1,0,0,4,36,20.37,0.25,-0.27,24.42,Healthy
2024-12-06 01:00:00,19.98,23.64,36.0,46.9,21.3,5.58,22.7,0,2,1,1,0,4,36,20.31,0.25,-0.25,24.32,Healthy
2024-12-06 01:15:00,19.93,23.59,35.0,46.9,21.3,5.58,22.5,0,2,1,1,0,4,36,20.24,0.24,-0.15,24.22,Healthy
2024-12-06 01:30:00,19.88,23.5,35.0,48.0,21.1,5.58,22.5,0,2,1,1,0,4,36,20.18,0.23,-0.15,24.22,Healthy
2024-12-06 01:45:00,19.88,23.5,35.0,51.6,21.3,5.58,22.5,0,2,1,1,0,4,36,20.12,0.21,-0.15,24.12,Healthy
2024-12-06 02:00:00,19.85,23.46,35.0,48.3,21.1,5.57,22.5,0,2,1,2,0,4,36,20.07,0.19,-0.13,24.02,Healthy
2024-12-06 02:15:00,19.83,23.4,34.0,48.3,21.1,5.57,22.4,0,2,1,2,0,4,36,20.03,0.17,-0.1,23.97,Healthy
2024-12-06 02:30:00,19.8,23.37,34.0,46.8,21.3,5.55,22.4,0,2,1,2,0,4,36,19.98,0.16,-0.08,23.97,Healthy
2024-12-06 02:45:00,19.8,23.37,34.0,46.1,21.3,5.55,22.4,0,2,1,2,0,4,36,19.94,0.13,-0.08,23.87,Healthy
2024-12-06 03:00:00,19.8,23.3,34.0,45.1,21.3,5.57,22.3,0,2,1,3,0,4,36,19.91,0.1,-0.05,23.8,Healthy
2024-12-06 03:15:00,19.78,23.29,34.0,45.1,21.3,5.59,22.3,0,2,1,3,0,4,36,19.88,0.09,-0.05,23.71,Healthy
2024-12-06 03:30:00,19.76,23.24,34.0,44.5,21.2,5.59,22.3,0,2,1,3,0,4,36,19.86,0.08,-0.04,23.71,Healthy
2024-12-06 03:45:00,19.76,23.24,34.0,44.1,21.1,5.59,22.3,0,2,1,3,0,4,36,19.84,0.07,-0.04,23.64,Healthy
2024-12-06 04:00:00,19.75,23.19,34.0,44.0,21.1,5.59,22.3,0,2,1,4,0,4,36,19.82,0.06,-0.05,23.59,Healthy
2024-12-06 04:15:00,19.72,23.18,34.0,44.0,21.1,5.59,22.3,0,2,1,4,0,4,36,19.8,0.05,-0.06,23.5,Healthy
2024-12-06 04:30:00,19.72,23.11,33.0,43.0,21.2,5.6,22.2,0,2,1,4,0,4,36,19.79,0.05,-0.04,23.5,Healthy
2024-12-06 04:45:00,19.72,23.11,33.0,42.2,20.9,5.6,22.2,0,2,1,4,0,4,36,19.77,0.04,-0.04,23.46,Healthy
2024-12-06 05:00:00,19.7,23.08,33.0,43.7,20.7,5.6,22.1,0,2,1,5,0,4,36,19.76,0.04,-0.05,23.4,Healthy
2024-12-06 05:15:00,19.68,23.0,33.0,43.7,20.7,5.6,22.1,0,2,1,5,0,4,36,19.75,0.04,-0.04,23.37,Healthy
2024-12-06 05:30:00,19.67,22.98,33.0,45.5,20.7,5.59,22.1,0,2,1,5,0,4,36,19.74,0.04,-0.05,23.37,Healthy
2024-12-06 05:45:00,19.67,22.98,33.0,44.6,20.9,5.59,22.1,0,2,1,5,0,4,36,19.73,0.04,-0.05,23.3,Healthy
2024-12-06 06:00:00,19.67,22.94,33.0,44.1,20.8,5.6,22.1,0,2,1,6,1,4,36,19.72,0.04,-0.03,23.29,Healthy
2024-12-06 06:15:00,19.66,22.88,33.0,44.1,20.8,5.6,22.0,0,2,1,6,1,4,36,19.71,0.04,-0.02,23.24,Healthy
2024-12-06 06:30:00,19.66,22.79,33.0,46.6,20.2,5.59,21.8,0,2,1,6,1,4,36,19.7,0.04,-0.01,23.24,Healthy
2024-12-06 06:45:00,19.66,22.79,33.0,48.6,20.1,5.59,21.8,0,2,1,6,1,4,36,19.69,0.03,-0.01,23.19,Healthy
2024-12-06 07:00:00,19.65,22.74,33.0,48.7,20.8,5.58,21.8,0,2,1,7,1,4,36,19.68,0.03,-0.02,23.18,Healthy
2024-12-06 07:15:00,19.62,22.73,33.0,48.7,20.8,5.57,22.1,0,2,1,7,1,4,36,19.67,0.03,-0.04,23.11,Healthy
2024-12-06 07:30:00,19.59,22.78,33.0,47.1,21.9,5.56,22.2,0,2,1,7,1,4,36,19.66,0.03,-0.07,23.11,Healthy
2024-12-06 07:45:00,19.59,22.78,33.0,46.1,22.1,5.56,22.2,0,2,1,7,1,4,36,19.65,0.03,-0.07,23.08,Healthy
2024-12-06 08:00:00,19.58,22.79,33.0,45.1,22.6,5.56,22.2,0,2,1,8,1,4,36,19.64,0.04,-0.07,23.0,Healthy
2024-12-06 08:15:00,19.52,22.88,33.0,45.1,22.6,5.55,22.5,0,2,1,8,1,4,36,19.63,0.05,-0.1,22.98,Healthy
2024-12-06 08:30:00,19.44,23.02,33.0,40.4,23.8,5.55,22.8,0,2,1,8,1,4,36,19.61,0.07,-0.15,23.02,Healthy
2024-12-06 08:45:00,19.44,23.02,33.0,32.8,28.9,5.55,22.8,0,2,1,8,1,4,36,19.59,0.08,-0.15,23.02,Healthy
2024-12-06 09:00:00,19.27,23.42,32.0,30.8,32.5,5.52,23.4,0,2,1,9,1,4,36,19.56,0.12,-0.31,23.42,Healthy
2024-12-06 09:15:00,19.04,23.89,32.0,30.8,32.5,5.5,24.0,0,1,0,9,1,4,36,19.5,0.19,-0.48,23.89,Healthy
2024-12-06 09:30:00,18.81,24.32,31.0,26.3,39.1,5.47,24.5,0,1,0,9,1,4,36,19.43,0.27,-0.63,24.32,Healthy
2024-12-06 09:45:00,18.81,24.32,31.0,23.3,33.9,5.47,24.5,0,1,0,9,1,4,37,19.36,0.31,-0.63,24.32,Healthy
2024-12-06 10:00:00,18.56,24.72,31.0,17.9,37.9,5.43,25.1,0,1,0,10,1,4,37,19.27,0.37,-0.71,24.72,Healthy
2024-12-06 10:15:00,18.36,25.14,30.0,17.9,37.9,5.39,26.0,0,1,0,10,1,4,37,19.17,0.44,-0.68,25.14,Healthy
2024-12-06 10:30:00,18.0,25.53,29.0,5.0,41.7,5.34,26.8,0,1,0,10,1,4,37,19.04,0.53,-0.81,25.53,Moderately Stressed
2024-12-06 10:45:00,18.0,25.53,29.0,4.4,41.1,5.34,26.8,0,1,0,10,1,4,37,18.9,0.57,-0.81,25.53,Moderately Stressed
2024-12-06 11:00:00,17.86,25.79,29.0,4.4,39.4,5.26,28.1,0,1,0,11,1,4,37,18.76,0.6,-0.7,25.79,Moderately Stressed
2024-12-06 11:15:00,17.69,26.12,28.0,4.4,39.4,5.18,29.4,0,1,0,11,1,4,37,18.61,0.62,-0.67,26.12,Moderately Stressed
2024-12-06 11:30:00,17.47,26.39,28.0,4.3,36.7,5.14,30.1,0,1,0,11,1,4,37,18.44,0.64,-0.53,26.39,Moderately Stressed
2024-12-06 11:45:00,17.47,26.39,28.0,4.5,35.6,5.14,30.1,0,1,0,11,1,4,37,18.28,0.62,-0.53,26.39,Moderately Stressed
2024-12-06 12:00:00,17.21,26.79,28.0,4.7,34.8,5.12,30.3,0,1,0,12,1,4,37,18.11,0.6,-0.65,26.79,Moderately Stressed
2024-12-06 12:15:00,17.18,27.0,27.0,4.7,34.8,5.2,29.2,0,1,0,12,1,4,37,17.95,0.58,-0.51,27.0,Moderately Stressed
2024-12-06 12:30:00,17.01,27.08,27.0,4.9,33.5,5.23,29.5,0,1,0,12,1,4,37,17.8,0.57,-0.46,27.08,Moderately Stressed
2024-12-06 12:45:00,17.01,27.08,27.0,5.1,35.3,5.23,29.5,0,1,0,12,1,4,37,17.65,0.52,-0.46,27.08,Moderately Stressed
2024-12-06 13:00:00,16.84,27.32,27.0,5.3,33.1,5.29,29.0,0,1,0,13,1,4,37,17.51,0.48,-0.37,27.32,Moderately Stressed
2024-12-06 13:15:00,16.66,27.42,27.0,5.3,33.1,5.31,29.0,0,1,0,13,1,4,37,17.37,0.45,-0.52,27.42,Moderately Stressed
2024-12-06 13:30:00,16.42,27.72,26.0,5.5,34.6,5.3,29.6,0,1,0,13,1,4,37,17.24,0.48,-0.59,27.72,Moderately Stressed
2024-12-06 13:45:00,16.42,27.72,26.0,5.5,34.8,5.3,29.6,0,1,0,13,1,4,37,17.1,0.47,-0.59,27.72,Moderately Stressed
2024-12-06 14:00:00,16.16,28.05,26.0,5.3,35.2,5.28,30.1,0,1,0,14,1,4,37,16.96,0.48,-0.68,28.05,Moderately Stressed
2024-12-06 14:15:00,16.09,28.24,26.0,5.3,35.2,5.29,30.0,0,1,0,14,1,4,37,16.83,0.48,-0.57,28.24,Moderately Stressed
2024-12-06 14:30:00,16.1,28.27,26.0,5.3,32.4,5.37,29.0,0,1,0,14,1,4,37,16.71,0.47,-0.32,28.27,Moderately Stressed
2024-12-06 14:45:00,16.1,28.27,26.0,5.7,30.4,5.37,29.0,0,1,0,14,1,4,37,16.6,0.44,-0.32,28.27,Moderately Stressed
2024-12-06 15:00:00,16.0,28.27,26.0,6.1,29.8,5.37,29.1,0,1,0,15,1,4,37,16.5,0.43,-0.16,28.27,Moderately Stressed
2024-12-06 15:15:00,16.04,28.06,26.0,6.1,29.8,5.4,28.5,0,1,0,15,1,4,37,16.4,0.38,-0.05,28.27,Moderately Stressed
2024-12-06 15:30:00,16.1,27.82,26.0,7.2,28.3,5.43,28.1,0,1,0,15,1,4,37,16.33,0.34,0.0,28.27,Moderately Stressed
2024-12-06 15:45:00,16.1,27.82,26.0,7.5,27.5,5.43,28.1,0,1,0,15,1,4,37,16.25,0.27,0.0,28.27,Moderately Stressed
2024-12-06 16:00:00,16.34,27.58,27.0,8.9,26.7,5.44,27.7,0,2,1,16,1,4,37,16.21,0.2,0.34,28.27,Moderately Stressed
2024-12-06 16:15:00,16.83,27.33,33.0,8.9,26.7,5.44,27.8,0,1,0,16,1,4,37,16.22,0.24,0.79,28.27,Moderately Stressed
2024-12-06 16:30:00,16.5,27.27,30.0,9.0,27.8,5.44,27.7,0,1,0,16,1,4,37,16.23,0.25,0.4,28.27,Moderately Stressed
2024-12-06 16:45:00,16.5,27.27,30.0,9.7,26.7,5.44,27.7,0,1,0,16,1,4,37,16.24,0.25,0.4,28.27,Moderately Stressed
2024-12-06 17:00:00,16.38,27.12,29.0,10.5,25.8,5.45,27.6,0,1,0,17,1,4,37,16.26,0.25,0.04,28.27,Moderately Stressed
2024-12-06 17:15:00,16.35,27.01,29.0,10.5,25.8,5.46,27.3,0,1,0,17,1,4,37,16.28,0.25,-0.48,28.27,Moderately Stressed
2024-12-06 17:30:00,16.44,26.8,29.0,12.0,24.8,5.47,26.8,0,1,0,17,1,4,37,16.31,0.25,-0.06,28.27,Moderately Stressed
2024-12-06 17:45:00,16.44,26.8,29.0,13.0,23.7,5.47,26.8,0,1,0,17,1,4,37,16.34,0.24,-0.06,28.27,Moderately Stressed
2024-12-06 18:00:00,16.52,26.59,29.0,15.9,22.6,5.5,26.3,0,1,0,18,1,4,37,16.38,0.22,0.14,28.06,Moderately Stressed
2024-12-06 18:15:00,16.58,26.37,29.0,15.9,22.6,5.5,26.0,0,1,0,18,1,4,37,16.42,0.2,0.23,27.82,Moderately Stressed
2024-12-06 18:30:00,16.65,26.16,29.0,19.3,22.0,5.51,25.7,0,1,0,18,1,4,37,16.47,0.18,0.21,27.82,Moderately Stressed
2024-12-06 18:45:00,16.65,26.16,29.0,22.0,21.6,5.51,25.7,0,1,0,18,1,4,37,16.52,0.14,0.21,27.58,Moderately Stressed
2024-12-06 19:00:00,16.72,25.95,29.0,22.0,21.6,5.52,25.4,0,1,0,19,0,4,37,16.55,0.14,0.2,27.33,Moderately Stressed
2024-12-06 19:15:00,16.78,25.76,29.0,26.8,21.1,5.51,25.6,0,1,0,19,0,4,37,16.54,0.14,0.2,27.27,Moderately Stressed
2024-12-06 19:30:00,16.83,25.56,29.0,26.8,21.1,5.54,24.9,0,1,0,19,0,4,37,16.57,0.16,0.18,27.27,Moderately Stressed
2024-12-06 19:45:00,16.83,25.56,29.0,28.9,20.9,5.54,24.9,0,1,0,19,0,4,37,16.6,0.17,0.18,27.12,Moderately Stressed
2024-12-06 20:00:00,16.87,25.39,29.0,30.1,20.7,5.55,24.7,0,1,0,20,0,4,37,16.64,0.17,0.15,27.01,Moderately Stressed
2024-12-06 20:15:00,16.91,25.24,29.0,30.1,20.7,5.54,24.5,0,1,0,20,0,4,37,16.68,0.16,0.13,26.8,Moderately Stressed
2024-12-06 20:30:00,16.94,25.06,29.0,32.4,20.4,5.54,24.3,0,1,0,20,0,4,37,16.73,0.16,0.11,26.8,Moderately Stressed
2024-12-06 20:45:00,16.94,25.06,29.0,32.4,20.4,5.54,24.3,0,1,0,20,0,4,37,16.77,0.14,0.11,26.59,Moderately Stressed
2024-12-06 21:00:00,16.97,24.93,29.0,33.2,20.3,5.55,24.2,0,1,0,21,0,4,37,16.81,0.13,0.1,26.37,Moderately Stressed
2024-12-06 21:15:00,17.0,24.79,28.0,33.2,20.3,5.55,24.0,0,1,0,21,0,4,37,16.84,0.12,0.09,26.16,Moderately Stressed
2024-12-06 21:30:00,17.02,24.64,29.0,34.7,20.2,5.55,23.8,0,1,0,21,0,4,37,16.87,0.11,0.08,26.16,Moderately Stressed
2024-12-06 21:45:00,17.02,24.64,29.0,35.6,20.0,5.55,23.8,0,1,0,21,0,4,37,16.9,0.1,0.08,25.95,Moderately Stressed
2024-12-06 22:00:00,17.04,24.52,29.0,35.6,19.9,5.54,23.7,0,1,0,22,0,4,37,16.93,0.09,0.07,25.76,Moderately Stressed
2024-12-06 22:15:00,17.07,24.41,29.0,35.6,19.9,5.54,23.6,0,1,0,22,0,4,37,16.95,0.08,0.07,25.56,Moderately Stressed
2024-12-06 22:30:00,17.09,24.27,29.0,36.0,19.8,5.56,23.3,0,1,0,22,0,4,37,16.97,0.08,0.07,25.56,Moderately Stressed
2024-12-06 22:45:00,17.09,24.27,29.0,35.9,19.7,5.56,23.3,0,1,0,22,0,4,37,17.0,0.07,0.07,25.39,Moderately Stressed
2024-12-06 23:00:00,17.12,24.13,29.0,36.0,19.5,5.55,23.2,0,1,0,23,0,4,37,17.02,0.07,0.08,25.24,Moderately Stressed
2024-12-06 23:15:00,17.26,24.01,30.0,36.0,19.5,5.55,23.0,0,1,0,23,0,4,37,17.05,0.09,0.19,25.06,Moderately Stressed
2024-12-06 23:30:00,17.26,23.9,30.0,36.0,19.3,5.55,22.9,0,1,0,23,0,4,37,17.07,0.1,0.17,25.06,Moderately Stressed
2024-12-06 23:45:00,17.26,23.9,30.0,35.1,19.3,5.55,22.9,0,1,0,23,0,4,37,17.1,0.11,0.17,24.93,Moderately Stressed
2024-12-07 00:00:00,17.75,23.77,33.0,33.9,19.2,5.55,22.8,0,1,0,0,0,5,37,17.16,0.21,0.63,24.79,Moderately Stressed
2024-12-07 00:15:00,17.71,23.62,34.0,33.9,19.2,5.54,22.7,0,1,0,0,0,5,37,17.22,0.25,0.45,24.64,Moderately Stressed
2024-12-07 00:30:00,17.83,23.52,34.0,32.7,19.1,5.55,22.5,0,1,0,0,0,5,37,17.29,0.3,0.57,24.64,Moderately Stressed
2024-12-07 00:45:00,17.83,23.52,34.0,32.3,19.1,5.55,22.5,0,1,0,0,0,5,37,17.36,0.32,0.57,24.52,Moderately Stressed
2024-12-07 01:00:00,17.84,23.42,35.0,32.7,19.1,5.55,22.4,0,1,0,1,0,5,37,17.43,0.33,0.09,24.41,Moderately Stressed
2024-12-07 01:15:00,17.85,23.33,35.0,32.7,19.1,5.55,22.3,0,1,0,1,0,5,37,17.49,0.33,0.14,24.27,Moderately Stressed
2024-12-07 01:30:00,17.91,23.23,35.0,31.2,19.0,5.55,22.2,0,1,0,1,0,5,37,17.56,0.33,0.08,24.27,Moderately Stressed
2024-12-07 01:45:00,17.91,23.23,35.0,30.4,18.9,5.55,22.2,0,1,0,1,0,5,37,17.63,0.3,0.08,24.13,Moderately Stressed
2024-12-07 02:00:00,17.99,23.16,35.0,30.4,18.7,5.54,22.1,0,1,0,2,0,5,37,17.7,0.27,0.15,24.01,Moderately Stressed
2024-12-07 02:15:00,17.96,23.06,35.0,30.4,18.7,5.55,22.0,0,1,0,2,0,5,37,17.76,0.25,0.11,23.9,Moderately Stressed
2024-12-07 02:30:00,18.01,22.97,35.0,29.6,18.8,5.55,21.9,0,1,0,2,0,5,37,17.82,0.2,0.1,23.9,Healthy
2024-12-07 02:45:00,18.01,22.97,35.0,29.2,18.9,5.55,21.9,0,1,0,2,0,5,37,17.88,0.1,0.1,23.77,Healthy
2024-12-07 03:00:00,18.23,22.88,37.0,28.8,19.5,5.55,21.8,0,1,0,3,0,5,37,17.92,0.13,0.24,23.62,Healthy
2024-12-07 03:15:00,18.13,22.86,35.0,28.8,19.5,5.54,21.9,0,1,0,3,0,5,37,17.96,0.13,0.17,23.52,Healthy
2024-12-07 03:30:00,18.11,22.82,35.0,27.8,19.6,5.54,21.9,0,1,0,3,0,5,37,17.98,0.13,0.1,23.52,Healthy
2024-12-07 03:45:00,18.11,22.82,35.0,27.6,19.2,5.54,21.9,0,1,0,3,0,5,37,18.0,0.12,0.1,23.42,Healthy
2024-12-07 04:00:00,18.14,22.77,35.0,27.0,18.9,5.53,21.8,0,1,0,4,0,5,37,18.03,0.11,-0.09,23.33,Healthy
2024-12-07 04:15:00,18.16,22.68,35.0,27.0,18.9,5.54,21.7,0,1,0,4,0,5,37,18.06,0.1,0.03,23.23,Healthy
2024-12-07 04:30:00,18.17,22.59,35.0,26.9,18.7,5.53,21.7,0,1,0,4,0,5,37,18.08,0.1,0.06,23.23,Healthy
2024-12-07 04:45:00,18.17,22.59,35.0,27.0,18.9,5.53,21.7,1,3,1,4,0,5,37,18.1,0.09,0.06,23.16,Healthy
2024-12-07 05:00:00,18.18,22.56,35.0,27.0,19.1,5.53,21.6,0,2,1,5,0,5,37,18.11,0.08,0.04,23.06,Healthy
2024-12-07 05:15:00,18.5,22.52,37.0,27.0,19.1,5.53,21.6,0,2,1,5,0,5,37,18.16,0.13,0.34,22.97,Healthy
2024-12-07 05:30:00,18.33,22.48,36.0,26.4,19.4,5.53,21.6,0,2,1,5,0,5,37,18.19,0.12,0.16,22.97,Healthy
2024-12-07 05:45:00,18.33,22.48,36.0,25.9,19.5,5.53,21.6,0,2,1,5,0,5,37,18.21,0.12,0.16,22.88,Healthy
2024-12-07 06:00:00,18.33,22.48,36.0,25.6,19.6,5.53,21.6,0,2,1,6,1,5,37,18.22,0.12,0.15,22.86,Healthy
2024-12-07 06:15:00,18.28,22.47,36.0,25.6,19.6,5.52,21.6,0,2,1,6,1,5,37,18.23,0.12,-0.22,22.82,Healthy
2024-12-07 06:30:00,18.33,22.46,36.0,25.2,19.6,5.53,21.5,0,2,1,6,1,5,37,18.25,0.12,0.0,22.82,Healthy
2024-12-07 06:45:00,18.33,22.46,36.0,25.2,19.6,5.53,21.5,0,2,1,6,1,5,37,18.27,0.11,0.0,22.77,Healthy
2024-12-07 07:00:00,18.23,22.4,35.0,25.2,19.9,5.53,21.5,0,2,1,7,1,5,37,18.28,0.1,-0.1,22.68,Healthy
2024-12-07 07:15:00,18.19,22.4,35.0,25.2,19.9,5.52,21.5,0,2,1,7,1,5,37,18.28,0.1,-0.09,22.59,Healthy
2024-12-07 07:30:00,18.17,22.42,35.0,25.2,20.1,5.52,21.5,0,2,1,7,1,5,37,18.28,0.1,-0.16,22.59,Healthy
2024-12-07 07:45:00,18.17,22.42,35.0,24.7,20.4,5.52,21.5,0,2,1,7,1,5,37,18.28,0.1,-0.16,22.56,Healthy
2024-12-07 08:00:00,18.06,22.47,34.0,24.1,21.0,5.51,21.6,0,2,1,8,1,5,37,18.27,0.11,-0.17,22.52,Healthy
2024-12-07 08:15:00,17.96,22.54,34.0,24.1,21.0,5.5,21.8,0,2,1,8,1,5,37,18.23,0.12,-0.23,22.54,Moderately Stressed
2024-12-07 08:30:00,17.87,22.65,33.0,23.0,21.6,5.48,22.0,0,2,1,8,1,5,37,18.19,0.15,-0.3,22.65,Moderately Stressed
2024-12-07 08:45:00,17.87,22.65,33.0,23.0,21.6,5.48,22.0,0,2,1,8,1,5,37,18.15,0.17,-0.3,22.65,Moderately Stressed
2024-12-07 09:00:00,17.8,22.78,33.0,16.4,23.6,5.47,22.2,0,2,1,9,1,5,37,18.1,0.19,-0.26,22.78,Moderately Stressed
2024-12-07 09:15:00,17.64,23.01,33.0,16.4,23.6,5.44,22.7,0,2,1,9,1,5,37,18.05,0.22,-0.32,23.01,Moderately Stressed
2024-12-07 09:30:00,17.32,23.59,32.0,9.4,33.6,5.39,23.6,0,2,1,9,1,5,37,17.97,0.29,-0.55,23.59,Moderately Stressed
2024-12-07 09:45:00,17.32,23.59,32.0,5.6,31.6,5.39,23.6,0,2,1,9,1,5,38,17.88,0.32,-0.55,23.59,Moderately Stressed
2024-12-07 10:00:00,16.97,24.22,31.0,5.1,35.7,5.34,24.4,0,2,1,10,1,5,38,17.78,0.39,-0.83,24.22,Moderately Stressed
2024-12-07 10:15:00,16.61,24.82,31.0,5.1,35.7,5.27,25.4,0,2,1,10,1,5,38,17.65,0.49,-1.03,24.82,Moderately Stressed
2024-12-07 10:30:00,18.86,25.18,91.0,5.0,37.7,5.13,26.5,1,3,1,10,1,5,38,17.7,0.59,1.54,25.18,Healthy
2024-12-07 10:45:00,18.86,25.18,91.0,27.8,38.6,5.13,26.5,1,3,1,10,1,5,38,17.76,0.67,1.54,25.18,Healthy
2024-12-07 11:00:00,18.47,25.66,85.0,27.8,38.9,5.09,27.1,0,2,1,11,1,5,38,17.8,0.7,1.5,25.66,Healthy
2024-12-07 11:15:00,17.88,26.28,80.0,27.8,38.9,4.99,28.8,0,2,1,11,1,5,38,17.79,0.69,1.27,26.28,Moderately Stressed
2024-12-07 11:30:00,17.59,26.61,77.0,28.3,35.4,4.96,29.3,0,2,1,11,1,5,38,17.77,0.7,-1.27,26.61,Moderately Stressed
2024-12-07 11:45:00,17.59,26.61,77.0,28.6,34.8,4.96,29.3,0,2,1,11,1,5,38,17.74,0.7,-1.27,26.61,Moderately Stressed
2024-12-07 12:00:00,17.06,27.12,76.0,27.5,35.2,4.9,30.1,0,2,1,12,1,5,38,17.68,0.72,-1.41,27.12,Moderately Stressed
2024-12-07 12:15:00,16.83,27.46,74.0,27.5,35.2,4.91,29.7,0,2,1,12,1,5,38,17.61,0.76,-1.05,27.46,Moderately Stressed
2024-12-07 12:30:00,16.63,27.75,72.0,28.2,35.2,4.92,29.3,0,2,1,12,1,5,38,17.56,0.81,-0.96,27.75,Moderately Stressed
2024-12-07 12:45:00,16.63,27.75,72.0,29.7,29.9,4.92,29.3,0,2,1,12,1,5,38,17.5,0.85,-0.96,27.75,Moderately Stressed
2024-12-07 13:00:00,16.7,27.36,71.0,26.3,31.9,5.0,28.0,0,2,1,13,1,5,38,17.48,0.87,-0.36,27.75,Moderately Stressed
2024-12-07 13:15:00,16.4,27.33,70.0,26.3,31.9,5.0,28.4,0,2,1,13,1,5,38,17.46,0.89,-0.43,27.75,Moderately Stressed
2024-12-07 13:30:00,16.25,27.6,69.0,24.5,34.8,5.01,28.3,0,2,1,13,1,5,38,17.24,0.84,-0.38,27.75,Moderately Stressed
2024-12-07 13:45:00,16.25,27.6,69.0,27.4,30.7,5.01,28.3,0,2,1,13,1,5,38,17.02,0.71,-0.38,27.75,Moderately Stressed
2024-12-07 14:00:00,16.13,27.54,69.0,26.3,29.9,5.05,28.3,0,2,1,14,1,5,38,16.83,0.58,-0.57,27.75,Moderately Stressed
2024-12-07 14:15:00,16.07,27.51,69.0,26.3,29.9,5.06,28.3,0,2,1,14,1,5,38,16.68,0.52,-0.33,27.75,Moderately Stressed
2024-12-07 14:30:00,15.85,27.67,68.0,24.1,32.4,5.04,28.5,0,2,1,14,1,5,38,16.53,0.48,-0.4,27.75,Moderately Stressed
2024-12-07 14:45:00,15.85,27.67,68.0,23.0,32.6,5.04,28.5,0,2,1,14,1,5,38,16.39,0.39,-0.4,27.75,Moderately Stressed
2024-12-07 15:00:00,15.76,27.85,67.0,24.1,30.4,5.06,28.3,0,2,1,15,1,5,38,16.28,0.36,-0.37,27.85,Moderately Stressed
2024-12-07 15:15:00,15.76,27.83,67.0,24.1,30.4,5.09,28.1,0,2,1,15,1,5,38,16.19,0.35,-0.31,27.85,Moderately Stressed
2024-12-07 15:30:00,15.73,27.76,66.0,23.0,30.0,5.11,27.8,0,2,1,15,1,5,38,16.11,0.34,-0.12,27.85,Moderately Stressed
2024-12-07 15:45:00,15.73,27.76,66.0,23.4,28.9,5.11,27.8,0,2,1,15,1,5,38,16.04,0.31,-0.12,27.85,Moderately Stressed
2024-12-07 16:00:00,15.76,27.64,66.0,23.8,28.3,5.13,27.6,0,2,1,16,1,5,38,15.96,0.24,0.0,27.85,Moderately Stressed
2024-12-07 16:15:00,15.76,27.53,66.0,23.8,28.3,5.14,27.6,0,2,1,16,1,5,38,15.91,0.21,0.0,27.85,Moderately Stressed
2024-12-07 16:30:00,15.74,27.43,66.0,22.7,27.7,5.15,27.5,0,2,1,16,1,5,38,15.87,0.18,0.01,27.85,Moderately Stressed
2024-12-07 16:45:00,15.74,27.43,66.0,22.8,27.4,5.15,27.5,0,2,1,16,1,5,38,15.82,0.14,0.01,27.85,Moderately Stressed
2024-12-07 17:00:00,15.78,27.32,65.0,23.8,26.4,5.18,27.1,0,2,1,17,1,5,38,15.79,0.1,0.02,27.85,Moderately Stressed
2024-12-07 17:15:00,15.81,27.12,65.0,23.8,26.4,5.21,26.8,0,2,1,17,1,5,38,15.77,0.04,0.05,27.85,Moderately Stressed
2024-12-07 17:30:00,15.89,26.91,65.0,24.1,25.3,5.24,26.4,0,2,1,17,1,5,38,15.78,0.05,0.15,27.85,Moderately Stressed
2024-12-07 17:45:00,15.89,26.91,65.0,24.8,24.1,5.24,26.4,0,2,1,17,1,5,38,15.78,0.06,0.15,27.85,Moderately Stressed
2024-12-07 18:00:00,15.99,26.64,65.0,25.5,22.9,5.27,26.1,0,2,1,18,1,5,38,15.8,0.08,0.21,27.83,Moderately Stressed
2024-12-07 18:15:00,16.04,26.38,65.0,25.5,22.9,5.3,25.7,0,2,1,18,1,5,38,15.82,0.11,0.23,27.76,Moderately Stressed
2024-12-07 18:30:00,16.09,26.09,64.0,27.0,22.1,5.32,25.4,0,2,1,18,1,5,38,15.85,0.13,0.2,27.76,Moderately Stressed
2024-12-07 18:45:00,16.09,26.09,64.0,28.5,21.8,5.32,25.4,0,2,1,18,1,5,38,15.88,0.14,0.2,27.64,Moderately Stressed
2024-12-07 19:00:00,16.14,25.87,64.0,30.5,21.6,5.32,25.2,0,2,1,19,0,5,38,15.91,0.15,0.15,27.53,Moderately Stressed
2024-12-07 19:15:00,16.19,25.68,64.0,30.5,21.6,5.34,24.9,0,2,1,19,0,5,38,15.95,0.16,0.15,27.43,Moderately Stressed
2024-12-07 19:30:00,16.22,25.48,64.0,31.6,21.3,5.34,24.7,0,2,1,19,0,5,38,15.99,0.16,0.13,27.43,Moderately Stressed
2024-12-07 19:45:00,16.22,25.48,64.0,32.2,21.1,5.34,24.7,0,2,1,19,0,5,38,16.03,0.16,0.13,27.32,Moderately Stressed
2024-12-07 20:00:00,16.23,25.34,63.0,32.7,20.9,5.35,24.6,0,2,1,20,0,5,38,16.07,0.14,0.09,27.12,Moderately Stressed
2024-12-07 20:15:00,16.28,25.15,63.0,32.7,20.9,5.35,24.4,0,2,1,20,0,5,38,16.11,0.13,0.09,26.91,Moderately Stressed
2024-12-07 20:30:00,16.31,25.0,63.0,33.9,20.8,5.36,24.2,0,2,1,20,0,5,38,16.14,0.13,0.09,26.91,Moderately Stressed
2024-12-07 20:45:00,16.31,25.0,63.0,34.7,20.6,5.36,24.2,0,2,1,20,0,5,38,16.18,0.11,0.09,26.64,Moderately Stressed
2024-12-07 21:00:00,16.32,24.84,63.0,34.7,20.5,5.36,24.1,0,2,1,21,0,5,38,16.2,0.1,0.09,26.38,Moderately Stressed
2024-12-07 21:15:00,16.34,24.73,63.0,34.7,20.5,5.37,23.9,0,2,1,21,0,5,38,16.23,0.09,0.06,26.09,Moderately Stressed
2024-12-07 21:30:00,16.36,24.6,62.0,35.5,20.4,5.36,23.8,0,2,1,21,0,5,38,16.25,0.08,0.05,26.09,Moderately Stressed
2024-12-07 21:45:00,16.36,24.6,62.0,36.0,20.4,5.36,23.8,0,2,1,21,0,5,38,16.27,0.07,0.05,25.87,Moderately Stressed
2024-12-07 22:00:00,16.4,24.44,63.0,36.0,20.3,5.37,23.6,0,2,1,22,0,5,38,16.29,0.07,0.08,25.68,Moderately Stressed
2024-12-07 22:15:00,16.4,24.33,62.0,36.0,20.3,5.37,23.5,0,2,1,22,0,5,38,16.31,0.06,0.06,25.48,Moderately Stressed
2024-12-07 22:30:00,16.43,24.22,62.0,34.7,20.2,5.37,23.4,0,2,1,22,0,5,38,16.33,0.07,0.07,25.48,Moderately Stressed
2024-12-07 22:45:00,16.43,24.22,62.0,34.7,20.1,5.37,23.4,0,2,1,22,0,5,38,16.35,0.06,0.07,25.34,Moderately Stressed
2024-12-07 23:00:00,16.45,24.12,62.0,34.7,20.1,5.37,23.2,0,2,1,23,0,5,38,16.37,0.06,0.05,25.15,Moderately Stressed
2024-12-07 23:15:00,16.46,24.01,61.0,34.7,20.1,5.37,23.2,0,2,1,23,0,5,38,16.38,0.05,0.06,25.0,Moderately Stressed
2024-12-07 23:30:00,16.47,23.91,61.0,34.9,19.9,5.36,23.1,0,2,1,23,0,5,38,16.39,0.06,0.04,25.0,Moderately Stressed
2024-12-07 23:45:00,16.47,23.91,61.0,35.5,19.8,5.36,23.1,0,2,1,23,0,5,38,16.41,0.05,0.04,24.84,Moderately Stressed
2024-12-08 00:00:00,16.48,23.81,60.0,35.1,19.7,5.36,22.9,0,2,1,0,0,6,38,16.42,0.05,0.03,24.73,Moderately Stressed
2024-12-08 00:15:00,16.51,23.7,60.0,35.1,19.7,5.36,22.8,0,2,1,0,0,6,38,16.43,0.05,0.05,24.6,Moderately Stressed
2024-12-08 00:30:00,16.5,23.6,60.0,35.5,19.6,5.36,22.7,0,2,1,0,0,6,38,16.45,0.04,0.03,24.6,Moderately Stressed
2024-12-08 00:45:00,16.5,23.6,60.0,35.1,19.5,5.36,22.7,0,2,1,0,0,6,38,16.46,0.04,0.03,24.44,Moderately Stressed
2024-12-08 01:00:00,16.51,23.51,59.0,33.5,19.8,5.36,22.7,1,3,1,1,0,6,38,16.47,0.04,0.03,24.33,Moderately Stressed
2024-12-08 01:15:00,16.51,23.48,59.0,33.5,19.8,5.35,22.7,1,3,1,1,0,6,38,16.48,0.03,0.0,24.22,Moderately Stressed
2024-12-08 01:30:00,16.53,23.41,59.0,32.2,20.0,5.35,22.6,0,2,1,1,0,6,38,16.49,0.03,0.03,24.22,Moderately Stressed
2024-12-08 01:45:00,16.53,23.41,59.0,31.6,20.4,5.35,22.6,1,3,1,1,0,6,38,16.49,0.03,0.03,24.12,Moderately Stressed
2024-12-08 02:00:00,16.52,23.4,59.0,31.6,20.3,5.34,22.7,1,3,1,2,0,6,38,16.5,0.02,0.01,24.01,Moderately Stressed
2024-12-08 02:15:00,16.53,23.39,59.0,31.6,20.3,5.34,22.5,1,3,1,2,0,6,38,16.5,0.02,0.02,23.91,Moderately Stressed
2024-12-08 02:30:00,16.57,23.28,58.0,31.5,19.7,5.34,22.4,1,3,1,2,0,6,38,16.51,0.03,0.04,23.91,Moderately Stressed
2024-12-08 02:45:00,16.57,23.28,58.0,31.6,19.4,5.34,22.4,1,3,1,2,0,6,38,16.52,0.03,0.04,23.81,Moderately Stressed
2024-12-08 03:00:00,16.65,23.16,59.0,31.6,19.3,5.35,22.2,1,3,1,3,0,6,38,16.54,0.04,0.13,23.7,Moderately Stressed
2024-12-08 03:15:00,16.7,23.08,61.0,31.6,19.3,5.34,22.2,1,3,1,3,0,6,38,16.55,0.06,0.17,23.6,Moderately Stressed
2024-12-08 03:30:00,16.72,22.99,61.0,31.8,19.5,5.34,22.1,1,3,1,3,0,6,38,16.57,0.08,0.15,23.6,Moderately Stressed
2024-12-08 03:45:00,16.72,22.99,61.0,31.9,19.3,5.34,22.1,1,3,1,3,0,6,38,16.59,0.08,0.15,23.51,Moderately Stressed
2024-12-08 04:00:00,16.75,22.9,61.0,31.6,19.1,5.34,22.0,1,3,1,4,0,6,38,16.61,0.09,0.1,23.48,Moderately Stressed
2024-12-08 04:15:00,17.28,22.79,68.0,31.6,19.1,5.34,21.9,1,3,1,4,0,6,38,16.67,0.21,0.58,23.41,Moderately Stressed
2024-12-08 04:30:00,17.25,22.7,65.0,31.3,18.9,5.34,21.8,1,3,1,4,0,6,38,16.73,0.26,0.53,23.41,Moderately Stressed
2024-12-08 04:45:00,17.25,22.7,65.0,31.4,18.7,5.34,21.8,1,3,1,4,0,6,38,16.79,0.29,0.53,23.4,Moderately Stressed
2024-12-08 05:00:00,17.23,22.61,64.0,31.2,18.5,5.34,21.7,1,3,1,5,0,6,38,16.85,0.3,0.48,23.39,Moderately Stressed
2024-12-08 05:15:00,17.29,22.52,64.0,31.2,18.5,5.34,21.6,1,3,1,5,0,6,38,16.92,0.31,0.01,23.28,Moderately Stressed
2024-12-08 05:30:00,17.39,22.44,65.0,31.6,18.5,5.34,21.5,1,3,1,5,0,6,38,16.98,0.32,0.14,23.28,Moderately Stressed
2024-12-08 05:45:00,17.39,22.44,65.0,32.3,18.4,5.34,21.5,1,3,1,5,0,6,38,17.05,0.31,0.14,23.16,Moderately Stressed
2024-12-08 06:00:00,17.43,22.36,66.0,31.9,18.4,5.34,21.5,1,3,1,6,1,6,38,17.12,0.3,0.2,23.08,Moderately Stressed
2024-12-08 06:15:00,17.57,22.27,67.0,31.9,18.4,5.34,21.4,1,3,1,6,1,6,38,17.19,0.29,0.28,22.99,Moderately Stressed
2024-12-08 06:30:00,17.53,22.19,66.0,32.7,18.5,5.34,21.3,1,3,1,6,1,6,38,17.26,0.27,0.14,22.99,Moderately Stressed
2024-12-08 06:45:00,17.53,22.19,66.0,32.3,18.9,5.34,21.3,1,3,1,6,1,6,38,17.32,0.22,0.14,22.9,Moderately Stressed
2024-12-08 07:00:00,17.57,22.18,67.0,32.7,19.7,5.33,21.4,1,3,1,7,1,6,38,17.39,0.13,0.14,22.79,Moderately Stressed
2024-12-08 07:15:00,17.56,22.25,66.0,32.7,19.7,5.32,21.5,1,3,1,7,1,6,38,17.42,0.14,-0.01,22.7,Moderately Stressed
2024-12-08 07:30:00,17.51,22.29,66.0,32.0,20.3,5.31,21.7,1,3,1,7,1,6,38,17.44,0.13,-0.02,22.7,Moderately Stressed
2024-12-08 07:45:00,17.51,22.29,66.0,30.4,21.8,5.31,21.7,1,3,1,7,1,6,38,17.46,0.11,-0.02,22.61,Moderately Stressed
2024-12-08 08:00:00,17.39,22.38,65.0,28.3,26.0,5.29,21.9,1,3,1,8,1,6,38,17.47,0.09,-0.18,22.52,Moderately Stressed
2024-12-08 08:15:00,17.29,22.57,64.0,28.3,26.0,5.26,22.3,1,3,1,8,1,6,38,17.47,0.09,-0.27,22.57,Moderately Stressed
2024-12-08 08:30:00,17.15,22.82,63.0,20.3,31.6,5.23,22.8,1,3,1,8,1,6,38,17.45,0.13,-0.36,22.82,Moderately Stressed
2024-12-08 08:45:00,17.15,22.82,63.0,15.4,36.9,5.23,22.8,1,3,1,8,1,6,38,17.43,0.16,-0.36,22.82,Moderately Stressed
2024-12-08 09:00:00,16.95,23.21,62.0,12.5,35.2,5.2,23.2,1,3,1,9,1,6,38,17.39,0.21,-0.44,23.21,Moderately Stressed
2024-12-08 09:15:00,16.67,23.76,61.0,12.5,35.2,5.17,23.7,1,3,1,9,1,6,38,17.32,0.29,-0.62,23.76,Moderately Stressed
2024-12-08 09:30:00,16.45,24.29,60.0,11.2,39.8,5.14,24.1,1,3,1,9,1,6,38,17.23,0.37,-0.7,24.29,Moderately Stressed
2024-12-08 09:45:00,16.45,24.29,60.0,11.7,32.0,5.14,24.1,1,3,1,9,1,6,39,17.14,0.42,-0.7,24.29,Moderately Stressed
2024-12-08 10:00:00,16.12,24.73,59.0,11.9,34.3,5.1,24.7,0,2,1,10,1,6,39,17.02,0.49,-0.83,24.73,Moderately Stressed
2024-12-08 10:15:00,15.88,25.14,57.0,11.9,34.3,5.05,25.4,0,2,1,10,1,6,39,16.88,0.55,-0.79,25.14,Moderately Stressed
2024-12-08 10:30:00,15.64,25.61,56.0,11.8,38.8,4.98,26.6,0,2,1,10,1,6,39,16.72,0.62,-0.81,25.61,Moderately Stressed
2024-12-08 10:45:00,15.64,25.61,56.0,12.5,40.6,4.98,26.6,0,2,1,10,1,6,39,16.56,0.64,-0.81,25.61,Moderately Stressed
2024-12-08 11:00:00,15.43,26.06,56.0,12.8,39.6,4.87,28.5,0,2,1,11,1,6,39,16.4,0.66,-0.69,26.06,Moderately Stressed
2024-12-08 11:15:00,15.28,26.39,55.0,13.1,36.8,4.79,29.8,0,2,1,11,1,6,39,16.23,0.67,-0.6,26.39,Moderately Stressed
2024-12-08 11:30:00,15.12,26.63,53.0,13.1,36.8,4.76,29.9,0,2,1,11,1,6,39,16.07,0.67,-0.52,26.63,Moderately Stressed
2024-12-08 11:45:00,15.12,26.63,53.0,13.4,34.8,4.76,29.9,0,2,1,11,1,6,39,15.9,0.63,-0.52,26.63,Moderately Stressed
2024-12-08 12:00:00,14.89,26.88,52.0,13.4,34.3,4.7,30.9,0,2,1,12,1,6,39,15.72,0.59,-0.54,26.88,Moderately Stressed
2024-12-08 12:15:00,14.72,27.12,51.0,13.7,34.4,4.68,30.8,0,2,1,12,1,6,39,15.56,0.58,-0.56,27.12,Moderately Stressed
2024-12-08 12:30:00,14.63,27.32,50.0,13.7,34.4,4.69,30.2,0,2,1,12,1,6,39,15.41,0.56,-0.49,27.32,Moderately Stressed
2024-12-08 12:45:00,14.63,27.32,50.0,13.2,34.4,4.69,30.2,0,2,1,12,1,6,39,15.26,0.5,-0.49,27.32,Moderately Stressed
2024-12-08 13:00:00,14.47,27.54,50.0,13.7,35.0,4.66,30.3,0,2,1,13,1,6,39,15.12,0.46,-0.42,27.54,Moderately Stressed
2024-12-08 13:15:00,14.27,27.84,49.0,13.9,34.8,4.66,30.0,0,2,1,13,1,6,39,14.99,0.46,-0.45,27.84,Moderately Stressed
2024-12-08 13:30:00,14.11,28.02,48.0,13.9,34.8,4.66,29.7,0,2,1,13,1,6,39,14.86,0.47,-0.52,28.02,Moderately Stressed
2024-12-08 13:45:00,14.11,28.02,48.0,13.4,35.0,4.66,29.7,0,2,1,13,1,6,39,14.73,0.45,-0.52,28.02,Moderately Stressed
2024-12-08 14:00:00,14.02,28.15,47.0,13.4,34.0,4.66,29.5,0,2,1,14,1,6,39,14.61,0.43,-0.45,28.15,Moderately Stressed
2024-12-08 14:15:00,13.79,28.28,46.0,13.1,33.9,4.66,29.5,0,2,1,14,1,6,39,14.49,0.44,-0.48,28.28,Moderately Stressed
2024-12-08 14:30:00,13.66,28.48,45.0,13.1,33.9,4.66,29.5,0,2,1,14,1,6,39,14.37,0.45,-0.45,28.48,Moderately Stressed
2024-12-08 14:45:00,13.66,28.48,45.0,12.9,32.8,4.66,29.5,0,2,1,14,1,6,39,14.25,0.42,-0.45,28.48,Moderately Stressed
2024-12-08 15:00:00,13.65,28.34,45.0,12.3,30.7,4.68,29.1,0,2,1,15,1,6,39,14.14,0.4,-0.37,28.48,Moderately Stressed
2024-12-08 15:15:00,13.68,28.06,44.0,14.3,28.4,4.73,28.4,0,2,1,15,1,6,39,14.06,0.38,-0.11,28.48,Moderately Stressed
2024-12-08 15:30:00,13.69,27.85,44.0,14.3,28.4,4.77,28.1,0,2,1,15,1,6,39,13.98,0.34,0.03,28.48,Moderately Stressed
2024-12-08 15:45:00,13.69,27.85,44.0,15.5,28.1,4.77,28.1,0,2,1,15,1,6,39,13.9,0.28,0.03,28.48,Moderately Stressed
2024-12-08 16:00:00,13.7,27.64,43.0,15.9,28.2,4.79,28.0,0,2,1,16,1,6,39,13.84,0.22,0.05,28.48,Moderately Stressed
2024-12-08 16:15:00,13.68,27.54,43.0,15.5,27.7,4.78,28.4,0,2,1,16,1,6,39,13.79,0.18,0.0,28.48,Moderately Stressed
2024-12-08 16:30:00,13.68,27.54,43.0,15.5,27.7,4.76,28.5,0,2,1,16,1,6,39,13.75,0.15,-0.01,28.48,Moderately Stressed
2024-12-08 16:45:00,13.68,27.54,43.0,15.3,27.1,4.76,28.5,0,2,1,16,1,6,39,13.72,0.1,-0.01,28.48,Moderately Stressed
2024-12-08 17:00:00,13.69,27.46,42.0,16.1,26.0,4.78,28.2,0,2,1,17,1,6,39,13.69,0.04,-0.01,28.48,Moderately Stressed
2024-12-08 17:15:00,13.73,27.33,42.0,16.7,25.0,4.82,27.7,0,2,1,17,1,6,39,13.68,0.02,0.05,28.48,Moderately Stressed
2024-12-08 17:30:00,13.81,27.11,42.0,16.7,25.0,4.88,27.2,0,2,1,17,1,6,39,13.7,0.04,0.13,28.48,Moderately Stressed
2024-12-08 17:45:00,13.81,27.11,42.0,18.3,23.8,4.88,27.2,0,2,1,17,1,6,39,13.71,0.05,0.13,28.34,Moderately Stressed
2024-12-08 18:00:00,13.91,26.81,42.0,19.2,22.7,4.92,26.6,0,2,1,18,1,6,39,13.73,0.07,0.22,28.06,Moderately Stressed
2024-12-08 18:15:00,13.99,26.52,42.0,19.8,21.8,4.98,26.2,0,2,1,18,1,6,39,13.76,0.1,0.26,27.85,Moderately Stressed
2024-12-08 18:30:00,14.05,26.26,41.0,19.8,21.8,5.02,25.8,0,2,1,18,1,6,39,13.79,0.13,0.24,27.85,Moderately Stressed
2024-12-08 18:45:00,14.05,26.26,41.0,20.9,21.3,5.02,25.8,0,2,1,18,1,6,39,13.82,0.15,0.24,27.64,Moderately Stressed
2024-12-08 19:00:00,14.14,25.98,41.0,22.1,21.2,5.05,25.5,0,2,1,19,0,6,39,13.85,0.17,0.23,27.54,Moderately Stressed
2024-12-08 19:15:00,14.16,25.77,41.0,23.1,20.8,5.07,25.4,0,2,1,19,0,6,39,13.89,0.18,0.17,27.54,Moderately Stressed
2024-12-08 19:30:00,14.2,25.56,41.0,23.1,20.8,5.09,25.0,0,2,1,19,0,6,39,13.94,0.19,0.15,27.54,Moderately Stressed
2024-12-08 19:45:00,14.2,25.56,41.0,24.1,20.5,5.09,25.0,0,2,1,19,0,6,39,13.98,0.18,0.15,27.46,Moderately Stressed
2024-12-08 20:00:00,14.26,25.36,41.0,24.1,20.3,5.11,24.7,0,2,1,20,0,6,39,14.03,0.18,0.12,27.33,Moderately Stressed
2024-12-08 20:15:00,14.31,25.17,40.0,23.8,20.3,5.12,24.5,0,2,1,20,0,6,39,14.07,0.17,0.15,27.11,Moderately Stressed
2024-12-08 20:30:00,14.35,25.03,40.0,23.8,20.3,5.13,24.3,0,2,1,20,0,6,39,14.12,0.16,0.15,27.11,Moderately Stressed
2024-12-08 20:45:00,14.35,25.03,40.0,24.7,20.3,5.13,24.3,0,2,1,20,0,6,39,14.16,0.14,0.15,26.81,Moderately Stressed
2024-12-08 21:00:00,14.38,24.85,40.0,25.1,20.0,5.14,24.2,0,2,1,21,0,6,39,14.2,0.13,0.12,26.52,Moderately Stressed
2024-12-08 21:15:00,14.4,24.73,40.0,25.2,19.8,5.15,24.0,0,2,1,21,0,6,39,14.24,0.12,0.09,26.26,Moderately Stressed
2024-12-08 21:30:00,14.45,24.55,40.0,25.2,19.8,5.15,23.8,0,2,1,21,0,6,39,14.27,0.12,0.1,26.26,Moderately Stressed
2024-12-08 21:45:00,14.45,24.55,40.0,25.9,19.6,5.15,23.8,0,2,1,21,0,6,39,14.3,0.11,0.1,25.98,Moderately Stressed
2024-12-08 22:00:00,14.48,24.42,40.0,27.0,19.5,5.16,23.7,0,2,1,22,0,6,39,14.33,0.11,0.1,25.77,Moderately Stressed
2024-12-08 22:15:00,14.52,24.29,39.0,26.5,19.2,5.17,23.5,0,2,1,22,0,6,39,14.36,0.11,0.12,25.56,Moderately Stressed
2024-12-08 22:30:00,14.55,24.13,39.0,26.5,19.2,5.17,23.3,0,2,1,22,0,6,39,14.39,0.1,0.1,25.56,Moderately Stressed
2024-12-08 22:45:00,14.55,24.13,39.0,27.8,19.1,5.17,23.3,0,2,1,22,0,6,39,14.42,0.09,0.1,25.36,Moderately Stressed
2024-12-08 23:00:00,14.59,24.01,39.0,27.8,19.0,5.18,23.2,0,2,1,23,0,6,39,14.45,0.09,0.11,25.17,Moderately Stressed
2024-12-08 23:15:00,14.62,23.88,39.0,28.5,18.9,5.18,23.0,0,2,1,23,0,6,39,14.47,0.09,0.1,25.03,Moderately Stressed
2024-12-08 23:30:00,14.63,23.75,39.0,28.5,18.9,5.18,22.8,0,2,1,23,0,6,39,14.5,0.09,0.08,25.03,Moderately Stressed
2024-12-08 23:45:00,14.63,23.75,39.0,28.9,18.9,5.18,22.8,0,2,1,23,0,6,39,14.52,0.09,0.08,24.85,Moderately Stressed
2024-12-09 00:00:00,14.65,23.61,39.0,28.5,18.7,5.19,22.7,0,2,1,0,0,0,39,14.54,0.08,0.06,24.73,Moderately Stressed
2024-12-09 00:15:00,14.69,23.5,39.0,28.5,18.6,5.19,22.6,0,2,1,0,0,0,39,14.57,0.08,0.07,24.55,Moderately Stressed
2024-12-09 00:30:00,14.7,23.4,38.0,28.5,18.6,5.19,22.5,0,2,1,0,0,0,39,14.59,0.08,0.07,24.55,Moderately Stressed
2024-12-09 00:45:00,14.7,23.4,38.0,28.5,18.4,5.19,22.5,0,2,1,0,0,0,39,14.61,0.07,0.07,24.42,Moderately Stressed
2024-12-09 01:00:00,14.74,23.29,38.0,28.4,18.2,5.19,22.3,0,2,1,1,0,0,39,14.63,0.07,0.09,24.29,Moderately Stressed
2024-12-09 01:15:00,14.81,23.19,38.0,28.5,18.1,5.2,22.2,0,2,1,1,0,0,39,14.66,0.08,0.12,24.13,Moderately Stressed
2024-12-09 01:30:00,14.83,23.07,38.0,28.5,18.1,5.2,22.1,0,2,1,1,0,0,39,14.68,0.08,0.13,24.13,Moderately Stressed
2024-12-09 01:45:00,14.83,23.07,38.0,27.5,18.0,5.2,22.1,0,2,1,1,0,0,39,14.7,0.08,0.13,24.01,Moderately Stressed
2024-12-09 02:00:00,14.84,22.95,38.0,27.4,17.9,5.2,22.0,0,2,1,2,0,0,39,14.72,0.09,0.1,23.88,Moderately Stressed
2024-12-09 02:15:00,14.86,22.83,37.0,27.4,17.8,5.2,21.9,0,2,1,2,0,0,39,14.74,0.09,0.05,23.75,Moderately Stressed
2024-12-09 02:30:00,14.87,22.73,37.0,27.4,17.8,5.2,21.7,0,2,1,2,0,0,39,14.76,0.09,0.04,23.75,Moderately Stressed
2024-12-09 02:45:00,14.87,22.73,37.0,27.4,17.6,5.2,21.7,0,2,1,2,0,0,39,14.78,0.08,0.04,23.61,Moderately Stressed
2024-12-09 03:00:00,14.88,22.63,37.0,27.7,17.5,5.2,21.7,0,2,1,3,0,0,39,14.8,0.07,0.04,23.5,Moderately Stressed
2024-12-09 03:15:00,14.9,22.54,37.0,27.4,17.6,5.2,21.6,0,2,1,3,0,0,39,14.82,0.07,0.04,23.4,Moderately Stressed
2024-12-09 03:30:00,14.91,22.45,37.0,27.4,17.6,5.2,21.5,0,2,1,3,0,0,39,14.84,0.06,0.04,23.4,Moderately Stressed
2024-12-09 03:45:00,14.91,22.45,37.0,27.4,17.5,5.2,21.5,0,2,1,3,0,0,39,14.85,0.05,0.04,23.29,Moderately Stressed
2024-12-09 04:00:00,14.96,22.36,37.0,27.0,17.5,5.21,21.4,0,2,1,4,0,0,39,14.87,0.04,0.08,23.19,Moderately Stressed
2024-12-09 04:15:00,14.99,22.27,36.0,27.3,17.5,5.2,21.3,0,2,1,4,0,0,39,14.89,0.05,0.09,23.07,Moderately Stressed
2024-12-09 04:30:00,15.09,22.17,38.0,27.3,17.5,5.2,21.3,0,2,1,4,0,0,39,14.91,0.07,0.18,23.07,Moderately Stressed
2024-12-09 04:45:00,15.09,22.17,38.0,27.0,17.5,5.2,21.3,0,2,1,4,0,0,39,14.93,0.09,0.18,22.95,Moderately Stressed
2024-12-09 05:00:00,15.24,22.07,38.0,27.4,17.4,5.2,21.2,0,2,1,5,0,0,39,14.96,0.12,0.28,22.83,Moderately Stressed
2024-12-09 05:15:00,15.27,21.98,39.0,27.4,17.6,5.2,21.1,0,2,1,5,0,0,39,15.0,0.14,0.28,22.73,Moderately Stressed
2024-12-09 05:30:00,15.34,21.94,39.0,27.4,17.6,5.2,21.1,0,2,1,5,0,0,39,15.04,0.17,0.25,22.73,Moderately Stressed
2024-12-09 05:45:00,15.34,21.94,39.0,27.4,17.5,5.2,21.1,0,2,1,5,0,0,39,15.08,0.18,0.25,22.63,Moderately Stressed
2024-12-09 06:00:00,15.39,21.86,39.0,29.5,17.3,5.2,21.0,0,2,1,6,1,0,39,15.12,0.19,0.15,22.54,Moderately Stressed
2024-12-09 06:15:00,15.42,21.76,39.0,31.2,17.3,5.2,20.9,0,2,1,6,1,0,39,15.16,0.19,0.15,22.45,Moderately Stressed
2024-12-09 06:30:00,15.42,21.69,39.0,31.2,17.3,5.2,20.8,0,2,1,6,1,0,39,15.2,0.19,0.08,22.45,Moderately Stressed
2024-12-09 06:45:00,15.42,21.69,39.0,29.9,17.4,5.2,20.8,0,2,1,6,1,0,39,15.25,0.17,0.08,22.36,Moderately Stressed
2024-12-09 07:00:00,15.49,21.66,39.0,28.4,18.1,5.19,20.9,0,2,1,7,1,0,39,15.29,0.16,0.1,22.27,Moderately Stressed
2024-12-09 07:15:00,15.5,21.65,39.0,27.4,19.2,5.19,20.9,0,2,1,7,1,0,39,15.33,0.14,0.08,22.17,Moderately Stressed
2024-12-09 07:30:00,15.49,21.69,39.0,27.4,19.2,5.18,21.2,0,2,1,7,1,0,39,15.37,0.12,0.07,22.17,Moderately Stressed
2024-12-09 07:45:00,15.49,21.69,39.0,25.6,20.7,5.18,21.2,0,2,1,7,1,0,39,15.4,0.09,0.07,22.07,Moderately Stressed
2024-12-09 08:00:00,15.44,21.8,39.0,22.8,24.5,5.16,21.4,0,2,1,8,1,0,39,15.42,0.07,-0.05,21.98,Moderately Stressed
2024-12-09 08:15:00,15.38,21.96,39.0,16.5,30.2,5.13,21.9,0,2,1,8,1,0,39,15.43,0.06,-0.12,21.96,Moderately Stressed
2024-12-09 08:30:00,15.32,22.27,38.0,16.5,30.2,5.1,22.5,0,2,1,8,1,0,39,15.43,0.06,-0.17,22.27,Moderately Stressed
2024-12-09 08:45:00,15.32,22.27,38.0,13.1,34.2,5.1,22.5,0,2,1,8,1,0,39,15.42,0.06,-0.17,22.27,Moderately Stressed
2024-12-09 09:00:00,15.23,22.63,37.0,11.0,33.4,5.06,23.0,0,2,1,9,1,0,39,15.41,0.08,-0.21,22.63,Moderately Stressed
2024-12-09 09:15:00,15.05,23.08,36.0,9.9,36.8,5.02,23.5,0,2,1,9,1,0,39,15.38,0.13,-0.33,23.08,Moderately Stressed
2024-12-09 09:30:00,14.82,23.5,35.0,9.9,36.8,4.98,24.1,0,2,1,9,1,0,39,15.33,0.21,-0.5,23.5,Moderately Stressed
2024-12-09 09:45:00,14.82,23.5,35.0,10.0,31.9,4.98,24.1,0,2,1,9,1,0,40,15.28,0.25,-0.5,23.5,Moderately Stressed
2024-12-09 10:00:00,14.54,24.0,35.0,10.0,33.4,4.91,24.7,0,2,1,10,1,0,40,15.2,0.32,-0.69,24.0,Moderately Stressed
2024-12-09 10:15:00,14.23,24.44,34.0,10.0,36.7,4.86,25.6,0,2,1,10,1,0,40,15.09,0.41,-0.82,24.44,Moderately Stressed
2024-12-09 10:30:00,13.99,24.96,34.0,10.0,36.7,4.79,26.4,0,2,1,10,1,0,40,14.97,0.5,-0.83,24.96,Moderately Stressed
2024-12-09 10:45:00,13.99,24.96,34.0,10.3,39.3,4.79,26.4,0,2,1,10,1,0,40,14.84,0.54,-0.83,24.96,Moderately Stressed
2024-12-09 11:00:00,13.77,25.5,33.0,10.4,40.6,4.68,28.2,0,2,1,11,1,0,40,14.7,0.59,-0.77,25.5,Moderately Stressed
2024-12-09 11:15:00,13.56,25.92,32.0,10.6,36.9,4.58,29.7,0,1,0,11,1,0,40,14.55,0.63,-0.67,25.92,Moderately Stressed
2024-12-09 11:30:00,13.38,26.19,32.0,10.6,36.9,4.51,30.9,0,1,0,11,1,0,40,14.39,0.66,-0.61,26.19,Moderately Stressed
2024-12-09 11:45:00,13.38,26.19,32.0,10.8,36.8,4.51,30.9,0,2,1,11,1,0,40,14.23,0.65,-0.61,26.19,Moderately Stressed
2024-12-09 12:00:00,13.17,26.49,31.0,11.1,37.1,4.47,31.7,0,2,1,12,1,0,40,14.06,0.64,-0.6,26.49,Moderately Stressed
2024-12-09 12:15:00,12.91,26.81,31.0,11.0,36.3,4.46,31.6,0,2,1,12,1,0,40,13.88,0.63,-0.65,26.81,Severely Stressed
2024-12-09 12:30:00,17.02,27.1,59.0,11.0,36.3,4.5,30.3,0,2,1,12,1,0,40,14.06,1.09,3.64,27.1,Moderately Stressed
2024-12-09 12:45:00,17.02,27.1,59.0,11.4,35.9,4.5,30.3,4,12,6,12,1,0,40,14.25,1.37,3.64,27.1,Moderately Stressed
2024-12-09 13:00:00,23.0,27.64,133.0,13.1,37.0,5.48,29.9,5,14,7,13,1,0,40,14.95,2.88,9.83,27.64,Healthy
2024-12-09 13:15:00,20.9,28.16,110.0,12.9,35.9,5.56,30.5,4,12,6,13,1,0,40,15.51,3.34,7.99,28.16,Healthy
2024-12-09 13:30:00,19.98,28.15,97.0,12.9,35.9,5.57,29.9,3,9,4,13,1,0,40,16.01,3.53,2.96,28.16,Healthy
2024-12-09 13:45:00,19.98,28.15,97.0,12.9,32.8,5.57,29.9,3,8,4,13,1,0,40,16.51,3.64,2.96,28.16,Healthy
2024-12-09 14:00:00,19.53,27.96,91.0,12.4,30.9,5.59,29.2,2,7,3,14,1,0,40,16.99,3.63,-3.47,28.16,Healthy
2024-12-09 14:15:00,19.07,27.95,87.0,11.9,34.6,5.57,29.4,2,7,3,14,1,0,40,17.44,3.5,-1.83,28.16,Healthy
2024-12-09 14:30:00,18.71,28.09,83.0,11.9,34.6,5.56,29.3,2,7,3,14,1,0,40,17.89,3.27,-1.27,28.16,Healthy
2024-12-09 14:45:00,18.71,28.09,83.0,12.1,31.6,5.56,29.3,2,6,3,14,1,0,40,18.33,2.95,-1.27,28.16,Healthy
2024-12-09 15:00:00,18.46,27.96,80.0,11.7,30.7,5.56,29.0,2,6,3,15,1,0,40,18.77,2.46,-1.07,28.16,Healthy
2024-12-09 15:15:00,18.29,27.84,77.0,11.5,29.6,5.56,28.7,2,6,3,15,1,0,40,19.22,1.65,-0.78,28.16,Healthy
2024-12-09 15:30:00,18.11,27.64,75.0,11.5,29.6,5.55,28.5,2,6,3,15,1,0,40,19.31,1.55,-0.6,28.16,Healthy
2024-12-09 15:45:00,18.11,27.64,75.0,11.5,29.3,5.55,28.5,2,5,2,15,1,0,40,19.4,1.43,-0.6,28.16,Healthy
2024-12-09 16:00:00,17.91,27.54,72.0,11.9,28.6,5.57,28.2,2,5,2,16,1,0,40,18.98,0.93,-0.55,28.16,Moderately Stressed
2024-12-09 16:15:00,17.76,27.44,71.0,12.4,27.0,5.56,28.0,2,5,2,16,1,0,40,18.72,0.77,-0.53,28.15,Moderately Stressed
2024-12-09 16:30:00,17.66,27.24,69.0,12.4,27.0,5.57,27.5,1,5,2,16,1,0,40,18.53,0.71,-0.45,28.15,Moderately Stressed
2024-12-09 16:45:00,17.66,27.24,69.0,15.0,25.8,5.57,27.5,1,5,2,16,1,0,40,18.33,0.59,-0.45,28.09,Moderately Stressed
2024-12-09 17:00:00,17.53,27.07,68.0,15.8,24.9,5.58,27.2,1,5,2,17,1,0,40,18.16,0.49,-0.38,28.09,Moderately Stressed
2024-12-09 17:15:00,17.49,26.88,67.0,16.7,24.2,5.58,26.9,1,5,2,17,1,0,40,18.03,0.44,-0.27,28.09,Moderately Stressed
2024-12-09 17:30:00,17.43,26.67,67.0,16.7,24.2,5.6,26.5,1,5,2,17,1,0,40,17.93,0.41,-0.23,28.09,Moderately Stressed
2024-12-09 17:45:00,17.43,26.67,67.0,18.7,23.2,5.6,26.5,1,5,2,17,1,0,40,17.82,0.35,-0.23,27.96,Moderately Stressed
2024-12-09 18:00:00,17.38,26.39,66.0,20.7,22.3,5.62,26.1,1,5,2,18,1,0,40,17.73,0.31,-0.15,27.84,Moderately Stressed
2024-12-09 18:15:00,17.37,26.17,65.0,22.0,22.0,5.63,25.8,1,5,2,18,1,0,40,17.65,0.27,-0.12,27.64,Moderately Stressed
2024-12-09 18:30:00,17.72,25.96,71.0,22.0,22.0,5.63,25.8,1,5,2,18,1,0,40,17.62,0.23,0.29,27.64,Moderately Stressed
2024-12-09 18:45:00,17.72,25.96,71.0,22.5,21.5,5.64,25.6,1,5,2,18,1,0,40,17.59,0.17,0.29,27.54,Moderately Stressed
2024-12-09 19:00:00,17.66,25.67,71.0,23.0,21.2,5.64,25.6,1,5,2,19,0,0,40,17.57,0.14,0.28,27.44,Moderately Stressed
2024-12-09 19:15:00,17.62,25.45,71.0,23.9,20.8,5.65,25.0,1,5,2,19,0,0,40,17.56,0.13,0.25,27.24,Moderately Stressed
2024-12-09 19:30:00,17.57,25.24,70.0,23.9,20.8,5.67,24.7,1,5,2,19,0,0,40,17.55,0.13,-0.15,27.24,Moderately Stressed
2024-12-09 19:45:00,17.57,25.24,70.0,23.3,20.5,5.67,24.7,1,4,2,19,0,0,40,17.54,0.12,-0.15,27.07,Moderately Stressed
2024-12-09 20:00:00,17.46,25.04,68.0,23.1,20.6,5.66,24.5,1,4,2,20,0,0,40,17.54,0.13,-0.2,26.88,Moderately Stressed
2024-12-09 20:15:00,17.39,24.84,67.0,22.8,20.6,5.67,24.3,1,5,2,20,0,0,40,17.53,0.13,-0.23,26.67,Moderately Stressed
2024-12-09 20:30:00,17.31,24.7,65.0,22.8,20.6,5.67,24.1,1,5,2,20,0,0,40,17.52,0.14,-0.26,26.67,Moderately Stressed
2024-12-09 20:45:00,17.31,24.7,65.0,22.4,20.8,5.67,24.1,1,5,2,20,0,0,40,17.51,0.15,-0.26,26.39,Moderately Stressed
2024-12-09 21:00:00,17.25,24.56,64.0,22.5,20.5,5.68,24.0,1,5,2,21,0,0,40,17.5,0.17,-0.21,26.17,Moderately Stressed
2024-12-09 21:15:00,17.21,24.43,63.0,23.1,20.0,5.66,23.8,2,5,2,21,0,0,40,17.48,0.18,-0.18,25.96,Moderately Stressed
2024-12-09 21:30:00,17.15,24.32,63.0,23.1,20.0,5.66,23.6,2,5,2,21,0,0,40,17.43,0.19,-0.16,25.96,Moderately Stressed
2024-12-09 21:45:00,17.15,24.32,63.0,23.8,19.7,5.66,23.6,2,5,2,21,0,0,40,17.39,0.18,-0.16,25.67,Moderately Stressed
2024-12-09 22:00:00,17.14,24.2,62.0,24.5,19.5,5.65,23.5,2,5,2,22,0,0,40,17.34,0.18,-0.11,25.45,Moderately Stressed
2024-12-09 22:15:00,17.09,24.05,62.0,24.9,19.4,5.67,23.3,2,5,2,22,0,0,40,17.3,0.17,-0.12,25.24,Moderately Stressed
2024-12-09 22:30:00,17.05,23.93,61.0,24.9,19.4,5.66,23.2,2,5,2,22,0,0,40,17.26,0.16,-0.1,25.24,Moderately Stressed
2024-12-09 22:45:00,17.05,23.93,61.0,23.8,19.4,5.66,23.2,2,5,2,22,0,0,40,17.21,0.13,-0.1,25.04,Moderately Stressed
2024-12-09 23:00:00,17.02,23.81,61.0,23.1,19.3,5.66,23.0,2,5,2,23,0,0,40,17.18,0.12,-0.12,24.84,Moderately Stressed
2024-12-09 23:15:00,17.02,23.81,61.0,22.5,19.2,5.66,22.9,1,5,2,23,0,0,40,17.15,0.11,-0.07,24.7,Moderately Stressed
2024-12-09 23:30:00,16.98,23.6,61.0,22.5,19.2,5.65,22.8,1,5,2,23,0,0,40,17.12,0.1,-0.07,24.7,Moderately Stressed
2024-12-09 23:45:00,16.98,23.6,61.0,23.4,19.2,5.65,22.8,2,5,2,23,0,0,40,17.09,0.09,-0.07,24.56,Moderately Stressed
2024-12-10 00:00:00,16.95,23.5,60.0,23.8,19.0,5.63,22.7,2,5,2,0,0,1,40,17.07,0.08,-0.07,24.43,Moderately Stressed
2024-12-10 00:15:00,16.94,23.4,60.0,24.1,18.9,5.63,22.7,1,5,2,0,0,1,40,17.04,0.08,-0.08,24.32,Moderately Stressed
2024-12-10 00:30:00,16.92,23.29,60.0,24.1,18.9,5.64,22.5,1,5,2,0,0,1,40,17.02,0.08,-0.06,24.32,Moderately Stressed
2024-12-10 00:45:00,16.92,23.29,60.0,23.8,19.3,5.64,22.5,1,5,2,0,0,1,40,17.0,0.07,-0.06,24.2,Moderately Stressed
2024-12-10 01:00:00,16.9,23.22,59.0,23.8,19.4,5.63,22.4,1,5,2,1,0,1,40,16.99,0.06,-0.05,24.05,Moderately Stressed
2024-12-10 01:15:00,16.87,23.18,59.0,23.8,19.2,5.62,22.4,1,5,2,1,0,1,40,16.97,0.06,-0.07,23.93,Moderately Stressed
2024-12-10 01:30:00,16.91,23.09,58.0,23.8,19.2,5.61,22.3,1,5,2,1,0,1,40,16.96,0.06,-0.01,23.93,Moderately Stressed
2024-12-10 01:45:00,16.91,23.09,58.0,24.1,18.8,5.61,22.3,1,5,2,1,0,1,40,16.94,0.05,-0.01,23.81,Moderately Stressed
2024-12-10 02:00:00,16.93,22.99,58.0,24.1,18.7,5.61,22.2,1,5,2,2,0,1,40,16.94,0.04,0.03,23.81,Moderately Stressed
2024-12-10 02:15:00,16.95,22.89,58.0,24.2,18.6,5.59,22.1,1,5,2,2,0,1,40,16.93,0.03,0.08,23.6,Moderately Stressed
2024-12-10 02:30:00,16.96,22.8,58.0,24.2,18.6,5.59,22.0,1,5,2,2,0,1,40,16.93,0.03,0.05,23.6,Moderately Stressed
2024-12-10 02:45:00,16.96,22.8,58.0,24.5,18.5,5.59,22.0,1,5,2,2,0,1,40,16.93,0.03,0.05,23.5,Moderately Stressed
2024-12-10 03:00:00,16.89,22.73,58.0,24.1,19.0,5.58,21.9,1,5,2,3,0,1,40,16.92,0.03,-0.04,23.4,Moderately Stressed
2024-12-10 03:15:00,16.88,22.68,58.0,23.4,19.5,5.57,22.0,1,5,2,3,0,1,40,16.92,0.03,-0.07,23.29,Moderately Stressed
2024-12-10 03:30:00,16.84,22.68,57.0,23.4,19.5,5.57,22.0,1,5,2,3,0,1,40,16.91,0.04,-0.12,23.29,Moderately Stressed
2024-12-10 03:45:00,16.84,22.68,57.0,23.1,19.5,5.57,22.0,1,5,2,3,0,1,40,16.9,0.04,-0.12,23.22,Moderately Stressed
2024-12-10 04:00:00,16.8,22.68,57.0,23.1,19.4,5.55,22.0,1,5,2,4,0,1,40,16.9,0.05,-0.09,23.18,Moderately Stressed
2024-12-10 04:15:00,16.78,22.65,57.0,23.1,19.1,5.55,21.9,1,5,2,4,0,1,40,16.89,0.06,-0.1,23.09,Moderately Stressed
2024-12-10 04:30:00,16.77,22.57,57.0,23.1,19.1,5.53,21.7,1,5,2,4,0,1,40,16.88,0.07,-0.07,23.09,Moderately Stressed
2024-12-10 04:45:00,16.77,22.57,57.0,23.8,18.5,5.53,21.7,1,5,2,4,0,1,40,16.86,0.07,-0.07,22.99,Moderately Stressed
2024-12-10 05:00:00,16.78,22.47,57.0,23.8,18.4,5.53,21.6,1,5,2,5,0,1,40,16.85,0.08,-0.02,22.89,Moderately Stressed
2024-12-10 05:15:00,16.75,22.37,57.0,23.9,18.0,5.52,21.5,1,5,2,5,0,1,40,16.84,0.07,-0.03,22.8,Moderately Stressed
2024-12-10 05:30:00,17.14,22.26,63.0,23.9,18.0,5.51,21.4,1,5,2,5,0,1,40,16.85,0.11,0.37,22.8,Moderately Stressed
2024-12-10 05:45:00,17.14,22.26,63.0,24.0,17.8,5.51,21.4,1,5,2,5,0,1,40,16.87,0.14,0.37,22.73,Moderately Stressed
2024-12-10 06:00:00,17.07,22.16,62.0,23.8,18.3,5.5,21.3,1,5,2,6,1,1,40,16.88,0.15,0.29,22.68,Moderately Stressed
2024-12-10 06:15:00,17.06,22.11,62.0,23.5,18.8,5.5,21.3,1,5,2,6,1,1,40,16.9,0.16,0.31,22.68,Moderately Stressed
2024-12-10 06:30:00,17.02,22.07,62.0,23.5,18.8,5.49,21.3,1,5,2,6,1,1,40,16.91,0.16,-0.12,22.68,Moderately Stressed
2024-12-10 06:45:00,17.02,22.07,62.0,23.5,18.3,5.49,21.3,1,5,2,6,1,1,40,16.92,0.16,-0.12,22.68,Moderately Stressed
2024-12-10 07:00:00,16.97,22.02,61.0,23.4,18.8,5.49,21.3,1,5,2,7,1,1,40,16.94,0.16,-0.1,22.65,Moderately Stressed
2024-12-10 07:15:00,16.92,22.0,60.0,22.7,19.8,5.49,21.3,1,5,2,7,1,1,40,16.95,0.15,-0.14,22.57,Moderately Stressed
2024-12-10 07:30:00,16.83,22.06,60.0,22.7,19.8,5.47,21.5,1,5,2,7,1,1,40,16.96,0.14,-0.19,22.57,Moderately Stressed
2024-12-10 07:45:00,16.83,22.06,60.0,22.0,20.4,5.47,21.5,1,5,2,7,1,1,40,16.96,0.14,-0.19,22.47,Moderately Stressed
2024-12-10 08:00:00,16.77,22.17,59.0,21.0,21.2,5.47,21.7,1,5,2,8,1,1,40,16.96,0.14,-0.2,22.37,Moderately Stressed
2024-12-10 08:15:00,16.73,22.27,59.0,19.0,22.2,5.46,21.9,1,5,2,8,1,1,40,16.96,0.14,-0.19,22.27,Moderately Stressed
2024-12-10 08:30:00,16.66,22.39,58.0,19.0,22.2,5.44,22.1,1,5,2,8,1,1,40,16.92,0.15,-0.17,22.39,Moderately Stressed
2024-12-10 08:45:00,16.66,22.39,58.0,16.1,28.5,5.44,22.1,1,5,2,8,1,1,40,16.88,0.15,-0.17,22.39,Moderately Stressed
2024-12-10 09:00:00,16.54,22.67,57.0,14.0,30.9,5.4,23.0,1,5,2,9,1,1,40,16.83,0.17,-0.23,22.67,Moderately Stressed
2024-12-10 09:15:00,16.34,23.09,57.0,13.9,33.7,5.34,23.6,1,5,2,9,1,1,40,16.77,0.2,-0.39,23.09,Moderately Stressed
2024-12-10 09:30:00,16.19,23.48,56.0,13.9,33.7,5.29,24.0,1,5,2,9,1,1,40,16.7,0.25,-0.47,23.48,Moderately Stressed
2024-12-10 09:45:00,16.19,23.48,56.0,14.3,31.4,5.29,24.0,1,5,2,9,1,1,41,16.64,0.27,-0.47,23.48,Moderately Stressed
2024-12-10 10:00:00,15.93,23.82,55.0,13.9,36.5,5.23,24.7,1,5,2,10,1,1,41,16.55,0.31,-0.61,23.82,Moderately Stressed
2024-12-10 10:15:00,15.6,24.22,54.0,14.2,36.3,5.18,25.5,1,4,2,10,1,1,41,16.44,0.39,-0.74,24.22,Moderately Stressed
2024-12-10 10:30:00,15.35,24.65,54.0,14.2,36.3,5.12,26.2,1,4,2,10,1,1,41,16.32,0.48,-0.84,24.65,Moderately Stressed
2024-12-10 10:45:00,15.35,24.65,54.0,14.5,38.8,5.12,26.2,1,4,2,10,1,1,41,16.19,0.53,-0.84,24.65,Moderately Stressed
2024-12-10 11:00:00,15.0,25.14,53.0,14.7,38.8,5.05,27.2,1,4,2,11,1,1,41,16.05,0.59,-0.93,25.14,Moderately Stressed
2024-12-10 11:15:00,14.76,25.58,52.0,14.9,36.8,4.97,28.5,1,4,2,11,1,1,41,15.88,0.66,-0.84,25.58,Moderately Stressed
2024-12-10 11:30:00,14.71,25.97,51.0,14.9,36.8,4.9,29.8,1,4,2,11,1,1,41,15.72,0.69,-0.64,25.97,Moderately Stressed
2024-12-10 11:45:00,14.71,25.97,51.0,15.4,34.0,4.9,29.8,1,4,2,11,1,1,41,15.56,0.67,-0.64,25.97,Moderately Stressed
2024-12-10 12:00:00,14.57,26.08,50.0,15.3,35.3,4.87,30.3,1,4,2,12,1,1,41,15.39,0.65,-0.43,26.08,Moderately Stressed
2024-12-10 12:15:00,14.31,26.49,50.0,15.4,36.2,4.82,31.4,1,4,2,12,1,1,41,15.22,0.65,-0.45,26.49,Moderately Stressed
2024-12-10 12:30:00,14.09,27.01,49.0,15.4,36.2,4.85,30.8,1,4,2,12,1,1,41,15.05,0.64,-0.62,27.01,Moderately Stressed
2024-12-10 12:45:00,14.09,27.01,49.0,15.6,34.9,4.85,30.8,1,4,2,12,1,1,41,14.87,0.59,-0.62,27.01,Moderately Stressed
2024-12-10 13:00:00,13.98,27.32,48.0,15.7,33.7,4.87,30.0,1,4,2,13,1,1,41,14.71,0.54,-0.59,27.32,Moderately Stressed
2024-12-10 13:15:00,13.89,27.43,48.0,15.4,33.6,4.87,29.5,1,4,2,13,1,1,41,14.57,0.51,-0.42,27.43,Moderately Stressed
2024-12-10 13:30:00,13.73,27.51,47.0,15.4,33.6,4.86,29.4,1,4,2,13,1,1,41,14.43,0.49,-0.36,27.51,Moderately Stressed
2024-12-10 13:45:00,13.73,27.51,47.0,14.8,34.8,4.86,29.4,1,4,2,13,1,1,41,14.3,0.44,-0.36,27.51,Moderately Stressed
2024-12-10 14:00:00,13.48,27.74,47.0,14.5,35.8,4.85,29.7,1,4,2,14,1,1,41,14.17,0.44,-0.5,27.74,Moderately Stressed
2024-12-10 14:15:00,13.46,27.93,46.0,15.0,32.0,4.87,29.5,1,4,2,14,1,1,41,14.06,0.44,-0.43,27.93,Moderately Stressed
2024-12-10 14:30:00,13.37,27.85,46.0,15.0,32.0,4.84,29.2,1,4,2,14,1,1,41,13.95,0.43,-0.36,27.93,Moderately Stressed
2024-12-10 14:45:00,13.37,27.85,46.0,14.6,31.2,4.84,29.2,1,4,2,14,1,1,41,13.84,0.39,-0.36,27.93,Moderately Stressed
2024-12-10 15:00:00,13.41,27.79,46.0,14.3,30.4,4.82,28.8,1,4,2,15,1,1,41,13.74,0.33,-0.07,27.93,Moderately Stressed
2024-12-10 15:15:00,13.47,27.65,46.0,14.7,28.6,4.8,28.3,1,4,2,15,1,1,41,13.67,0.28,0.01,27.93,Moderately Stressed
2024-12-10 15:30:00,13.47,27.65,46.0,14.7,28.6,4.81,28.1,1,4,2,15,1,1,41,13.62,0.25,0.1,27.93,Moderately Stressed
2024-12-10 15:45:00,13.49,27.37,46.0,15.5,27.8,4.81,28.1,1,4,2,15,1,1,41,13.57,0.21,0.12,27.93,Moderately Stressed
2024-12-10 16:00:00,13.49,27.37,46.0,14.9,28.4,4.82,28.0,1,4,2,16,1,1,41,13.53,0.16,0.08,27.93,Moderately Stressed
2024-12-10 16:15:00,13.48,27.32,46.0,15.1,27.6,4.79,28.3,1,4,2,16,1,1,41,13.5,0.12,0.01,27.93,Moderately Stressed
2024-12-10 16:30:00,13.5,27.22,46.0,15.1,27.6,4.8,28.1,1,4,2,16,1,1,41,13.48,0.09,0.03,27.93,Moderately Stressed
2024-12-10 16:45:00,13.5,27.22,46.0,15.8,26.3,4.8,28.1,1,4,2,16,1,1,41,13.46,0.05,0.01,27.93,Moderately Stressed
2024-12-10 17:00:00,13.52,27.04,45.0,16.2,25.5,4.83,27.7,1,4,2,17,1,1,41,13.46,0.05,0.03,27.93,Moderately Stressed
2024-12-10 17:15:00,13.56,26.88,46.0,16.7,25.1,4.89,27.3,1,4,2,17,1,1,41,13.47,0.06,0.08,27.85,Moderately Stressed
2024-12-10 17:30:00,13.63,26.7,46.0,16.7,25.1,4.98,26.8,1,4,2,17,1,1,41,13.49,0.07,0.13,27.85,Moderately Stressed
2024-12-10 17:45:00,13.63,26.7,46.0,17.3,24.0,4.98,26.8,1,4,2,17,1,1,41,13.51,0.06,0.13,27.79,Moderately Stressed
2024-12-10 18:00:00,13.71,26.45,46.0,18.0,23.0,5.03,26.3,1,4,2,18,1,1,41,13.54,0.08,0.19,27.65,Moderately Stressed
2024-12-10 18:15:00,13.75,26.18,46.0,18.6,22.5,5.11,25.8,1,4,2,18,1,1,41,13.56,0.1,0.19,27.65,Moderately Stressed
2024-12-10 18:30:00,13.77,25.93,46.0,18.6,22.5,5.18,25.5,1,4,2,18,1,1,41,13.59,0.11,0.14,27.37,Moderately Stressed
2024-12-10 18:45:00,13.77,25.93,46.0,18.7,22.1,5.18,25.5,1,4,2,18,1,1,41,13.61,0.12,0.14,27.37,Moderately Stressed
2024-12-10 19:00:00,13.79,25.72,46.0,18.7,22.2,5.22,25.5,1,4,2,19,0,1,41,13.63,0.12,0.08,27.32,Moderately Stressed
2024-12-10 19:15:00,13.83,25.55,46.0,18.7,22.0,5.26,25.0,1,4,2,19,0,1,41,13.66,0.12,0.08,27.22,Moderately Stressed
2024-12-10 19:30:00,13.88,25.43,46.0,18.7,22.0,5.28,25.0,1,4,2,19,0,1,41,13.7,0.12,0.11,27.22,Moderately Stressed
2024-12-10 19:45:00,13.88,25.43,46.0,18.4,21.6,5.28,25.0,1,4,2,19,0,1,41,13.73,0.12,0.11,27.04,Moderately Stressed
2024-12-10 20:00:00,13.91,25.26,46.0,18.6,21.6,5.3,24.7,1,4,2,20,0,1,41,13.76,0.11,0.12,26.88,Moderately Stressed
2024-12-10 20:15:00,13.94,25.06,46.0,18.7,21.5,5.33,24.5,1,4,2,20,0,1,41,13.79,0.1,0.11,26.7,Moderately Stressed
2024-12-10 20:30:00,13.98,24.92,46.0,18.7,21.5,5.34,24.3,1,3,1,20,0,1,41,13.82,0.1,0.1,26.7,Moderately Stressed
2024-12-10 20:45:00,13.98,24.92,46.0,18.9,21.2,5.34,24.3,1,3,1,20,0,1,41,13.85,0.09,0.1,26.45,Moderately Stressed
2024-12-10 21:00:00,13.99,24.75,46.0,18.7,21.1,5.36,24.1,1,3,1,21,0,1,41,13.87,0.09,0.08,26.18,Moderately Stressed
2024-12-10 21:15:00,14.01,24.63,46.0,18.5,20.9,5.37,23.9,1,3,1,21,0,1,41,13.89,0.09,0.07,25.93,Moderately Stressed
2024-12-10 21:30:00,14.02,24.49,46.0,18.5,20.9,5.38,23.7,1,3,1,21,0,1,41,13.92,0.09,0.04,25.93,Moderately Stressed
2024-12-10 21:45:00,14.02,24.49,46.0,18.4,20.7,5.38,23.7,1,3,1,21,0,1,41,13.94,0.08,0.04,25.72,Moderately Stressed
2024-12-10 22:00:00,14.03,24.35,46.0,18.4,20.5,5.39,23.5,1,3,1,22,0,1,41,13.96,0.07,0.04,25.55,Moderately Stressed
2024-12-10 22:15:00,14.06,24.23,46.0,18.4,20.4,5.39,23.4,1,3,1,22,0,1,41,13.98,0.06,0.05,25.43,Moderately Stressed
2024-12-10 22:30:00,14.1,24.11,46.0,18.4,20.4,5.4,23.3,1,3,1,22,0,1,41,13.99,0.06,0.08,25.43,Moderately Stressed
2024-12-10 22:45:00,14.1,24.11,46.0,18.5,20.4,5.4,23.3,1,3,1,22,0,1,41,14.01,0.06,0.08,25.26,Moderately Stressed
2024-12-10 23:00:00,14.12,24.01,46.0,19.0,20.2,5.39,23.2,1,3,1,23,0,1,41,14.03,0.06,0.09,25.06,Moderately Stressed
2024-12-10 23:15:00,14.15,23.92,46.0,19.3,19.9,5.38,23.1,1,3,1,23,0,1,41,14.05,0.06,0.09,24.92,Moderately Stressed
2024-12-10 23:30:00,14.18,23.82,46.0,19.3,19.9,5.39,23.0,1,3,1,23,0,1,41,14.06,0.07,0.08,24.92,Moderately Stressed
2024-12-10 23:45:00,14.18,23.82,46.0,20.0,19.8,5.39,23.0,1,3,1,23,0,1,41,14.08,0.07,0.08,24.75,Moderately Stressed
2024-12-11 00:00:00,14.2,23.71,46.0,20.2,19.7,5.38,22.9,1,3,1,0,0,2,41,14.1,0.07,0.08,24.63,Moderately Stressed
2024-12-11 00:15:00,14.23,23.6,46.0,20.7,19.6,5.38,22.8,1,3,1,0,0,2,41,14.12,0.07,0.08,24.49,Moderately Stressed
2024-12-11 00:30:00,14.23,23.5,46.0,20.7,19.6,5.38,22.6,1,3,1,0,0,2,41,14.13,0.07,0.05,24.49,Moderately Stressed
2024-12-11 00:45:00,14.23,23.5,46.0,20.7,19.4,5.38,22.6,1,3,1,0,0,2,41,14.15,0.07,0.05,24.35,Moderately Stressed
2024-12-11 01:00:00,14.26,23.4,46.0,20.6,19.2,5.38,22.5,1,3,1,1,0,2,41,14.17,0.06,0.06,24.23,Moderately Stressed
2024-12-11 01:15:00,14.26,23.3,46.0,20.7,19.1,5.37,22.5,1,3,1,1,0,2,41,14.19,0.06,0.03,24.11,Moderately Stressed
2024-12-11 01:30:00,14.27,23.2,46.0,20.7,19.1,5.37,22.4,1,3,1,1,0,2,41,14.2,0.06,0.04,24.11,Moderately Stressed
2024-12-11 01:45:00,14.27,23.2,46.0,21.1,19.0,5.37,22.4,1,3,1,1,0,2,41,14.22,0.05,0.04,24.01,Moderately Stressed
2024-12-11 02:00:00,14.28,23.09,46.0,21.7,19.1,5.37,22.2,1,3,1,2,0,2,41,14.23,0.04,0.02,23.92,Moderately Stressed
2024-12-11 02:15:00,14.3,22.99,46.0,21.7,19.1,5.37,22.1,1,3,1,2,0,2,41,14.24,0.04,0.04,23.82,Moderately Stressed
2024-12-11 02:30:00,14.31,22.9,46.0,21.7,19.1,5.36,22.0,1,3,1,2,0,2,41,14.25,0.04,0.04,23.82,Moderately Stressed
2024-12-11 02:45:00,14.31,22.9,46.0,21.7,19.0,5.36,22.0,1,3,1,2,0,2,41,14.26,0.03,0.04,23.71,Moderately Stressed
2024-12-11 03:00:00,14.41,22.81,46.0,21.7,18.9,5.36,21.9,1,3,1,3,0,2,41,14.28,0.05,0.13,23.6,Moderately Stressed
2024-12-11 03:15:00,14.43,22.75,46.0,21.7,18.8,5.35,21.8,1,3,1,3,0,2,41,14.3,0.06,0.13,23.5,Moderately Stressed
2024-12-11 03:30:00,14.43,22.67,46.0,21.7,18.8,5.36,21.8,1,3,1,3,0,2,41,14.31,0.07,0.12,23.5,Moderately Stressed
2024-12-11 03:45:00,14.43,22.67,46.0,21.7,18.9,5.36,21.8,1,3,1,3,0,2,41,14.33,0.07,0.12,23.4,Moderately Stressed
2024-12-11 04:00:00,14.43,22.58,46.0,21.7,18.7,5.35,21.7,1,3,1,4,0,2,41,14.34,0.07,0.02,23.3,Moderately Stressed
2024-12-11 04:15:00,14.49,22.49,46.0,22.0,18.8,5.35,21.6,1,3,1,4,0,2,41,14.36,0.08,0.06,23.2,Moderately Stressed
2024-12-11 04:30:00,14.5,22.41,46.0,22.0,18.8,5.35,21.5,1,3,1,4,0,2,41,14.38,0.08,0.07,23.2,Moderately Stressed
2024-12-11 04:45:00,14.5,22.41,46.0,22.0,18.6,5.35,21.5,1,3,1,4,0,2,41,14.4,0.08,0.07,23.09,Moderately Stressed
2024-12-11 05:00:00,14.52,22.34,46.0,22.0,18.7,5.35,21.4,1,3,1,5,0,2,41,14.42,0.08,0.09,22.99,Moderately Stressed
2024-12-11 05:15:00,14.52,22.27,46.0,22.0,18.5,5.35,21.3,1,3,1,5,0,2,41,14.44,0.07,0.03,22.9,Moderately Stressed
2024-12-11 05:30:00,14.56,22.17,46.0,22.0,18.5,5.34,21.3,1,3,1,5,0,2,41,14.46,0.07,0.06,22.9,Moderately Stressed
2024-12-11 05:45:00,14.56,22.17,46.0,22.0,18.4,5.34,21.3,1,3,1,5,0,2,41,14.48,0.05,0.06,22.81,Moderately Stressed
2024-12-11 06:00:00,14.57,22.09,46.0,21.9,18.5,5.35,21.1,1,3,1,6,1,2,41,14.5,0.05,0.05,22.75,Moderately Stressed
2024-12-11 06:15:00,14.58,22.0,46.0,21.7,18.6,5.35,21.0,1,3,1,6,1,2,41,14.51,0.06,0.06,22.67,Moderately Stressed
2024-12-11 06:30:00,14.58,21.96,46.0,21.7,18.6,5.35,21.0,1,3,1,6,1,2,41,14.52,0.05,0.02,22.67,Moderately Stressed
2024-12-11 06:45:00,14.58,21.96,46.0,21.4,18.6,5.35,21.0,1,3,1,6,1,2,41,14.53,0.05,0.02,22.58,Moderately Stressed
2024-12-11 07:00:00,14.58,21.96,46.0,20.5,19.3,5.33,21.1,1,3,1,7,1,2,41,14.55,0.04,0.01,22.49,Moderately Stressed
2024-12-11 07:15:00,14.54,21.99,46.0,18.9,20.9,5.33,21.3,1,3,1,7,1,2,41,14.55,0.03,-0.04,22.41,Moderately Stressed
2024-12-11 07:30:00,14.51,22.14,46.0,18.9,20.9,5.31,21.7,1,3,1,7,1,2,41,14.55,0.03,-0.07,22.41,Moderately Stressed
2024-12-11 07:45:00,14.51,22.14,46.0,15.9,22.3,5.31,21.7,1,3,1,7,1,2,41,14.55,0.03,-0.07,22.34,Moderately Stressed
2024-12-11 08:00:00,14.42,22.29,46.0,14.3,23.2,5.29,22.0,1,3,1,8,1,2,41,14.54,0.05,-0.16,22.29,Moderately Stressed
2024-12-11 08:15:00,14.4,22.56,46.0,13.7,24.0,5.27,22.4,1,3,1,8,1,2,41,14.53,0.06,-0.14,22.56,Moderately Stressed
2024-12-11 08:30:00,14.36,22.68,46.0,13.7,24.0,5.26,22.4,1,3,1,8,1,2,41,14.52,0.08,-0.15,22.68,Moderately Stressed
2024-12-11 08:45:00,14.36,22.68,46.0,13.2,25.9,5.26,22.4,1,3,1,8,1,2,41,14.5,0.09,-0.15,22.68,Moderately Stressed
2024-12-11 09:00:00,14.28,22.85,46.0,13.2,24.5,5.22,23.0,1,3,1,9,1,2,41,14.48,0.11,-0.14,22.85,Moderately Stressed
2024-12-11 09:15:00,14.22,22.98,45.0,12.3,29.9,5.22,23.0,1,3,1,9,1,2,41,14.44,0.12,-0.18,22.98,Moderately Stressed
2024-12-11 09:30:00,13.88,23.43,45.0,12.3,29.9,5.12,24.1,1,3,1,9,1,2,41,14.39,0.2,-0.48,23.43,Moderately Stressed
2024-12-11 09:45:00,13.88,23.43,45.0,11.9,35.4,5.12,24.1,1,3,1,9,1,2,42,14.33,0.23,-0.48,23.43,Moderately Stressed
2024-12-11 10:00:00,13.63,24.1,45.0,12.1,34.0,5.02,25.0,1,3,1,10,1,2,42,14.25,0.29,-0.65,24.1,Moderately Stressed
2024-12-11 10:15:00,13.51,24.49,45.0,12.1,36.8,5.0,25.6,1,3,1,10,1,2,42,14.16,0.35,-0.71,24.49,Moderately Stressed
2024-12-11 10:30:00,22.5,24.94,128.0,12.1,36.8,5.52,25.3,4,12,6,10,1,2,42,14.83,2.44,8.62,24.94,Healthy
2024-12-11 10:45:00,22.5,24.94,128.0,12.8,38.1,5.52,25.3,5,15,7,10,1,2,42,15.5,3.29,8.62,24.94,Healthy
2024-12-11 11:00:00,20.5,25.45,106.0,13.9,37.6,5.63,27.2,3,10,5,11,1,2,42,16.0,3.56,6.87,25.45,Healthy
2024-12-11 11:15:00,19.88,25.67,96.0,14.2,33.1,5.63,27.2,3,9,4,11,1,2,42,16.46,3.69,6.37,25.67,Healthy
2024-12-11 11:30:00,19.51,25.76,90.0,14.2,33.1,5.58,28.4,3,8,4,11,1,2,42,16.89,3.72,-2.99,25.76,Healthy
2024-12-11 11:45:00,19.51,25.76,90.0,15.1,33.7,5.58,28.4,6,17,8,11,1,2,42,17.32,3.7,-2.99,25.76,Healthy
2024-12-11 12:00:00,21.73,26.18,121.0,19.9,35.0,5.76,28.9,5,15,7,12,1,2,42,17.94,3.77,1.23,26.18,Healthy
2024-12-11 12:15:00,20.56,26.49,105.0,19.1,31.1,5.89,28.3,4,11,5,12,1,2,42,18.47,3.64,0.68,26.49,Healthy
2024-12-11 12:30:00,20.14,26.52,99.0,19.1,31.1,5.93,27.7,3,10,5,12,1,2,42,18.99,3.36,0.63,26.52,Healthy
2024-12-11 12:45:00,20.14,26.52,99.0,18.4,29.9,5.93,27.7,3,9,4,12,1,2,42,19.51,2.96,0.63,26.52,Healthy
2024-12-11 13:00:00,19.86,26.5,94.0,18.0,29.8,5.93,27.5,3,9,4,13,1,2,42,20.03,2.31,-1.87,26.52,Healthy
2024-12-11 13:15:00,19.57,26.59,91.0,17.3,30.5,5.92,27.7,3,9,4,13,1,2,42,20.53,1.1,-0.99,26.59,Healthy
2024-12-11 13:30:00,19.26,26.69,88.0,17.3,30.5,5.87,28.2,3,8,4,13,1,2,42,20.26,0.97,-0.88,26.69,Healthy
2024-12-11 13:45:00,19.26,26.69,88.0,17.0,33.1,5.87,28.2,2,8,4,13,1,2,42,19.99,0.7,-0.88,26.69,Healthy
2024-12-11 14:00:00,19.07,26.86,85.0,16.7,31.4,5.87,28.1,2,7,3,14,1,2,42,19.87,0.73,-0.79,26.86,Healthy
2024-12-11 14:15:00,18.8,26.99,83.0,16.7,30.9,5.85,28.2,2,7,3,14,1,2,42,19.78,0.79,-0.77,26.99,Healthy
2024-12-11 14:30:00,18.68,27.01,81.0,16.7,30.9,5.86,27.9,2,7,3,14,1,2,42,19.72,0.85,-0.58,27.01,Healthy
2024-12-11 14:45:00,18.68,27.01,81.0,16.4,29.6,5.86,27.9,2,7,3,14,1,2,42,19.65,0.9,-0.58,27.01,Healthy
2024-12-11 15:00:00,18.59,27.01,79.0,16.7,28.1,5.89,27.5,2,7,3,15,1,2,42,19.38,0.67,-0.48,27.01,Healthy
2024-12-11 15:15:00,18.47,26.9,78.0,16.4,27.4,5.91,27.2,2,7,3,15,1,2,42,19.21,0.6,-0.33,27.01,Healthy
2024-12-11 15:30:00,18.34,26.8,77.0,16.4,27.4,5.92,27.0,2,8,4,15,1,2,42,19.06,0.57,-0.34,27.01,Healthy
2024-12-11 15:45:00,18.34,26.8,77.0,16.7,26.5,5.92,27.0,2,8,4,15,1,2,42,18.91,0.49,-0.34,27.01,Healthy
2024-12-11 16:00:00,18.3,26.63,75.0,17.0,25.6,5.95,26.6,2,7,3,16,1,2,42,18.78,0.42,-0.29,27.01,Healthy
2024-12-11 16:15:00,18.18,26.49,74.0,16.7,25.7,5.94,26.6,2,7,3,16,1,2,42,18.66,0.37,-0.29,27.01,Healthy
2024-12-11 16:30:00,18.11,26.39,73.0,16.7,25.7,5.94,26.4,2,7,3,16,1,2,42,18.57,0.35,-0.23,27.01,Healthy
2024-12-11 16:45:00,18.11,26.39,73.0,16.9,25.2,5.94,26.4,2,7,3,16,1,2,42,18.47,0.3,-0.23,27.01,Healthy
2024-12-11 17:00:00,18.03,26.28,73.0,16.7,24.9,5.95,26.2,2,7,3,17,1,2,42,18.39,0.26,-0.27,27.01,Healthy
2024-12-11 17:15:00,17.98,26.18,72.0,17.3,24.1,5.95,26.0,2,7,3,17,1,2,42,18.32,0.25,-0.2,27.01,Moderately Stressed
2024-12-11 17:30:00,17.92,25.97,71.0,17.3,24.1,5.96,25.7,2,7,3,17,1,2,42,18.25,0.24,-0.19,27.01,Moderately Stressed
2024-12-11 17:45:00,17.92,25.97,71.0,17.7,23.4,5.96,25.7,2,7,3,17,1,2,42,18.19,0.22,-0.19,27.01,Moderately Stressed
2024-12-11 18:00:00,17.89,25.77,70.0,18.3,22.6,5.98,25.3,2,7,3,18,1,2,42,18.13,0.19,-0.14,26.9,Moderately Stressed
2024-12-11 18:15:00,17.83,25.57,70.0,18.7,22.2,5.98,25.0,2,7,3,18,1,2,42,18.08,0.18,-0.15,26.8,Moderately Stressed
2024-12-11 18:30:00,17.75,25.41,69.0,18.7,22.2,5.98,24.8,2,7,3,18,1,2,42,18.03,0.18,-0.17,26.8,Moderately Stressed
2024-12-11 18:45:00,17.75,25.41,69.0,18.8,22.0,5.98,24.8,2,7,3,18,1,2,42,17.98,0.17,-0.17,26.63,Moderately Stressed
2024-12-11 19:00:00,17.72,25.25,69.0,19.3,21.6,5.97,24.7,2,7,3,19,0,2,42,17.93,0.15,-0.17,26.49,Moderately Stressed
2024-12-11 19:15:00,17.68,25.06,68.0,19.6,21.4,5.98,24.4,2,7,3,19,0,2,42,17.89,0.15,-0.15,26.39,Moderately Stressed
2024-12-11 19:30:00,17.61,24.92,68.0,19.6,21.4,5.98,24.2,2,6,3,19,0,2,42,17.85,0.15,-0.14,26.39,Moderately Stressed
2024-12-11 19:45:00,17.61,24.92,68.0,19.4,21.3,5.98,24.2,2,6,3,19,0,2,42,17.81,0.14,-0.14,26.28,Moderately Stressed
2024-12-11 20:00:00,17.58,24.78,67.0,19.7,21.0,5.98,24.1,2,6,3,20,0,2,42,17.77,0.14,-0.14,26.18,Moderately Stressed
2024-12-11 20:15:00,17.54,24.63,67.0,20.0,20.8,5.98,23.9,2,6,3,20,0,2,42,17.73,0.13,-0.14,25.97,Moderately Stressed
2024-12-11 20:30:00,17.48,24.49,66.0,20.0,20.8,5.98,23.7,2,6,3,20,0,2,42,17.7,0.14,-0.13,25.97,Moderately Stressed
2024-12-11 20:45:00,17.48,24.49,66.0,20.0,20.9,5.98,23.7,2,6,3,20,0,2,42,17.66,0.13,-0.13,25.77,Moderately Stressed
2024-12-11 21:00:00,17.47,24.37,66.0,19.7,20.8,5.97,23.6,2,6,3,21,0,2,42,17.62,0.12,-0.11,25.57,Moderately Stressed
2024-12-11 21:15:00,17.42,24.26,65.0,19.7,20.7,5.97,23.5,2,6,3,21,0,2,42,17.59,0.12,-0.12,25.41,Moderately Stressed
2024-12-11 21:30:00,17.39,24.13,65.0,19.7,20.7,5.97,23.4,2,6,3,21,0,2,42,17.56,0.12,-0.09,25.41,Moderately Stressed
2024-12-11 21:45:00,17.39,24.13,65.0,19.7,20.8,5.97,23.4,2,6,3,21,0,2,42,17.53,0.11,-0.09,25.25,Moderately Stressed
2024-12-11 22:00:00,17.34,24.02,65.0,19.6,20.5,5.97,23.2,2,5,2,22,0,2,42,17.5,0.11,-0.13,25.06,Moderately Stressed
2024-12-11 22:15:00,17.32,23.91,64.0,19.4,20.4,5.96,23.1,2,5,2,22,0,2,42,17.47,0.1,-0.1,24.92,Moderately Stressed
2024-12-11 22:30:00,17.3,23.8,64.0,19.4,20.4,5.96,23.0,2,5,2,22,0,2,42,17.44,0.1,-0.09,24.92,Moderately Stressed
2024-12-11 22:45:00,17.3,23.8,64.0,19.3,20.4,5.96,23.0,2,5,2,22,0,2,42,17.42,0.09,-0.09,24.78,Moderately Stressed
2024-12-11 23:00:00,17.25,23.72,63.0,19.0,20.3,5.94,23.0,2,5,2,23,0,2,42,17.39,0.09,-0.09,24.63,Moderately Stressed
2024-12-11 23:15:00,17.23,23.69,63.0,19.3,20.4,5.94,23.0,2,5,2,23,0,2,42,17.36,0.09,-0.09,24.49,Moderately Stressed
2024-12-11 23:30:00,17.19,23.6,63.0,19.3,20.4,5.93,22.9,2,5,2,23,0,2,42,17.34,0.09,-0.11,24.49,Moderately Stressed
2024-12-11 23:45:00,17.19,23.6,63.0,19.4,20.3,5.93,22.9,2,5,2,23,0,2,42,17.32,0.09,-0.11,24.37,Moderately Stressed
2024-12-12 00:00:00,17.19,23.51,63.0,19.3,20.2,5.93,22.7,2,5,2,0,0,3,42,17.29,0.08,-0.06,24.26,Moderately Stressed
2024-12-12 00:15:00,17.15,23.41,62.0,19.3,20.1,5.93,22.6,2,5,2,0,0,3,42,17.27,0.08,-0.08,24.13,Moderately Stressed
2024-12-12 00:30:00,17.13,23.36,62.0,19.3,20.1,5.92,22.6,1,5,2,0,0,3,42,17.25,0.08,-0.06,24.13,Moderately Stressed
2024-12-12 00:45:00,17.13,23.36,62.0,19.3,20.3,5.92,22.6,1,5,2,0,0,3,42,17.23,0.07,-0.06,24.02,Moderately Stressed
2024-12-12 01:00:00,17.08,23.31,62.0,19.0,20.3,5.92,22.6,1,5,2,1,0,3,42,17.2,0.08,-0.11,23.91,Moderately Stressed
2024-12-12 01:15:00,17.6,23.29,70.0,22.7,19.7,5.91,22.5,2,7,3,1,0,3,42,17.23,0.14,0.45,23.8,Moderately Stressed
2024-12-12 01:30:00,17.68,23.16,70.0,22.7,19.7,5.91,22.2,2,7,3,1,0,3,42,17.26,0.19,0.55,23.8,Moderately Stressed
2024-12-12 01:45:00,17.68,23.16,70.0,23.7,19.5,5.91,22.2,2,6,3,1,0,3,42,17.29,0.22,0.55,23.72,Moderately Stressed
2024-12-12 02:00:00,17.59,23.03,68.0,23.4,19.6,5.9,22.1,2,6,3,2,0,3,42,17.32,0.24,0.51,23.69,Moderately Stressed
2024-12-12 02:15:00,17.59,23.03,68.0,22.6,19.6,5.89,22.0,2,5,2,2,0,3,42,17.35,0.25,-0.01,23.6,Moderately Stressed
2024-12-12 02:30:00,17.44,22.87,67.0,22.6,19.6,5.89,21.9,2,5,2,2,0,3,42,17.37,0.24,-0.24,23.6,Moderately Stressed
2024-12-12 02:45:00,17.44,22.87,67.0,22.0,19.6,5.89,21.9,2,5,2,2,0,3,42,17.39,0.24,-0.24,23.51,Moderately Stressed
2024-12-12 03:00:00,17.38,22.78,66.0,21.0,19.6,5.9,21.8,2,5,2,3,0,3,42,17.41,0.23,-0.21,23.41,Moderately Stressed
2024-12-12 03:15:00,17.3,22.68,66.0,20.7,19.6,5.89,21.7,1,5,2,3,0,3,42,17.42,0.22,-0.29,23.36,Moderately Stressed
2024-12-12 03:30:00,17.23,22.64,65.0,20.7,19.6,5.89,21.7,1,5,2,3,0,3,42,17.43,0.21,-0.21,23.36,Moderately Stressed
2024-12-12 03:45:00,17.23,22.64,65.0,20.3,19.6,5.89,21.7,1,5,2,3,0,3,42,17.44,0.2,-0.21,23.31,Moderately Stressed
2024-12-12 04:00:00,17.17,22.59,64.0,20.0,19.6,5.88,21.7,1,5,2,4,0,3,42,17.44,0.18,-0.21,23.29,Moderately Stressed
2024-12-12 04:15:00,17.12,22.57,64.0,20.1,19.6,5.87,21.7,1,5,2,4,0,3,42,17.4,0.2,-0.18,23.16,Moderately Stressed
2024-12-12 04:30:00,17.08,22.57,63.0,20.1,19.6,5.86,21.7,1,5,2,4,0,3,42,17.35,0.2,-0.15,23.16,Moderately Stressed
2024-12-12 04:45:00,17.08,22.57,63.0,20.0,19.6,5.86,21.7,1,5,2,4,0,3,42,17.3,0.18,-0.15,23.03,Moderately Stressed
2024-12-12 05:00:00,17.04,22.54,63.0,20.0,19.8,5.86,21.7,1,5,2,5,0,3,42,17.26,0.17,-0.13,23.03,Moderately Stressed
2024-12-12 05:15:00,17.0,22.5,63.0,19.9,19.8,5.85,21.7,1,5,2,5,0,3,42,17.21,0.15,-0.12,22.87,Moderately Stressed
2024-12-12 05:30:00,16.97,22.47,62.0,19.9,19.8,5.85,21.6,1,5,2,5,0,3,42,17.17,0.15,-0.11,22.87,Moderately Stressed
2024-12-12 05:45:00,16.97,22.47,62.0,19.8,19.8,5.85,21.6,1,5,2,5,0,3,42,17.13,0.13,-0.11,22.78,Moderately Stressed
2024-12-12 06:00:00,16.93,22.45,62.0,19.7,19.8,5.84,21.6,1,5,2,6,1,3,42,17.09,0.12,-0.11,22.68,Moderately Stressed
2024-12-12 06:15:00,16.89,22.44,62.0,19.5,19.9,5.84,21.6,1,5,2,6,1,3,42,17.06,0.11,-0.11,22.64,Moderately Stressed
2024-12-12 06:30:00,16.84,22.44,61.0,19.5,19.9,5.83,21.6,1,5,2,6,1,3,42,17.03,0.12,-0.13,22.64,Moderately Stressed
2024-12-12 06:45:00,16.84,22.44,61.0,19.7,20.0,5.83,21.6,1,5,2,6,1,3,42,16.99,0.11,-0.13,22.59,Moderately Stressed
2024-12-12 07:00:00,16.83,22.4,61.0,20.3,19.9,5.82,21.6,1,4,2,7,1,3,42,16.97,0.1,-0.1,22.57,Moderately Stressed
2024-12-12 07:15:00,16.8,22.37,61.0,20.7,20.0,5.82,21.7,1,4,2,7,1,3,42,16.94,0.1,-0.09,22.57,Moderately Stressed
2024-12-12 07:30:00,16.77,22.37,61.0,20.7,20.0,5.81,21.7,1,4,2,7,1,3,42,16.91,0.1,-0.07,22.57,Moderately Stressed
2024-12-12 07:45:00,16.77,22.37,61.0,20.7,20.2,5.81,21.7,1,4,2,7,1,3,42,16.89,0.09,-0.07,22.54,Moderately Stressed
2024-12-12 08:00:00,16.73,22.47,61.0,19.3,21.0,5.8,21.8,1,4,2,8,1,3,42,16.86,0.09,-0.1,22.5,Moderately Stressed
2024-12-12 08:15:00,16.73,22.47,61.0,18.0,21.1,5.79,21.9,1,4,2,8,1,3,42,16.84,0.09,-0.07,22.47,Moderately Stressed
2024-12-12 08:30:00,16.72,22.51,61.0,18.0,21.1,5.78,21.9,1,4,2,8,1,3,42,16.82,0.08,-0.05,22.51,Moderately Stressed
2024-12-12 08:45:00,16.72,22.51,61.0,17.9,20.9,5.78,21.9,1,4,2,8,1,3,42,16.8,0.07,-0.05,22.51,Moderately Stressed
2024-12-12 09:00:00,16.71,22.52,60.0,17.7,20.9,5.78,21.9,1,4,2,9,1,3,42,16.78,0.06,-0.02,22.52,Moderately Stressed
2024-12-12 09:15:00,16.68,22.53,60.0,17.1,21.2,5.78,21.9,1,4,2,9,1,3,42,16.76,0.06,-0.05,22.53,Moderately Stressed
2024-12-12 09:30:00,16.6,22.59,60.0,17.1,21.2,5.76,22.2,1,4,2,9,1,3,42,16.74,0.07,-0.12,22.59,Moderately Stressed
2024-12-12 09:45:00,16.6,22.59,60.0,15.5,22.9,5.76,22.2,1,4,2,9,1,3,43,16.72,0.07,-0.12,22.59,Moderately Stressed
2024-12-12 10:00:00,16.54,22.8,59.0,14.7,23.7,5.73,22.6,1,4,2,10,1,3,43,16.7,0.08,-0.17,22.8,Moderately Stressed
2024-12-12 10:15:00,16.76,22.99,61.0,17.7,22.6,5.71,22.7,2,5,2,10,1,3,43,16.69,0.07,0.08,22.99,Moderately Stressed
2024-12-12 10:30:00,19.36,23.0,90.0,17.7,22.6,5.77,22.4,2,8,4,10,1,3,43,16.91,0.77,2.76,23.0,Healthy
2024-12-12 10:45:00,19.36,23.0,90.0,21.3,21.9,5.77,22.4,3,11,5,10,1,3,43,17.13,1.05,2.76,23.0,Healthy
2024-12-12 11:00:00,19.52,22.98,94.0,22.0,22.6,5.79,22.5,3,10,5,11,1,3,43,17.36,1.24,2.98,23.0,Healthy
2024-12-12 11:15:00,21.25,22.98,107.0,31.9,21.5,5.86,21.9,6,19,9,11,1,3,43,17.74,1.65,4.49,23.0,Healthy
2024-12-12 11:30:00,22.53,22.89,110.0,31.9,21.5,5.79,21.9,11,31,15,11,1,3,43,18.22,2.11,3.17,23.0,Healthy
2024-12-12 11:45:00,22.53,22.89,110.0,40.9,21.5,5.79,21.9,5,15,7,11,1,3,43,18.7,2.39,3.17,23.0,Healthy
2024-12-12 12:00:00,21.79,22.96,103.0,37.7,22.0,5.74,22.5,4,13,6,12,1,3,43,19.13,2.45,2.27,23.0,Healthy
2024-12-12 12:15:00,21.39,22.99,94.0,36.3,22.0,5.76,22.4,4,12,6,12,1,3,43,19.52,2.4,0.14,23.0,Healthy
2024-12-12 12:30:00,21.1,22.99,93.0,36.3,22.0,5.76,22.5,4,11,5,12,1,3,43,19.89,2.25,-1.43,23.0,Healthy
2024-12-12 12:45:00,21.1,22.99,93.0,34.8,22.0,5.76,22.5,3,9,4,12,1,3,43,20.27,2.01,-1.43,23.0,Healthy
2024-12-12 13:00:00,20.44,23.0,86.0,33.3,22.7,5.76,22.6,3,9,4,13,1,3,43,20.59,1.64,-1.35,23.0,Healthy
2024-12-12 13:15:00,20.09,23.09,83.0,32.0,22.7,5.75,22.8,3,8,4,13,1,3,43,20.87,1.13,-1.3,23.09,Healthy
2024-12-12 13:30:00,19.83,23.1,82.0,32.0,22.7,5.75,22.7,2,8,4,13,1,3,43,20.91,1.08,-1.27,23.1,Healthy
2024-12-12 13:45:00,19.83,23.1,82.0,30.8,22.3,5.75,22.7,2,7,3,13,1,3,43,20.95,1.03,-1.27,23.1,Healthy
2024-12-12 14:00:00,19.65,23.1,79.0,28.9,22.3,5.76,22.6,2,7,3,14,1,3,43,20.96,1.01,-0.79,23.1,Healthy
2024-12-12 14:15:00,19.44,23.17,78.0,27.0,23.1,5.75,22.8,2,7,3,14,1,3,43,20.81,1.09,-0.65,23.17,Healthy
2024-12-12 14:30:00,19.33,23.21,77.0,27.0,23.1,5.76,22.7,2,6,3,14,1,3,43,20.54,1.03,-0.5,23.21,Healthy
2024-12-12 14:45:00,19.33,23.21,77.0,27.8,22.0,5.76,22.7,2,7,3,14,1,3,43,20.28,0.87,-0.5,23.21,Healthy
2024-12-12 15:00:00,20.45,23.18,80.0,31.2,22.5,5.76,22.6,4,12,6,15,1,3,43,20.16,0.73,0.8,23.21,Healthy
2024-12-12 15:15:00,20.24,23.2,77.0,31.4,22.7,5.74,22.9,4,11,5,15,1,3,43,20.07,0.62,0.8,23.21,Healthy
2024-12-12 15:30:00,20.02,23.21,75.0,31.4,22.7,5.74,22.8,3,10,5,15,1,3,43,19.98,0.53,0.69,23.21,Healthy
2024-12-12 15:45:00,20.02,23.21,75.0,31.6,22.2,5.74,22.8,3,10,5,15,1,3,43,19.89,0.39,0.69,23.21,Healthy
2024-12-12 16:00:00,20.0,23.18,76.0,32.1,21.7,5.74,22.6,3,10,5,16,1,3,43,19.85,0.36,-0.45,23.21,Healthy
2024-12-12 16:15:00,19.69,23.09,76.0,31.2,22.0,5.74,22.5,3,8,4,16,1,3,43,19.82,0.35,-0.55,23.21,Healthy
2024-12-12 16:30:00,19.52,23.08,74.0,31.2,22.0,5.73,22.5,3,8,4,16,1,3,43,19.79,0.36,-0.5,23.21,Healthy
2024-12-12 16:45:00,19.52,23.08,74.0,30.7,21.6,5.73,22.5,3,8,4,16,1,3,43,19.77,0.37,-0.5,23.21,Healthy
2024-12-12 17:00:00,20.06,22.98,73.0,32.7,21.0,5.72,22.2,3,9,4,17,1,3,43,19.8,0.38,0.06,23.21,Healthy
2024-12-12 17:15:00,20.17,22.88,74.0,34.9,20.8,5.7,22.1,3,11,5,17,1,3,43,19.86,0.37,0.48,23.21,Healthy
2024-12-12 17:30:00,20.1,22.79,74.0,34.9,20.8,5.67,22.1,3,11,5,17,1,3,43,19.93,0.34,0.58,23.21,Healthy
2024-12-12 17:45:00,20.1,22.79,74.0,36.3,20.6,5.67,22.1,3,10,5,17,1,3,43,19.99,0.28,0.58,23.21,Healthy
2024-12-12 18:00:00,20.06,22.72,75.0,36.2,20.4,5.66,21.9,3,11,5,18,1,3,43,19.96,0.24,0.0,23.21,Healthy
2024-12-12 18:15:00,20.29,22.68,73.0,37.7,20.4,5.65,21.9,4,11,5,18,1,3,43,19.96,0.25,0.12,23.21,Healthy
2024-12-12 18:30:00,20.49,22.6,74.0,37.7,20.4,5.65,21.9,4,12,6,18,1,3,43,20.0,0.29,0.39,23.21,Healthy
2024-12-12 18:45:00,20.49,22.6,74.0,38.1,20.2,5.65,21.9,4,12,6,18,1,3,43,20.04,0.32,0.39,23.18,Healthy
2024-12-12 19:00:00,20.66,22.57,71.0,36.4,20.3,5.66,21.8,3,10,5,19,0,3,43,20.1,0.37,0.6,23.09,Healthy
2024-12-12 19:15:00,20.29,22.54,72.0,34.3,20.3,5.67,21.8,3,9,4,19,0,3,43,20.15,0.35,0.0,23.08,Healthy
2024-12-12 19:30:00,20.14,22.49,71.0,34.3,20.3,5.7,21.8,3,9,4,19,0,3,43,20.2,0.29,-0.35,23.08,Healthy
2024-12-12 19:45:00,20.14,22.49,71.0,33.1,20.1,5.7,21.8,3,8,4,19,0,3,43,20.25,0.2,-0.35,22.98,Healthy
2024-12-12 20:00:00,20.01,22.4,70.0,32.2,20.1,5.7,21.6,3,8,4,20,0,3,43,20.24,0.2,-0.65,22.88,Healthy
2024-12-12 20:15:00,19.83,22.35,68.0,31.2,20.1,5.72,21.5,2,7,3,20,0,3,43,20.22,0.24,-0.46,22.79,Healthy
2024-12-12 20:30:00,20.17,22.27,69.0,31.2,20.1,5.72,21.5,2,7,3,20,0,3,43,20.22,0.23,0.03,22.79,Healthy
2024-12-12 20:45:00,20.17,22.27,69.0,30.8,20.0,5.72,21.5,2,7,3,20,0,3,43,20.23,0.23,0.03,22.72,Healthy
2024-12-12 21:00:00,19.62,22.22,66.0,30.0,20.1,5.71,21.5,2,7,3,21,0,3,43,20.19,0.29,-0.39,22.68,Healthy
2024-12-12 21:15:00,19.62,22.22,66.0,29.6,20.1,5.71,21.5,2,7,3,21,0,3,43,20.14,0.33,-0.21,22.6,Healthy
2024-12-12 21:30:00,19.61,22.17,66.0,29.6,20.1,5.73,21.3,2,7,3,21,0,3,43,20.06,0.34,-0.56,22.6,Healthy
2024-12-12 21:45:00,19.61,22.17,66.0,29.6,20.0,5.73,21.3,2,8,4,21,0,3,43,19.99,0.34,-0.56,22.57,Healthy
2024-12-12 22:00:00,19.98,22.12,65.0,30.4,19.9,5.72,21.3,3,8,4,22,0,3,43,19.93,0.26,0.36,22.54,Healthy
2024-12-12 22:15:00,19.98,22.12,65.0,30.0,20.0,5.72,21.3,3,8,4,22,0,3,43,19.91,0.24,0.36,22.49,Healthy
2024-12-12 22:30:00,19.64,22.04,66.0,30.0,20.0,5.71,21.2,3,8,4,22,0,3,43,19.87,0.24,0.03,22.49,Healthy
2024-12-12 22:45:00,19.64,22.04,66.0,29.2,19.9,5.71,21.2,2,8,4,22,0,3,43,19.82,0.23,0.03,22.4,Healthy
2024-12-12 23:00:00,19.45,21.97,64.0,28.5,19.9,5.71,21.2,2,8,4,23,0,3,43,19.78,0.24,-0.53,22.35,Healthy
2024-12-12 23:15:00,19.32,21.96,63.0,28.1,19.8,5.72,21.1,2,7,3,23,0,3,43,19.73,0.27,-0.66,22.27,Healthy
2024-12-12 23:30:00,19.19,21.94,62.0,28.1,19.8,5.71,21.2,2,7,3,23,0,3,43,19.65,0.28,-0.45,22.27,Healthy
2024-12-12 23:45:00,19.19,21.94,62.0,27.6,19.9,5.71,21.2,2,7,3,23,0,3,43,19.57,0.26,-0.45,22.22,Healthy
2024-12-13 00:00:00,19.07,21.9,61.0,27.2,19.7,5.71,21.1,2,6,3,0,0,4,43,19.53,0.29,-0.38,22.22,Healthy
2024-12-13 00:15:00,18.95,21.86,60.0,27.0,19.7,5.72,21.0,2,6,3,0,0,4,43,19.47,0.33,-0.37,22.17,Healthy
2024-12-13 00:30:00,18.86,21.84,58.0,27.0,19.7,5.72,21.0,2,6,3,0,0,4,43,19.41,0.37,-0.33,22.17,Healthy
2024-12-13 00:45:00,18.86,21.84,58.0,26.6,19.7,5.72,21.0,2,5,2,0,0,4,43,19.34,0.4,-0.33,22.12,Healthy
2024-12-13 01:00:00,18.76,21.82,58.0,26.3,19.8,5.72,21.0,2,5,2,1,0,4,43,19.24,0.38,-0.31,22.12,Healthy
2024-12-13 01:15:00,18.66,21.79,57.0,26.1,19.8,5.72,21.0,2,5,2,1,0,4,43,19.13,0.33,-0.29,22.04,Healthy
2024-12-13 01:30:00,18.55,21.78,56.0,26.1,19.8,5.71,21.0,2,5,2,1,0,4,43,19.04,0.33,-0.31,22.04,Healthy
2024-12-13 01:45:00,18.55,21.78,56.0,25.9,19.8,5.71,21.0,2,5,2,1,0,4,43,18.95,0.3,-0.31,21.97,Healthy
2024-12-13 02:00:00,18.49,21.77,56.0,25.8,19.7,5.72,21.0,2,5,2,2,0,4,43,18.87,0.28,-0.27,21.96,Healthy
2024-12-13 02:15:00,18.41,21.76,55.0,25.8,19.7,5.72,21.0,2,5,2,2,0,4,43,18.79,0.27,-0.25,21.94,Healthy
2024-12-13 02:30:00,18.44,21.75,56.0,25.8,19.7,5.72,21.0,2,6,3,2,0,4,43,18.73,0.26,-0.11,21.94,Healthy
2024-12-13 02:45:00,18.44,21.75,56.0,25.9,19.6,5.72,21.0,2,6,3,2,0,4,43,18.67,0.22,-0.11,21.9,Healthy
2024-12-13 03:00:00,18.48,21.7,56.0,25.9,19.6,5.72,20.9,2,6,3,3,0,4,43,18.62,0.19,-0.01,21.86,Healthy
2024-12-13 03:15:00,18.43,21.66,56.0,25.9,19.7,5.72,20.9,2,6,3,3,0,4,43,18.58,0.17,0.02,21.84,Healthy
2024-12-13 03:30:00,18.37,21.65,55.0,25.9,19.7,5.72,20.9,2,6,3,3,0,4,43,18.54,0.15,-0.07,21.84,Healthy
2024-12-13 03:45:00,18.37,21.65,55.0,25.6,19.7,5.72,20.9,2,6,3,3,0,4,43,18.5,0.12,-0.07,21.82,Healthy
2024-12-13 04:00:00,18.3,21.64,55.0,25.6,19.7,5.71,20.9,2,6,3,4,0,4,43,18.46,0.1,-0.18,21.79,Healthy
2024-12-13 04:15:00,18.23,21.62,54.0,25.5,19.7,5.71,20.9,2,5,2,4,0,4,43,18.42,0.09,-0.2,21.78,Healthy
2024-12-13 04:30:00,18.17,21.59,54.0,25.5,19.7,5.71,20.9,2,5,2,4,0,4,43,18.39,0.11,-0.2,21.78,Healthy
2024-12-13 04:45:00,18.17,21.59,54.0,25.4,19.7,5.71,20.9,2,5,2,4,0,4,43,18.36,0.11,-0.2,21.77,Healthy
2024-12-13 05:00:00,18.09,21.57,54.0,25.2,19.7,5.71,20.9,1,5,2,5,0,4,43,18.32,0.13,-0.21,21.76,Healthy
2024-12-13 05:15:00,18.06,21.57,53.0,25.2,19.7,5.71,20.9,1,5,2,5,0,4,43,18.3,0.15,-0.17,21.75,Healthy
2024-12-13 05:30:00,17.98,21.56,53.0,25.2,19.7,5.7,20.8,1,5,2,5,0,4,43,18.26,0.17,-0.19,21.75,Moderately Stressed
2024-12-13 05:45:00,17.98,21.56,53.0,25.2,19.7,5.7,20.8,1,5,2,5,0,4,43,18.22,0.17,-0.19,21.7,Moderately Stressed
2024-12-13 06:00:00,17.92,21.55,52.0,25.2,19.7,5.7,20.8,1,5,2,6,1,4,43,18.17,0.17,-0.17,21.66,Moderately Stressed
2024-12-13 06:15:00,17.88,21.54,52.0,24.9,19.7,5.71,20.8,1,5,2,6,1,4,43,18.13,0.17,-0.18,21.65,Moderately Stressed
2024-12-13 06:30:00,17.82,21.53,52.0,24.9,19.7,5.7,20.8,1,5,2,6,1,4,43,18.08,0.17,-0.16,21.65,Moderately Stressed
2024-12-13 06:45:00,17.82,21.53,52.0,24.8,19.7,5.7,20.8,1,5,2,6,1,4,43,18.04,0.16,-0.16,21.64,Moderately Stressed
2024-12-13 07:00:00,17.76,21.53,51.0,24.7,19.7,5.7,20.8,1,5,2,7,1,4,43,17.99,0.16,-0.16,21.62,Moderately Stressed
2024-12-13 07:15:00,17.74,21.53,51.0,24.5,19.9,5.7,20.9,1,5,2,7,1,4,43,17.95,0.15,-0.14,21.59,Moderately Stressed
2024-12-13 07:30:00,17.67,21.55,51.0,24.5,19.9,5.69,20.9,1,5,2,7,1,4,43,17.91,0.15,-0.15,21.59,Moderately Stressed
2024-12-13 07:45:00,17.67,21.55,51.0,23.9,20.5,5.69,20.9,1,4,2,7,1,4,43,17.87,0.14,-0.15,21.57,Moderately Stressed
2024-12-13 08:00:00,17.6,21.59,50.0,23.3,20.6,5.69,21.0,1,4,2,8,1,4,43,17.82,0.14,-0.16,21.59,Moderately Stressed
2024-12-13 08:15:00,17.58,21.66,50.0,22.4,20.7,5.68,21.1,1,4,2,8,1,4,43,17.78,0.14,-0.16,21.66,Moderately Stressed
2024-12-13 08:30:00,17.51,21.67,50.0,22.4,20.7,5.68,21.1,1,4,2,8,1,4,43,17.75,0.14,-0.16,21.67,Moderately Stressed
2024-12-13 08:45:00,17.51,21.67,50.0,22.4,20.3,5.68,21.1,1,4,2,8,1,4,43,17.71,0.14,-0.16,21.67,Moderately Stressed
2024-12-13 09:00:00,17.49,21.66,49.0,22.7,20.2,5.68,21.0,1,4,2,9,1,4,43,17.67,0.13,-0.11,21.67,Moderately Stressed
2024-12-13 09:15:00,17.42,21.7,49.0,20.3,23.0,5.67,21.4,1,4,2,9,1,4,43,17.63,0.13,-0.16,21.7,Moderately Stressed
2024-12-13 09:30:00,17.28,21.96,49.0,20.3,23.0,5.65,21.8,1,4,2,9,1,4,43,17.59,0.16,-0.23,21.96,Moderately Stressed
2024-12-13 09:45:00,17.28,21.96,49.0,19.0,25.1,5.65,21.8,1,4,2,9,1,4,44,17.54,0.16,-0.23,21.96,Moderately Stressed
2024-12-13 10:00:00,17.16,22.24,49.0,19.2,23.0,5.63,22.1,1,4,2,10,1,4,44,17.49,0.18,-0.33,22.24,Moderately Stressed
2024-12-13 10:15:00,17.17,22.27,48.0,20.3,21.6,5.63,21.8,1,4,2,10,1,4,44,17.44,0.18,-0.25,22.27,Moderately Stressed
2024-12-13 10:30:00,17.15,22.24,48.0,20.3,21.6,5.64,21.9,1,4,2,10,1,4,44,17.4,0.19,-0.13,22.27,Moderately Stressed
2024-12-13 10:45:00,17.15,22.24,48.0,20.0,22.5,5.64,21.9,1,4,2,10,1,4,44,17.36,0.18,-0.13,22.27,Moderately Stressed
2024-12-13 11:00:00,17.09,22.29,48.0,19.8,22.5,5.63,22.0,1,4,2,11,1,4,44,17.32,0.18,-0.07,22.29,Moderately Stressed
2024-12-13 11:15:00,17.07,22.37,48.0,20.0,22.0,5.63,21.9,1,4,2,11,1,4,44,17.27,0.17,-0.1,22.37,Moderately Stressed
2024-12-13 11:30:00,17.01,22.38,47.0,20.0,22.0,5.62,22.1,1,4,2,11,1,4,44,17.23,0.17,-0.14,22.38,Moderately Stressed
2024-12-13 11:45:00,17.01,22.38,47.0,19.3,23.4,5.62,22.1,1,4,2,11,1,4,44,17.19,0.15,-0.14,22.38,Moderately Stressed
2024-12-13 12:00:00,16.89,22.58,47.0,18.7,24.2,5.6,22.5,1,4,2,12,1,4,44,17.14,0.14,-0.2,22.58,Moderately Stressed
2024-12-13 12:15:00,16.75,22.8,47.0,18.3,25.1,5.57,22.9,1,4,2,12,1,4,44,17.08,0.15,-0.32,22.8,Moderately Stressed
2024-12-13 12:30:00,16.52,23.16,47.0,18.3,25.1,5.52,24.2,1,4,2,12,1,4,44,17.02,0.21,-0.49,23.16,Moderately Stressed
2024-12-13 12:45:00,16.52,23.16,47.0,16.7,29.7,5.52,24.2,1,4,2,12,1,4,44,16.96,0.24,-0.49,23.16,Moderately Stressed
2024-12-13 13:00:00,16.36,23.61,46.0,17.0,27.5,5.49,24.5,1,4,2,13,1,4,44,16.89,0.28,-0.53,23.61,Moderately Stressed
2024-12-13 13:15:00,16.31,23.81,46.0,17.3,27.5,5.49,24.2,1,3,1,13,1,4,44,16.82,0.31,-0.44,23.81,Moderately Stressed
2024-12-13 13:30:00,16.08,24.11,46.0,17.3,27.5,5.44,25.4,1,4,2,13,1,4,44,16.73,0.36,-0.44,24.11,Moderately Stressed
2024-12-13 13:45:00,16.08,24.11,46.0,16.9,31.0,5.44,25.4,1,4,2,13,1,4,44,16.64,0.38,-0.44,24.11,Moderately Stressed
2024-12-13 14:00:00,15.98,24.46,45.0,16.9,31.0,5.42,25.4,1,3,1,14,1,4,44,16.55,0.39,-0.38,24.46,Moderately Stressed
2024-12-13 14:15:00,15.75,24.83,45.0,17.2,29.5,5.4,25.8,1,4,2,14,1,4,44,16.44,0.42,-0.56,24.83,Moderately Stressed
2024-12-13 14:30:00,15.78,24.93,44.0,17.2,29.5,5.41,25.3,1,3,1,14,1,4,44,16.34,0.42,-0.3,24.93,Moderately Stressed
2024-12-13 14:45:00,15.78,24.93,44.0,17.9,26.2,5.41,25.3,1,3,1,14,1,4,44,16.23,0.39,-0.3,24.93,Moderately Stressed
2024-12-13 15:00:00,15.78,24.76,44.0,18.1,25.4,5.43,24.7,1,3,1,15,1,4,44,16.14,0.35,-0.2,24.93,Moderately Stressed
2024-12-13 15:15:00,15.69,24.74,44.0,17.3,27.3,5.4,25.5,1,3,1,15,1,4,44,16.05,0.31,-0.06,24.93,Moderately Stressed
2024-12-13 15:30:00,15.55,24.88,44.0,17.3,27.3,5.4,25.4,1,3,1,15,1,4,44,15.97,0.3,-0.23,24.93,Moderately Stressed
2024-12-13 15:45:00,15.55,24.88,44.0,17.3,27.4,5.4,25.4,1,3,1,15,1,4,44,15.89,0.27,-0.23,24.93,Moderately Stressed
2024-12-13 16:00:00,15.53,24.94,44.0,17.4,26.6,5.4,25.3,1,3,1,16,1,4,44,15.82,0.24,-0.25,24.94,Moderately Stressed
2024-12-13 16:15:00,15.5,24.92,44.0,17.7,25.9,5.39,25.4,1,3,1,16,1,4,44,15.75,0.21,-0.19,24.94,Moderately Stressed
2024-12-13 16:30:00,15.5,24.87,44.0,17.7,25.9,5.4,25.2,1,3,1,16,1,4,44,15.71,0.19,-0.05,24.94,Moderately Stressed
2024-12-13 16:45:00,15.5,24.87,44.0,18.3,24.5,5.4,25.2,1,3,1,16,1,4,44,15.66,0.16,-0.05,24.94,Moderately Stressed
2024-12-13 17:00:00,15.52,24.73,43.0,18.7,23.7,5.43,24.7,1,3,1,17,1,4,44,15.62,0.12,-0.01,24.94,Moderately Stressed
2024-12-13 17:15:00,15.53,24.61,43.0,19.3,23.0,5.45,24.4,1,3,1,17,1,4,44,15.6,0.12,0.03,24.94,Moderately Stressed
2024-12-13 17:30:00,15.54,24.42,44.0,19.3,23.0,5.48,24.1,1,3,1,17,1,4,44,15.58,0.11,0.04,24.94,Moderately Stressed
2024-12-13 17:45:00,15.54,24.42,44.0,20.0,22.3,5.48,24.1,1,3,1,17,1,4,44,15.56,0.09,0.04,24.94,Moderately Stressed
2024-12-13 18:00:00,15.56,24.23,44.0,20.6,21.7,5.5,23.8,1,3,1,18,1,4,44,15.54,0.05,0.04,24.94,Moderately Stressed
2024-12-13 18:15:00,15.58,24.1,44.0,21.6,21.2,5.53,23.6,1,3,1,18,1,4,44,15.53,0.03,0.05,24.94,Moderately Stressed
2024-12-13 18:30:00,15.6,23.91,44.0,21.6,21.2,5.55,23.3,1,3,1,18,1,4,44,15.54,0.03,0.06,24.94,Moderately Stressed
2024-12-13 18:45:00,15.6,23.91,44.0,22.7,20.8,5.55,23.3,1,3,1,18,1,4,44,15.54,0.04,0.06,24.94,Moderately Stressed
2024-12-13 19:00:00,15.61,23.75,44.0,23.8,20.6,5.56,23.1,1,3,1,19,0,4,44,15.55,0.04,0.05,24.92,Moderately Stressed
2024-12-13 19:15:00,15.64,23.6,44.0,24.5,20.5,5.58,23.0,1,3,1,19,0,4,44,15.56,0.05,0.06,24.87,Moderately Stressed
2024-12-13 19:30:00,15.63,23.49,44.0,24.5,20.5,5.58,22.9,1,3,1,19,0,4,44,15.57,0.05,0.03,24.87,Moderately Stressed
2024-12-13 19:45:00,15.63,23.49,44.0,24.5,20.6,5.58,22.9,1,3,1,19,0,4,44,15.58,0.04,0.03,24.73,Moderately Stressed
2024-12-13 20:00:00,15.65,23.39,44.0,24.2,20.9,5.59,22.8,1,3,1,20,0,4,44,15.59,0.04,0.04,24.61,Moderately Stressed
2024-12-13 20:15:00,15.64,23.3,44.0,24.1,21.0,5.59,22.8,1,3,1,20,0,4,44,15.6,0.04,0.0,24.42,Moderately Stressed
2024-12-13 20:30:00,15.65,23.24,44.0,24.1,21.0,5.6,22.7,1,3,1,20,0,4,44,15.61,0.04,0.02,24.42,Moderately Stressed
2024-12-13 20:45:00,15.65,23.24,44.0,23.4,21.0,5.6,22.7,1,3,1,20,0,4,44,15.62,0.03,0.02,24.23,Moderately Stressed
2024-12-13 21:00:00,15.63,23.18,44.0,23.0,20.9,5.6,22.6,1,3,1,21,0,4,44,15.63,0.02,-0.02,24.1,Moderately Stressed
2024-12-13 21:15:00,15.65,23.1,43.0,22.8,20.9,5.59,22.6,1,3,1,21,0,4,44,15.63,0.02,0.01,23.91,Moderately Stressed
2024-12-13 21:30:00,15.65,23.09,43.0,22.8,20.9,5.59,22.5,1,3,1,21,0,4,44,15.64,0.02,0.0,23.91,Moderately Stressed
2024-12-13 21:45:00,15.65,23.09,43.0,23.0,20.8,5.59,22.5,1,3,1,21,0,4,44,15.64,0.01,0.0,23.75,Moderately Stressed
2024-12-13 22:00:00,15.65,23.02,44.0,22.8,20.8,5.59,22.5,1,3,1,22,0,4,44,15.64,0.01,0.02,23.6,Moderately Stressed
2024-12-13 22:15:00,15.65,22.98,44.0,23.1,20.8,5.6,22.4,1,3,1,22,0,4,44,15.64,0.01,0.0,23.49,Moderately Stressed
2024-12-13 22:30:00,15.65,22.91,44.0,23.1,20.8,5.6,22.3,1,3,1,22,0,4,44,15.65,0.01,0.0,23.49,Moderately Stressed
2024-12-13 22:45:00,15.65,22.91,44.0,23.3,20.5,5.6,22.3,1,3,1,22,0,4,44,15.65,0.01,0.0,23.39,Moderately Stressed
2024-12-13 23:00:00,15.68,22.81,43.0,23.8,20.0,5.61,22.1,1,3,1,23,0,4,44,15.65,0.01,0.03,23.3,Moderately Stressed
2024-12-13 23:15:00,15.69,22.68,43.0,24.6,19.6,5.61,21.9,1,3,1,23,0,4,44,15.65,0.02,0.04,23.24,Moderately Stressed
2024-12-13 23:30:00,15.73,22.57,43.0,24.6,19.6,5.61,21.8,1,3,1,23,0,4,44,15.66,0.03,0.08,23.24,Moderately Stressed
2024-12-13 23:45:00,15.73,22.57,43.0,25.2,19.4,5.61,21.8,1,3,1,23,0,4,44,15.67,0.03,0.08,23.18,Moderately Stressed
2024-12-14 00:00:00,15.72,22.45,43.0,25.3,19.2,5.62,21.6,1,3,1,0,0,5,44,15.68,0.03,0.04,23.1,Moderately Stressed
2024-12-14 00:15:00,15.73,22.35,43.0,25.2,19.4,5.62,21.6,1,3,1,0,0,5,44,15.68,0.04,0.04,23.09,Moderately Stressed
2024-12-14 00:30:00,15.72,22.27,43.0,25.2,19.4,5.62,21.5,1,3,1,0,0,5,44,15.69,0.04,-0.01,23.09,Moderately Stressed
2024-12-14 00:45:00,15.72,22.27,43.0,24.7,19.5,5.62,21.5,1,3,1,0,0,5,44,15.69,0.04,-0.01,23.02,Moderately Stressed
2024-12-14 01:00:00,15.74,22.23,43.0,24.5,19.4,5.62,21.5,1,3,1,1,0,5,44,15.7,0.04,0.02,22.98,Moderately Stressed
2024-12-14 01:15:00,15.75,22.17,43.0,25.1,18.9,5.61,21.4,1,3,1,1,0,5,44,15.71,0.03,0.02,22.91,Moderately Stressed
2024-12-14 01:30:00,15.75,22.07,43.0,25.1,18.9,5.62,21.2,1,3,1,1,0,5,44,15.72,0.03,0.03,22.91,Moderately Stressed
2024-12-14 01:45:00,15.75,22.07,43.0,25.6,18.7,5.62,21.2,1,3,1,1,0,5,44,15.73,0.02,0.03,22.81,Moderately Stressed
2024-12-14 02:00:00,15.76,21.96,43.0,25.9,18.5,5.62,21.1,1,3,1,2,0,5,44,15.73,0.02,0.02,22.68,Moderately Stressed
2024-12-14 02:15:00,15.76,21.87,43.0,26.0,18.3,5.62,21.0,1,3,1,2,0,5,44,15.74,0.02,0.01,22.57,Moderately Stressed
2024-12-14 02:30:00,15.78,21.8,43.0,26.0,18.3,5.62,20.9,1,3,1,2,0,5,44,15.74,0.02,0.03,22.57,Moderately Stressed
2024-12-14 02:45:00,15.78,21.8,43.0,26.3,18.2,5.62,20.9,1,3,1,2,0,5,44,15.75,0.02,0.03,22.45,Moderately Stressed
2024-12-14 03:00:00,15.78,21.72,43.0,26.3,18.2,5.62,20.8,1,3,1,3,0,5,44,15.75,0.02,0.02,22.35,Moderately Stressed
2024-12-14 03:15:00,15.79,21.64,43.0,26.3,18.1,5.62,20.7,1,3,1,3,0,5,44,15.76,0.02,0.03,22.27,Moderately Stressed
2024-12-14 03:30:00,15.78,21.55,43.0,26.3,18.1,5.62,20.7,1,3,1,3,0,5,44,15.76,0.02,0.0,22.27,Moderately Stressed
2024-12-14 03:45:00,15.78,21.55,43.0,26.3,18.1,5.62,20.7,1,3,1,3,0,5,44,15.77,0.02,0.0,22.23,Moderately Stressed
2024-12-14 04:00:00,15.8,21.47,43.0,26.3,18.2,5.62,20.6,1,3,1,4,0,5,44,15.77,0.02,0.02,22.17,Moderately Stressed
2024-12-14 04:15:00,15.78,21.45,43.0,25.6,18.5,5.61,20.6,1,3,1,4,0,5,44,15.77,0.02,-0.01,22.07,Moderately Stressed
2024-12-14 04:30:00,15.77,21.45,43.0,25.6,18.5,5.61,20.7,1,3,1,4,0,5,44,15.78,0.01,-0.01,22.07,Moderately Stressed
2024-12-14 04:45:00,15.77,21.45,43.0,25.4,18.5,5.61,20.7,1,3,1,4,0,5,44,15.78,0.01,-0.01,21.96,Moderately Stressed
2024-12-14 05:00:00,15.78,21.4,43.0,25.2,18.3,5.61,20.6,1,3,1,5,0,5,44,15.78,0.01,-0.02,21.87,Moderately Stressed
2024-12-14 05:15:00,15.8,21.34,43.0,25.1,18.4,5.61,20.5,1,3,1,5,0,5,44,15.78,0.01,0.02,21.8,Moderately Stressed
2024-12-14 05:30:00,15.78,21.29,43.0,25.1,18.4,5.6,20.4,1,3,1,5,0,5,44,15.78,0.01,0.01,21.8,Moderately Stressed
2024-12-14 05:45:00,15.78,21.29,43.0,24.5,18.4,5.6,20.4,1,3,1,5,0,5,44,15.78,0.01,0.01,21.72,Moderately Stressed
2024-12-14 06:00:00,15.79,21.24,43.0,24.2,18.3,5.6,20.3,1,3,1,6,1,5,44,15.78,0.01,0.01,21.64,Moderately Stressed
2024-12-14 06:15:00,15.8,21.17,43.0,24.1,18.3,5.6,20.3,1,3,1,6,1,5,44,15.78,0.01,0.0,21.55,Moderately Stressed
2024-12-14 06:30:00,15.78,21.15,43.0,24.1,18.3,5.59,20.3,1,3,1,6,1,5,44,15.78,0.01,0.0,21.55,Moderately Stressed
2024-12-14 06:45:00,15.78,21.15,43.0,23.8,18.5,5.59,20.3,1,3,1,6,1,5,44,15.78,0.01,0.0,21.47,Moderately Stressed
2024-12-14 07:00:00,15.79,21.14,43.0,23.5,18.5,5.59,20.3,1,3,1,7,1,5,44,15.78,0.01,0.0,21.45,Moderately Stressed
2024-12-14 07:15:00,15.78,21.13,43.0,23.1,18.8,5.59,20.3,1,3,1,7,1,5,44,15.78,0.01,-0.02,21.45,Moderately Stressed
2024-12-14 07:30:00,15.75,21.14,43.0,23.1,18.8,5.57,20.5,1,3,1,7,1,5,44,15.78,0.01,-0.03,21.45,Moderately Stressed
2024-12-14 07:45:00,15.75,21.14,43.0,22.1,19.2,5.57,20.5,1,3,1,7,1,5,44,15.78,0.02,-0.03,21.4,Moderately Stressed
2024-12-14 08:00:00,15.73,21.16,43.0,21.4,19.6,5.56,20.6,1,3,1,8,1,5,44,15.78,0.02,-0.06,21.34,Moderately Stressed
2024-12-14 08:15:00,15.71,21.25,43.0,20.0,20.1,5.55,20.7,1,3,1,8,1,5,44,15.77,0.03,-0.07,21.29,Moderately Stressed
2024-12-14 08:30:00,15.7,21.35,43.0,20.0,20.1,5.54,20.8,1,3,1,8,1,5,44,15.76,0.03,-0.05,21.35,Moderately Stressed
2024-12-14 08:45:00,15.7,21.35,43.0,19.0,20.7,5.54,20.8,1,3,1,8,1,5,44,15.76,0.04,-0.05,21.35,Moderately Stressed
2024-12-14 09:00:00,15.68,21.46,43.0,18.4,21.4,5.52,21.0,1,3,1,9,1,5,44,15.75,0.04,-0.05,21.46,Moderately Stressed
2024-12-14 09:15:00,15.63,21.58,43.0,16.9,27.3,5.51,21.2,1,3,1,9,1,5,44,15.73,0.05,-0.08,21.58,Moderately Stressed
2024-12-14 09:30:00,15.35,21.96,43.0,16.9,27.3,5.42,22.7,1,3,1,9,1,5,44,15.7,0.12,-0.35,21.96,Moderately Stressed
2024-12-14 09:45:00,15.35,21.96,43.0,15.1,31.6,5.42,22.7,1,3,1,9,1,5,45,15.66,0.15,-0.35,21.96,Moderately Stressed
2024-12-14 10:00:00,15.18,22.48,43.0,14.8,33.9,5.35,23.5,1,3,1,10,1,5,45,15.61,0.2,-0.5,22.48,Moderately Stressed
2024-12-14 10:15:00,15.05,22.98,43.0,15.0,33.2,5.29,24.3,1,3,1,10,1,5,45,15.55,0.25,-0.58,22.98,Moderately Stressed
2024-12-14 10:30:00,14.78,23.49,42.0,15.0,33.2,5.23,25.2,1,3,1,10,1,5,45,15.47,0.32,-0.57,23.49,Moderately Stressed
2024-12-14 10:45:00,14.78,23.49,42.0,15.1,35.8,5.23,25.2,0,2,1,10,1,5,45,15.39,0.36,-0.57,23.49,Moderately Stressed
2024-12-14 11:00:00,14.64,23.95,42.0,15.4,35.1,5.17,26.1,0,2,1,11,1,5,45,15.3,0.4,-0.54,23.95,Moderately Stressed
2024-12-14 11:15:00,14.55,24.32,42.0,15.5,34.6,5.07,28.4,0,2,1,11,1,5,45,15.2,0.43,-0.5,24.32,Moderately Stressed
2024-12-14 11:30:00,14.4,24.73,41.0,15.5,34.6,5.01,29.8,0,2,1,11,1,5,45,15.09,0.46,-0.38,24.73,Moderately Stressed
2024-12-14 11:45:00,14.4,24.73,41.0,15.7,33.1,5.01,29.8,0,2,1,11,1,5,45,14.98,0.46,-0.38,24.73,Moderately Stressed
2024-12-14 12:00:00,14.29,25.04,41.0,16.0,33.4,5.0,30.0,0,2,1,12,1,5,45,14.87,0.44,-0.35,25.04,Moderately Stressed
2024-12-14 12:15:00,14.17,25.35,41.0,16.3,32.9,5.02,29.6,0,2,1,12,1,5,45,14.74,0.41,-0.38,25.35,Moderately Stressed
2024-12-14 12:30:00,14.02,25.59,41.0,16.3,32.9,5.03,29.0,0,2,1,12,1,5,45,14.63,0.41,-0.38,25.59,Moderately Stressed
2024-12-14 12:45:00,14.02,25.59,41.0,16.3,33.8,5.03,29.0,0,2,1,12,1,5,45,14.52,0.38,-0.38,25.59,Moderately Stressed
2024-12-14 13:00:00,13.9,25.87,40.0,16.3,33.6,5.01,28.9,0,2,1,13,1,5,45,14.42,0.36,-0.39,25.87,Moderately Stressed
2024-12-14 13:15:00,13.75,26.09,40.0,16.6,33.7,4.99,28.9,0,2,1,13,1,5,45,14.31,0.34,-0.42,26.09,Moderately Stressed
2024-12-14 13:30:00,13.72,26.28,40.0,16.6,33.7,4.97,28.6,0,2,1,13,1,5,45,14.22,0.35,-0.3,26.28,Moderately Stressed
2024-12-14 13:45:00,13.72,26.28,40.0,16.6,33.6,4.97,28.6,0,2,1,13,1,5,45,14.13,0.33,-0.3,26.28,Moderately Stressed
2024-12-14 14:00:00,13.54,26.48,40.0,16.4,34.2,4.95,28.9,0,2,1,14,1,5,45,14.04,0.32,-0.36,26.48,Moderately Stressed
2024-12-14 14:15:00,13.47,26.7,40.0,16.3,33.0,4.92,28.9,0,2,1,14,1,5,45,13.95,0.32,-0.28,26.7,Moderately Stressed
2024-12-14 14:30:00,13.41,26.81,40.0,16.3,33.0,4.91,28.9,0,2,1,14,1,5,45,13.87,0.32,-0.31,26.81,Moderately Stressed
2024-12-14 14:45:00,13.41,26.81,40.0,16.1,32.5,4.91,28.9,0,2,1,14,1,5,45,13.79,0.3,-0.31,26.81,Moderately Stressed
2024-12-14 15:00:00,13.39,26.92,40.0,16.4,30.1,4.9,28.5,0,2,1,15,1,5,45,13.71,0.27,-0.15,26.92,Moderately Stressed
2024-12-14 15:15:00,13.42,26.8,40.0,17.3,28.2,4.9,27.9,0,2,1,15,1,5,45,13.65,0.24,-0.05,26.92,Moderately Stressed
2024-12-14 15:30:00,13.42,26.64,40.0,17.3,28.2,4.88,27.7,0,2,1,15,1,5,45,13.6,0.22,0.01,26.92,Moderately Stressed
2024-12-14 15:45:00,13.42,26.64,40.0,17.7,27.2,4.88,27.7,0,2,1,15,1,5,45,13.55,0.18,0.01,26.92,Moderately Stressed
2024-12-14 16:00:00,13.5,26.5,40.0,17.4,27.0,4.87,27.3,0,2,1,16,1,5,45,13.51,0.14,0.11,26.92,Moderately Stressed
2024-12-14 16:15:00,13.59,26.39,40.0,17.4,25.9,4.88,27.0,0,2,1,16,1,5,45,13.5,0.12,0.17,26.92,Moderately Stressed
2024-12-14 16:30:00,13.63,26.21,40.0,17.4,25.9,4.93,26.7,0,2,1,16,1,5,45,13.49,0.11,0.21,26.92,Moderately Stressed
2024-12-14 16:45:00,13.63,26.21,40.0,18.3,25.0,4.93,26.7,0,2,1,16,1,5,45,13.49,0.09,0.21,26.92,Moderately Stressed
2024-12-14 17:00:00,13.66,26.05,40.0,19.0,24.2,4.94,26.6,0,2,1,17,1,5,45,13.5,0.1,0.16,26.92,Moderately Stressed
2024-12-14 17:15:00,13.71,25.81,40.0,19.7,23.2,4.99,26.0,0,2,1,17,1,5,45,13.52,0.12,0.12,26.92,Moderately Stressed
2024-12-14 17:30:00,13.77,25.56,40.0,19.7,23.2,5.03,25.6,0,2,1,17,1,5,45,13.55,0.13,0.14,26.92,Moderately Stressed
2024-12-14 17:45:00,13.77,25.56,40.0,20.1,22.8,5.03,25.6,0,2,1,17,1,5,45,13.58,0.14,0.14,26.92,Moderately Stressed
2024-12-14 18:00:00,13.78,25.34,40.0,20.6,21.7,5.1,25.2,0,2,1,18,1,5,45,13.61,0.14,0.12,26.8,Moderately Stressed
2024-12-14 18:15:00,13.81,25.04,40.0,21.0,21.0,5.17,24.7,0,2,1,18,1,5,45,13.64,0.14,0.1,26.64,Moderately Stressed
2024-12-14 18:30:00,13.89,24.79,40.0,21.0,21.0,5.24,24.3,0,2,1,18,1,5,45,13.68,0.14,0.12,26.64,Moderately Stressed
2024-12-14 18:45:00,13.89,24.79,40.0,21.4,20.3,5.24,24.3,0,2,1,18,1,5,45,13.72,0.12,0.12,26.5,Moderately Stressed
2024-12-14 19:00:00,13.93,24.52,40.0,21.7,19.9,5.29,24.0,0,2,1,19,0,5,45,13.76,0.11,0.15,26.39,Moderately Stressed
2024-12-14 19:15:00,13.97,24.31,40.0,21.9,19.7,5.33,23.7,0,2,1,19,0,5,45,13.79,0.12,0.16,26.21,Moderately Stressed
2024-12-14 19:30:00,13.99,24.08,40.0,21.9,19.7,5.36,23.5,0,2,1,19,0,5,45,13.82,0.12,0.1,26.21,Moderately Stressed
2024-12-14 19:45:00,13.99,24.08,40.0,22.0,19.5,5.36,23.5,0,2,1,19,0,5,45,13.85,0.11,0.1,26.05,Moderately Stressed
2024-12-14 20:00:00,14.02,23.86,40.0,22.1,19.4,5.39,23.2,0,2,1,20,0,5,45,13.88,0.11,0.09,25.81,Moderately Stressed
2024-12-14 20:15:00,14.04,23.65,40.0,22.4,19.1,5.41,23.0,0,2,1,20,0,5,45,13.9,0.1,0.07,25.56,Moderately Stressed
2024-12-14 20:30:00,14.05,23.49,40.0,22.4,19.1,5.43,22.7,0,2,1,20,0,5,45,13.93,0.1,0.06,25.56,Moderately Stressed
2024-12-14 20:45:00,14.05,23.49,40.0,22.0,18.9,5.43,22.7,0,2,1,20,0,5,45,13.95,0.09,0.06,25.34,Moderately Stressed
2024-12-14 21:00:00,14.06,23.29,40.0,21.7,18.7,5.44,22.5,0,2,1,21,0,5,45,13.97,0.08,0.04,25.04,Moderately Stressed
2024-12-14 21:15:00,14.08,23.09,40.0,21.8,18.4,5.46,22.3,0,2,1,21,0,5,45,14.0,0.07,0.04,24.79,Moderately Stressed
2024-12-14 21:30:00,14.11,22.94,40.0,21.8,18.4,5.46,22.1,0,2,1,21,0,5,45,14.02,0.06,0.06,24.79,Moderately Stressed
2024-12-14 21:45:00,14.11,22.94,40.0,22.0,18.1,5.46,22.1,0,2,1,21,0,5,45,14.03,0.06,0.06,24.52,Moderately Stressed
2024-12-14 22:00:00,14.12,22.78,40.0,22.1,17.8,5.47,21.9,0,2,1,22,0,5,45,14.05,0.05,0.06,24.31,Moderately Stressed
2024-12-14 22:15:00,14.14,22.6,40.0,22.4,17.5,5.48,21.7,0,2,1,22,0,5,45,14.06,0.05,0.06,24.08,Moderately Stressed
2024-12-14 22:30:00,14.16,22.45,40.0,22.4,17.5,5.49,21.5,0,2,1,22,0,5,45,14.08,0.05,0.05,24.08,Moderately Stressed
2024-12-14 22:45:00,14.16,22.45,40.0,22.7,17.3,5.49,21.5,0,2,1,22,0,5,45,14.09,0.05,0.05,23.86,Moderately Stressed
2024-12-14 23:00:00,14.19,22.28,40.0,23.1,17.1,5.48,21.3,0,2,1,23,0,5,45,14.11,0.05,0.07,23.65,Moderately Stressed
2024-12-14 23:15:00,14.21,22.15,40.0,23.6,17.0,5.49,21.2,0,2,1,23,0,5,45,14.12,0.05,0.07,23.49,Moderately Stressed
2024-12-14 23:30:00,14.22,21.97,40.0,23.6,17.0,5.49,21.0,0,2,1,23,0,5,45,14.13,0.06,0.06,23.49,Moderately Stressed
2024-12-14 23:45:00,14.22,21.97,40.0,23.8,16.8,5.49,21.0,0,2,1,23,0,5,45,14.15,0.05,0.06,23.29,Moderately Stressed
2024-12-15 00:00:00,14.25,21.7,40.0,24.5,16.6,5.49,20.9,0,2,1,0,0,6,45,14.16,0.05,0.06,23.09,Moderately Stressed
2024-12-15 00:15:00,14.25,21.7,40.0,24.1,16.5,5.49,20.7,0,2,1,0,0,6,45,14.18,0.05,0.04,22.94,Moderately Stressed
2024-12-15 00:30:00,14.26,21.58,40.0,24.1,16.5,5.49,20.6,0,2,1,0,0,6,45,14.19,0.05,0.04,22.94,Moderately Stressed
2024-12-15 00:45:00,14.26,21.58,40.0,24.5,16.3,5.49,20.6,0,2,1,0,0,6,45,14.2,0.05,0.04,22.78,Moderately Stressed
2024-12-15 01:00:00,14.3,21.46,40.0,24.9,16.2,5.49,20.5,0,2,1,1,0,6,45,14.22,0.05,0.05,22.6,Moderately Stressed
2024-12-15 01:15:00,14.3,21.35,40.0,24.9,16.0,5.5,20.3,0,2,1,1,0,6,45,14.23,0.05,0.05,22.45,Moderately Stressed
2024-12-15 01:30:00,14.34,21.23,40.0,24.9,16.0,5.49,20.2,0,2,1,1,0,6,45,14.25,0.05,0.08,22.45,Moderately Stressed
2024-12-15 01:45:00,14.34,21.23,40.0,25.2,15.9,5.49,20.2,0,2,1,1,0,6,45,14.26,0.05,0.08,22.28,Moderately Stressed
2024-12-15 02:00:00,14.35,21.13,40.0,25.6,15.8,5.49,20.0,0,2,1,2,0,6,45,14.28,0.05,0.05,22.15,Moderately Stressed
2024-12-15 02:15:00,14.36,21.01,41.0,25.6,15.5,5.5,19.9,0,2,1,2,0,6,45,14.29,0.05,0.06,21.97,Moderately Stressed
2024-12-15 02:30:00,14.37,20.9,41.0,25.6,15.5,5.49,19.7,0,2,1,2,0,6,45,14.3,0.05,0.03,21.97,Moderately Stressed
2024-12-15 02:45:00,14.37,20.9,41.0,25.6,15.3,5.49,19.7,0,2,1,2,0,6,45,14.31,0.05,0.03,21.7,Moderately Stressed
2024-12-15 03:00:00,14.39,20.77,41.0,25.6,15.0,5.49,19.6,0,2,1,3,0,6,45,14.32,0.05,0.04,21.7,Moderately Stressed
2024-12-15 03:15:00,14.4,20.64,41.0,25.9,15.0,5.49,19.5,0,2,1,3,0,6,45,14.34,0.05,0.04,21.58,Moderately Stressed
2024-12-15 03:30:00,14.41,20.53,41.0,25.9,15.0,5.48,19.4,0,2,1,3,0,6,45,14.35,0.04,0.04,21.58,Moderately Stressed
2024-12-15 03:45:00,14.41,20.53,41.0,25.9,15.0,5.48,19.4,0,2,1,3,0,6,45,14.36,0.04,0.04,21.46,Moderately Stressed
2024-12-15 04:00:00,14.43,20.41,41.0,26.1,15.0,5.48,19.2,0,2,1,4,0,6,45,14.37,0.04,0.04,21.35,Moderately Stressed
2024-12-15 04:15:00,14.43,20.32,41.0,25.9,14.7,5.48,19.2,0,2,1,4,0,6,45,14.38,0.03,0.03,21.23,Moderately Stressed
2024-12-15 04:30:00,14.46,20.21,41.0,25.9,14.7,5.47,19.0,0,2,1,4,0,6,45,14.39,0.04,0.05,21.23,Moderately Stressed
2024-12-15 04:45:00,14.46,20.21,41.0,25.9,14.4,5.47,19.0,0,2,1,4,0,6,45,14.4,0.04,0.05,21.13,Moderately Stressed
2024-12-15 05:00:00,14.5,20.08,41.0,25.9,14.2,5.47,18.9,0,2,1,5,0,6,45,14.42,0.04,0.07,21.01,Moderately Stressed
2024-12-15 05:15:00,14.51,19.95,41.0,25.9,14.0,5.47,18.7,0,2,1,5,0,6,45,14.43,0.05,0.08,20.9,Moderately Stressed
2024-12-15 05:30:00,14.52,19.84,41.0,25.9,14.0,5.46,18.6,0,2,1,5,0,6,45,14.44,0.05,0.06,20.9,Moderately Stressed
2024-12-15 05:45:00,14.52,19.84,41.0,25.9,13.9,5.46,18.6,0,2,1,5,0,6,45,14.45,0.05,0.06,20.77,Moderately Stressed
2024-12-15 06:00:00,14.54,19.73,41.0,25.9,13.8,5.46,18.5,0,2,1,6,1,6,45,14.47,0.05,0.04,20.64,Moderately Stressed
2024-12-15 06:15:00,14.55,19.62,41.0,25.9,13.7,5.46,18.4,0,2,1,6,1,6,45,14.48,0.05,0.04,20.53,Moderately Stressed
2024-12-15 06:30:00,14.56,19.52,41.0,25.9,13.7,5.45,18.3,0,2,1,6,1,6,45,14.49,0.05,0.04,20.53,Moderately Stressed
2024-12-15 06:45:00,14.56,19.52,41.0,25.9,13.7,5.45,18.3,0,2,1,6,1,6,45,14.5,0.05,0.04,20.41,Moderately Stressed
2024-12-15 07:00:00,14.57,19.43,41.0,25.9,14.2,5.45,18.3,0,2,1,7,1,6,45,14.52,0.05,0.03,20.32,Moderately Stressed
2024-12-15 07:15:00,14.56,19.41,41.0,25.6,15.5,5.44,18.4,0,2,1,7,1,6,45,14.53,0.04,0.01,20.21,Moderately Stressed
2024-12-15 07:30:00,14.56,19.44,41.0,25.6,15.5,5.44,18.6,0,2,1,7,1,6,45,14.53,0.03,0.0,20.21,Moderately Stressed
2024-12-15 07:45:00,14.56,19.44,41.0,28.5,16.9,5.44,18.6,0,2,1,7,1,6,45,14.54,0.02,0.0,20.08,Moderately Stressed
2024-12-15 08:00:00,14.55,19.55,42.0,26.3,19.9,5.42,18.9,0,2,1,8,1,6,45,14.55,0.02,-0.02,19.95,Moderately Stressed
2024-12-15 08:15:00,14.47,19.74,42.0,20.7,20.5,5.41,19.4,0,2,1,8,1,6,45,14.54,0.03,-0.09,19.84,Moderately Stressed
2024-12-15 08:30:00,14.47,19.93,42.0,20.7,20.5,5.4,19.4,0,2,1,8,1,6,45,14.54,0.03,-0.09,19.93,Moderately Stressed
2024-12-15 08:45:00,14.47,19.93,42.0,19.4,20.3,5.4,19.4,0,2,1,8,1,6,45,14.54,0.04,-0.09,19.93,Moderately Stressed
2024-12-15 09:00:00,14.44,20.13,41.0,17.4,22.0,5.38,19.7,0,2,1,9,1,6,45,14.53,0.05,-0.11,20.13,Moderately Stressed
2024-12-15 09:15:00,14.39,20.44,42.0,15.8,26.0,5.34,20.3,0,2,1,9,1,6,45,14.51,0.06,-0.08,20.44,Moderately Stressed
2024-12-15 09:30:00,14.35,20.84,41.0,15.8,26.0,5.3,20.7,0,2,1,9,1,6,45,14.5,0.08,-0.12,20.84,Moderately Stressed
2024-12-15 09:45:00,14.35,20.84,41.0,14.9,26.1,5.3,20.7,0,2,1,9,1,6,46,14.48,0.08,-0.12,20.84,Moderately Stressed
2024-12-15 10:00:00,14.17,21.32,42.0,14.9,26.4,5.24,21.3,0,2,1,10,1,6,46,14.44,0.12,-0.27,21.32,Moderately Stressed
2024-12-15 10:15:00,14.14,21.66,41.0,14.4,27.0,5.19,21.7,0,2,1,10,1,6,46,14.41,0.14,-0.25,21.66,Moderately Stressed
2024-12-15 10:30:00,13.85,22.17,42.0,14.4,27.0,5.09,23.0,0,2,1,10,1,6,46,14.35,0.21,-0.5,22.17,Moderately Stressed
2024-12-15 10:45:00,13.85,22.17,42.0,13.9,34.2,5.09,23.0,0,2,1,10,1,6,46,14.29,0.24,-0.5,22.17,Moderately Stressed
2024-12-15 11:00:00,13.58,22.88,41.0,14.2,34.0,4.97,24.6,0,2,1,11,1,6,46,14.21,0.3,-0.59,22.88,Moderately Stressed
2024-12-15 11:15:00,13.45,23.4,41.0,14.3,32.8,4.8,27.5,0,2,1,11,1,6,46,14.13,0.36,-0.69,23.4,Moderately Stressed
2024-12-15 11:30:00,13.42,23.8,41.0,14.3,32.8,4.73,28.8,0,2,1,11,1,6,46,14.04,0.39,-0.43,23.8,Moderately Stressed
2024-12-15 11:45:00,13.42,23.8,41.0,14.5,32.5,4.73,28.8,0,2,1,11,1,6,46,13.95,0.41,-0.43,23.8,Moderately Stressed
2024-12-15 12:00:00,13.38,24.1,40.0,14.8,32.2,4.71,29.5,0,2,1,12,1,6,46,13.86,0.4,-0.2,24.1,Moderately Stressed
2024-12-15 12:15:00,13.28,24.33,40.0,15.1,32.2,4.72,29.3,0,2,1,12,1,6,46,13.77,0.4,-0.17,24.33,Moderately Stressed
2024-12-15 12:30:00,13.2,24.62,40.0,15.1,32.2,4.74,28.2,0,2,1,12,1,6,46,13.67,0.39,-0.22,24.62,Moderately Stressed
2024-12-15 12:45:00,13.2,24.62,40.0,15.1,32.1,4.74,28.2,0,2,1,12,1,6,46,13.58,0.34,-0.22,24.62,Moderately Stressed
2024-12-15 13:00:00,13.18,24.84,40.0,15.1,33.3,4.71,28.0,0,2,1,13,1,6,46,13.5,0.3,-0.2,24.84,Moderately Stressed
2024-12-15 13:15:00,13.05,25.14,40.0,15.1,33.2,4.68,28.1,0,2,1,13,1,6,46,13.4,0.25,-0.23,25.14,Moderately Stressed
2024-12-15 13:30:00,12.97,25.35,40.0,15.1,33.2,4.65,28.2,0,2,1,13,1,6,46,13.33,0.24,-0.23,25.35,Severely Stressed
2024-12-15 13:45:00,12.97,25.35,40.0,15.0,34.4,4.65,28.2,0,2,1,13,1,6,46,13.26,0.2,-0.23,25.35,Severely Stressed
2024-12-15 14:00:00,12.95,25.59,40.0,14.8,34.4,4.62,28.3,0,2,1,14,1,6,46,13.21,0.19,-0.23,25.59,Severely Stressed
2024-12-15 14:15:00,12.83,25.85,40.0,14.8,34.7,4.59,28.3,0,2,1,14,1,6,46,13.15,0.2,-0.22,25.85,Severely Stressed
2024-12-15 14:30:00,12.73,25.98,40.0,14.8,34.7,4.55,28.6,0,2,1,14,1,6,46,13.1,0.21,-0.24,25.98,Severely Stressed
2024-12-15 14:45:00,12.73,25.98,40.0,14.5,33.9,4.55,28.6,0,2,1,14,1,6,46,13.04,0.21,-0.24,25.98,Severely Stressed
2024-12-15 15:00:00,12.73,26.17,40.0,14.6,30.5,4.53,28.4,0,2,1,15,1,6,46,12.98,0.2,-0.22,26.17,Severely Stressed
2024-12-15 15:15:00,12.89,25.94,40.0,15.2,27.4,4.53,27.3,0,2,1,15,1,6,46,12.95,0.18,0.06,26.17,Severely Stressed
2024-12-15 15:30:00,12.94,25.69,40.0,15.2,27.4,4.52,26.7,0,2,1,15,1,6,46,12.93,0.16,0.21,26.17,Severely Stressed
2024-12-15 15:45:00,12.94,25.69,40.0,15.8,26.3,4.52,26.7,0,2,1,15,1,6,46,12.91,0.14,0.21,26.17,Severely Stressed
2024-12-15 16:00:00,12.95,25.54,40.0,15.8,27.2,4.53,26.4,0,2,1,16,1,6,46,12.89,0.11,0.22,26.17,Severely Stressed
2024-12-15 16:15:00,12.96,25.41,40.0,15.3,26.7,4.51,26.9,0,2,1,16,1,6,46,12.88,0.1,0.07,26.17,Severely Stressed
2024-12-15 16:30:00,12.96,25.34,40.0,15.3,26.7,4.5,27.0,0,2,1,16,1,6,46,12.88,0.1,0.02,26.17,Severely Stressed
2024-12-15 16:45:00,12.96,25.34,40.0,16.1,24.7,4.5,27.0,0,2,1,16,1,6,46,12.88,0.1,0.02,26.17,Severely Stressed
2024-12-15 17:00:00,12.98,25.18,40.0,16.8,23.5,4.52,26.6,0,2,1,17,1,6,46,12.88,0.1,0.03,26.17,Severely Stressed
2024-12-15 17:15:00,13.0,25.04,40.0,17.4,22.6,4.56,26.0,0,2,1,17,1,6,46,12.9,0.1,0.04,26.17,Moderately Stressed
2024-12-15 17:30:00,13.1,24.83,40.0,17.4,22.6,4.62,25.5,0,2,1,17,1,6,46,12.93,0.1,0.14,26.17,Moderately Stressed
2024-12-15 17:45:00,13.1,24.83,40.0,18.4,21.4,4.62,25.5,0,2,1,17,1,6,46,12.96,0.1,0.14,26.17,Moderately Stressed
2024-12-15 18:00:00,13.17,24.52,40.0,19.2,20.3,4.73,24.6,0,2,1,18,1,6,46,13.0,0.08,0.19,25.94,Moderately Stressed
2024-12-15 18:15:00,13.21,24.23,40.0,19.7,19.4,4.84,24.1,0,2,1,18,1,6,46,13.02,0.1,0.21,25.69,Moderately Stressed
2024-12-15 18:30:00,13.26,24.0,40.0,19.7,19.4,4.93,23.7,0,2,1,18,1,6,46,13.05,0.11,0.16,25.69,Moderately Stressed
2024-12-15 18:45:00,13.26,24.0,40.0,20.7,18.6,4.93,23.7,0,2,1,18,1,6,46,13.08,0.12,0.16,25.54,Moderately Stressed
2024-12-15 19:00:00,13.31,23.71,40.0,21.4,18.5,5.02,23.3,0,2,1,19,0,6,46,13.11,0.13,0.14,25.41,Moderately Stressed
2024-12-15 19:15:00,13.32,23.49,41.0,22.7,18.0,5.08,23.0,0,2,1,19,0,6,46,13.14,0.14,0.11,25.34,Moderately Stressed
2024-12-15 19:30:00,13.34,23.25,41.0,22.7,18.0,5.12,22.7,0,2,1,19,0,6,46,13.17,0.14,0.08,25.34,Moderately Stressed
2024-12-15 19:45:00,13.34,23.25,41.0,23.4,17.5,5.12,22.7,0,2,1,19,0,6,46,13.2,0.13,0.08,25.18,Moderately Stressed
2024-12-15 20:00:00,13.4,23.02,41.0,24.5,17.2,5.17,22.4,0,2,1,20,0,6,46,13.23,0.12,0.09,25.04,Moderately Stressed
2024-12-15 20:15:00,13.41,22.8,41.0,25.1,16.9,5.19,22.2,0,2,1,20,0,6,46,13.27,0.11,0.09,24.83,Moderately Stressed
2024-12-15 20:30:00,13.44,22.6,41.0,25.1,16.9,5.22,21.9,0,2,1,20,0,6,46,13.3,0.1,0.1,24.83,Moderately Stressed
2024-12-15 20:45:00,13.44,22.6,41.0,25.5,16.5,5.22,21.9,0,2,1,20,0,6,46,13.32,0.09,0.1,24.52,Moderately Stressed
2024-12-15 21:00:00,13.49,22.39,41.0,26.2,16.4,5.24,21.7,0,2,1,21,0,6,46,13.35,0.09,0.09,24.23,Moderately Stressed
2024-12-15 21:15:00,13.5,22.21,41.0,26.4,16.5,5.25,21.5,0,2,1,21,0,6,46,13.38,0.08,0.09,24.0,Moderately Stressed
2024-12-15 21:30:00,13.51,22.05,41.0,26.4,16.5,5.27,21.3,0,2,1,21,0,6,46,13.4,0.08,0.07,24.0,Moderately Stressed
2024-12-15 21:45:00,13.51,22.05,41.0,26.7,16.5,5.27,21.3,0,2,1,21,0,6,46,13.42,0.08,0.07,23.71,Moderately Stressed
2024-12-15 22:00:00,13.52,21.88,41.0,26.7,16.3,5.28,21.1,0,2,1,22,0,6,46,13.44,0.07,0.03,23.49,Moderately Stressed
2024-12-15 22:15:00,13.56,21.76,41.0,26.7,16.0,5.29,20.9,0,2,1,22,0,6,46,13.46,0.07,0.06,23.25,Moderately Stressed
2024-12-15 22:30:00,13.58,21.6,41.0,26.7,16.0,5.29,20.8,0,2,1,22,0,6,46,13.48,0.07,0.07,23.25,Moderately Stressed
2024-12-15 22:45:00,13.58,21.6,41.0,26.7,15.9,5.29,20.8,0,2,1,22,0,6,46,13.5,0.06,0.07,23.02,Moderately Stressed
2024-12-15 23:00:00,13.59,21.46,42.0,26.5,15.9,5.3,20.6,0,2,1,23,0,6,46,13.51,0.06,0.07,22.8,Moderately Stressed
2024-12-15 23:15:00,13.61,21.34,41.0,26.3,15.7,5.29,20.4,0,2,1,23,0,6,46,13.53,0.06,0.05,22.6,Moderately Stressed
2024-12-15 23:30:00,13.63,21.19,42.0,26.3,15.7,5.29,20.3,0,2,1,23,0,6,46,13.54,0.06,0.05,22.6,Moderately Stressed
2024-12-15 23:45:00,13.63,21.19,42.0,26.3,15.7,5.29,20.3,0,2,1,23,0,6,46,13.56,0.05,0.05,22.39,Moderately Stressed
2024-12-16 00:00:00,13.65,21.07,41.0,26.2,15.7,5.29,20.2,0,2,1,0,0,0,46,13.57,0.05,0.06,22.21,Moderately Stressed
2024-12-16 00:15:00,13.65,20.96,41.0,26.3,15.8,5.29,20.1,0,2,1,0,0,0,46,13.58,0.05,0.04,22.05,Moderately Stressed
2024-12-16 00:30:00,13.66,20.86,41.0,26.3,15.8,5.29,20.0,0,2,1,0,0,0,46,13.6,0.05,0.03,22.05,Moderately Stressed
2024-12-16 00:45:00,13.66,20.86,41.0,26.1,15.6,5.29,20.0,0,2,1,0,0,0,46,13.61,0.04,0.03,21.88,Moderately Stressed
2024-12-16 01:00:00,13.87,20.76,42.0,26.0,15.5,5.29,19.8,0,2,1,1,0,0,46,13.64,0.08,0.22,21.76,Moderately Stressed
2024-12-16 01:15:00,13.78,20.65,42.0,25.9,15.3,5.29,19.7,0,2,1,1,0,0,46,13.66,0.09,0.13,21.6,Moderately Stressed
2024-12-16 01:30:00,13.78,20.54,42.0,25.9,15.3,5.29,19.5,0,2,1,1,0,0,46,13.67,0.09,0.12,21.6,Moderately Stressed
2024-12-16 01:45:00,13.78,20.54,42.0,25.9,15.0,5.29,19.5,0,2,1,1,0,0,46,13.69,0.09,0.12,21.46,Moderately Stressed
2024-12-16 02:00:00,13.79,20.43,42.0,25.9,14.9,5.29,19.4,0,2,1,2,0,0,46,13.71,0.09,-0.08,21.34,Moderately Stressed
2024-12-16 02:15:00,13.79,20.32,42.0,25.9,14.8,5.28,19.2,0,2,1,2,0,0,46,13.72,0.08,0.01,21.19,Moderately Stressed
2024-12-16 02:30:00,13.81,20.2,42.0,25.9,14.8,5.28,19.1,0,2,1,2,0,0,46,13.74,0.08,0.03,21.19,Moderately Stressed
2024-12-16 02:45:00,13.81,20.2,42.0,25.9,15.0,5.28,19.1,0,2,1,2,0,0,46,13.75,0.08,0.03,21.07,Moderately Stressed
2024-12-16 03:00:00,13.81,20.13,42.0,25.3,15.9,5.28,19.3,0,2,1,3,0,0,46,13.77,0.07,0.02,20.96,Moderately Stressed
2024-12-16 03:15:00,13.81,20.13,42.0,25.2,15.9,5.27,19.2,0,2,1,3,0,0,46,13.78,0.06,0.02,20.86,Moderately Stressed
2024-12-16 03:30:00,13.81,20.12,42.0,25.2,15.9,5.27,19.3,0,2,1,3,0,0,46,13.79,0.05,0.0,20.86,Moderately Stressed
2024-12-16 03:45:00,13.81,20.12,42.0,24.9,16.3,5.27,19.3,0,2,1,3,0,0,46,13.8,0.02,0.0,20.76,Moderately Stressed
2024-12-16 04:00:00,13.82,20.12,42.0,24.9,16.0,5.27,19.2,0,2,1,4,0,0,46,13.8,0.01,0.01,20.65,Moderately Stressed
2024-12-16 04:15:00,13.82,20.03,42.0,25.2,15.8,5.27,19.0,0,2,1,4,0,0,46,13.8,0.01,0.01,20.54,Moderately Stressed
2024-12-16 04:30:00,13.86,19.93,42.0,25.2,15.8,5.27,18.9,0,2,1,4,0,0,46,13.81,0.02,0.05,20.54,Moderately Stressed
2024-12-16 04:45:00,13.86,19.93,42.0,25.5,15.4,5.27,18.9,0,2,1,4,0,0,46,13.82,0.02,0.05,20.43,Moderately Stressed
2024-12-16 05:00:00,13.87,19.83,42.0,25.6,14.6,5.27,18.7,0,2,1,5,0,0,46,13.82,0.03,0.05,20.32,Moderately Stressed
2024-12-16 05:15:00,13.91,19.7,42.0,30.2,13.9,5.28,18.5,0,2,1,5,0,0,46,13.83,0.03,0.09,20.2,Moderately Stressed
2024-12-16 05:30:00,13.92,19.52,42.0,30.2,13.9,5.28,18.3,0,2,1,5,0,0,46,13.84,0.04,0.06,20.2,Moderately Stressed
2024-12-16 05:45:00,13.92,19.52,42.0,29.1,13.4,5.28,18.3,0,2,1,5,0,0,46,13.85,0.04,0.06,20.13,Moderately Stressed
2024-12-16 06:00:00,14.05,19.35,43.0,33.1,13.0,5.31,18.0,0,2,1,6,1,0,46,13.87,0.07,0.18,20.13,Moderately Stressed
2024-12-16 06:15:00,14.06,19.2,44.0,32.3,12.8,5.32,17.9,0,2,1,6,1,0,46,13.89,0.09,0.15,20.12,Moderately Stressed
2024-12-16 06:30:00,14.08,19.03,43.0,32.3,12.8,5.33,17.7,0,2,1,6,1,0,46,13.92,0.1,0.16,20.12,Moderately Stressed
2024-12-16 06:45:00,14.08,19.03,43.0,34.2,12.8,5.33,17.7,0,2,1,6,1,0,46,13.94,0.1,0.16,20.12,Moderately Stressed
2024-12-16 07:00:00,14.08,18.91,43.0,33.5,13.5,5.34,17.7,0,2,1,7,1,0,46,13.96,0.1,0.03,20.03,Moderately Stressed
2024-12-16 07:15:00,14.07,18.9,43.0,33.1,15.0,5.36,17.8,0,2,1,7,1,0,46,13.98,0.1,0.01,19.93,Moderately Stressed
2024-12-16 07:30:00,14.07,18.99,44.0,33.1,15.0,5.34,18.2,0,2,1,7,1,0,46,14.0,0.09,-0.01,19.93,Moderately Stressed
2024-12-16 07:45:00,14.07,18.99,44.0,35.5,16.6,5.34,18.2,0,2,1,7,1,0,46,14.02,0.08,-0.01,19.83,Moderately Stressed
2024-12-16 08:00:00,14.04,19.16,44.0,34.3,19.2,5.33,18.5,0,2,1,8,1,0,46,14.03,0.07,-0.04,19.7,Moderately Stressed
2024-12-16 08:15:00,14.01,19.29,44.0,27.8,23.7,5.34,18.8,0,2,1,8,1,0,46,14.04,0.06,-0.06,19.52,Moderately Stressed
2024-12-16 08:30:00,13.94,19.52,44.0,27.8,23.7,5.37,19.3,0,2,1,8,1,0,46,14.04,0.06,-0.13,19.52,Moderately Stressed
2024-12-16 08:45:00,13.94,19.52,44.0,17.6,28.9,5.37,19.3,0,2,1,8,1,0,46,14.04,0.05,-0.13,19.52,Moderately Stressed
2024-12-16 09:00:00,13.84,19.91,44.0,14.4,31.5,5.36,19.9,0,2,1,9,1,0,46,14.02,0.08,-0.2,19.91,Moderately Stressed
2024-12-16 09:15:00,13.73,20.35,44.0,14.3,31.2,5.3,20.5,0,2,1,9,1,0,46,14.0,0.11,-0.28,20.35,Moderately Stressed
2024-12-16 09:30:00,13.56,20.94,44.0,14.3,31.2,5.22,21.0,0,2,1,9,1,0,46,13.95,0.17,-0.38,20.94,Moderately Stressed
2024-12-16 09:45:00,13.56,20.94,44.0,14.1,30.9,5.22,21.0,0,2,1,9,1,0,47,13.91,0.19,-0.38,20.94,Moderately Stressed
2024-12-16 10:00:00,13.41,21.56,44.0,14.0,31.9,5.13,21.8,0,2,1,10,1,0,47,13.85,0.23,-0.43,21.56,Moderately Stressed
2024-12-16 10:15:00,13.14,22.26,43.0,14.0,30.8,5.03,22.9,0,2,1,10,1,0,47,13.78,0.3,-0.59,22.26,Moderately Stressed
2024-12-16 10:30:00,12.96,22.88,42.0,14.0,30.8,4.9,24.1,0,2,1,10,1,0,47,13.68,0.36,-0.6,22.88,Severely Stressed
2024-12-16 10:45:00,12.96,22.88,42.0,13.9,34.9,4.9,24.1,0,2,1,10,1,0,47,13.59,0.4,-0.6,22.88,Severely Stressed
2024-12-16 11:00:00,12.84,23.36,42.0,14.2,34.6,4.72,26.5,0,2,1,11,1,0,47,13.49,0.42,-0.57,23.36,Severely Stressed
2024-12-16 11:15:00,12.85,23.71,42.0,14.5,32.9,4.56,29.0,0,2,1,11,1,0,47,13.39,0.43,-0.29,23.71,Severely Stressed
2024-12-16 11:30:00,12.81,24.0,42.0,14.5,32.9,4.49,30.1,0,2,1,11,1,0,47,13.3,0.42,-0.15,24.0,Severely Stressed
2024-12-16 11:45:00,12.81,24.0,42.0,14.8,33.1,4.49,30.1,0,2,1,11,1,0,47,13.21,0.39,-0.15,24.0,Severely Stressed
2024-12-16 12:00:00,12.78,24.32,42.0,15.1,33.1,4.44,31.0,0,2,1,12,1,0,47,13.12,0.35,-0.06,24.32,Severely Stressed
2024-12-16 12:15:00,12.69,24.61,42.0,15.1,32.9,4.45,30.9,0,2,1,12,1,0,47,13.03,0.31,-0.16,24.61,Severely Stressed
2024-12-16 12:30:00,12.63,24.84,41.0,15.1,32.9,4.51,29.7,0,2,1,12,1,0,47,12.95,0.28,-0.18,24.84,Severely Stressed
2024-12-16 12:45:00,12.63,24.84,41.0,15.1,33.4,4.51,29.7,0,2,1,12,1,0,47,12.88,0.22,-0.18,24.84,Severely Stressed
2024-12-16 13:00:00,12.56,25.14,42.0,15.2,33.9,4.5,29.2,0,2,1,13,1,0,47,12.8,0.16,-0.22,25.14,Severely Stressed
2024-12-16 13:15:00,12.53,25.43,41.0,15.1,34.8,4.46,29.1,0,2,1,13,1,0,47,12.75,0.14,-0.16,25.43,Severely Stressed
2024-12-16 13:30:00,12.39,25.69,41.0,15.1,34.8,4.41,29.0,0,2,1,13,1,0,47,12.71,0.16,-0.24,25.69,Severely Stressed
2024-12-16 13:45:00,12.39,25.69,41.0,15.1,35.7,4.41,29.0,0,2,1,13,1,0,47,12.66,0.17,-0.24,25.69,Severely Stressed
2024-12-16 14:00:00,12.31,25.99,41.0,14.9,36.8,4.37,29.0,0,2,1,14,1,0,47,12.62,0.18,-0.25,25.99,Severely Stressed
2024-12-16 14:15:00,12.13,26.27,41.0,14.8,36.8,4.35,29.1,0,2,1,14,1,0,47,12.56,0.21,-0.4,26.27,Severely Stressed
2024-12-16 14:30:00,12.08,26.47,41.0,14.8,36.8,4.29,29.4,0,2,1,14,1,0,47,12.49,0.24,-0.31,26.47,Severely Stressed
2024-12-16 14:45:00,12.08,26.47,41.0,14.6,35.1,4.29,29.4,0,2,1,14,1,0,47,12.43,0.24,-0.31,26.47,Severely Stressed
2024-12-16 15:00:00,12.18,26.5,41.0,14.6,31.3,4.29,29.1,0,2,1,15,1,0,47,12.38,0.23,-0.13,26.5,Severely Stressed
2024-12-16 15:15:00,12.3,26.28,42.0,14.9,28.2,4.28,27.9,0,2,1,15,1,0,47,12.35,0.21,0.17,26.5,Severely Stressed
2024-12-16 15:30:00,12.38,26.01,42.0,14.9,28.2,4.28,27.2,0,2,1,15,1,0,47,12.33,0.19,0.3,26.5,Severely Stressed
2024-12-16 15:45:00,12.38,26.01,42.0,15.2,26.9,4.28,27.2,0,2,1,15,1,0,47,12.31,0.16,0.3,26.5,Severely Stressed
2024-12-16 16:00:00,12.43,25.79,42.0,14.9,28.2,4.3,26.9,0,2,1,16,1,0,47,12.3,0.15,0.25,26.5,Severely Stressed
2024-12-16 16:15:00,12.43,25.65,42.0,14.4,28.1,4.27,27.6,0,2,1,16,1,0,47,12.29,0.14,0.13,26.5,Severely Stressed
2024-12-16 16:30:00,12.43,25.61,42.0,14.4,28.1,4.24,27.9,0,2,1,16,1,0,47,12.29,0.14,0.05,26.5,Severely Stressed
2024-12-16 16:45:00,12.43,25.61,42.0,14.8,26.0,4.24,27.9,0,2,1,16,1,0,47,12.3,0.14,0.05,26.5,Severely Stressed
2024-12-16 17:00:00,12.46,25.56,42.0,15.5,24.5,4.26,27.7,0,2,1,17,1,0,47,12.31,0.15,0.03,26.5,Severely Stressed
2024-12-16 17:15:00,12.51,25.44,42.0,16.3,23.2,4.3,26.9,0,2,1,17,1,0,47,12.34,0.15,0.08,26.5,Severely Stressed
2024-12-16 17:30:00,12.55,25.18,42.0,16.3,23.2,4.36,26.0,0,2,1,17,1,0,47,12.38,0.13,0.12,26.5,Severely Stressed
2024-12-16 17:45:00,12.55,25.18,42.0,17.4,21.6,4.36,26.0,0,2,1,17,1,0,47,12.42,0.1,0.12,26.5,Severely Stressed
2024-12-16 18:00:00,12.65,24.86,42.0,19.3,20.1,4.46,25.4,0,2,1,18,1,0,47,12.46,0.09,0.19,26.28,Severely Stressed
2024-12-16 18:15:00,12.72,24.52,42.0,23.4,19.0,4.59,24.6,0,2,1,18,1,0,47,12.49,0.11,0.21,26.01,Severely Stressed
2024-12-16 18:30:00,12.76,24.21,42.0,23.4,19.0,4.7,24.0,0,2,1,18,1,0,47,12.52,0.12,0.21,26.01,Severely Stressed
2024-12-16 18:45:00,12.76,24.21,42.0,25.6,18.4,4.7,24.0,0,2,1,18,1,0,47,12.56,0.13,0.21,25.79,Severely Stressed
2024-12-16 19:00:00,12.8,23.9,42.0,25.9,18.1,4.8,23.7,0,2,1,19,0,0,47,12.59,0.14,0.15,25.65,Severely Stressed
2024-12-16 19:15:00,12.82,23.6,42.0,25.6,18.0,4.87,23.3,0,2,1,19,0,0,47,12.62,0.15,0.1,25.61,Severely Stressed
2024-12-16 19:30:00,12.83,23.38,42.0,25.6,18.0,4.92,23.0,0,2,1,19,0,0,47,12.65,0.15,0.07,25.61,Severely Stressed
2024-12-16 19:45:00,12.83,23.38,42.0,25.9,17.8,4.92,23.0,0,2,1,19,0,0,47,12.69,0.14,0.07,25.56,Severely Stressed
2024-12-16 20:00:00,12.86,23.14,42.0,25.6,17.7,4.96,22.7,0,2,1,20,0,0,47,12.72,0.12,0.06,25.44,Severely Stressed
2024-12-16 20:15:00,12.87,22.94,42.0,25.6,17.9,5.01,22.4,0,2,1,20,0,0,47,12.75,0.11,0.05,25.18,Severely Stressed
2024-12-16 20:30:00,12.88,22.74,42.0,25.6,17.9,5.04,22.2,0,2,1,20,0,0,47,12.78,0.1,0.05,25.18,Severely Stressed
2024-12-16 20:45:00,12.88,22.74,42.0,23.6,17.7,5.04,22.2,0,2,1,20,0,0,47,12.8,0.07,0.05,24.86,Severely Stressed
2024-12-16 21:00:00,12.91,22.56,42.0,25.6,17.4,5.06,22.0,0,2,1,21,0,0,47,12.83,0.06,0.05,24.52,Severely Stressed
2024-12-16 21:15:00,12.94,22.38,42.0,27.0,16.6,5.06,21.8,0,2,1,21,0,0,47,12.84,0.06,0.07,24.21,Severely Stressed
2024-12-16 21:30:00,12.99,22.2,42.0,27.0,16.6,5.1,21.5,0,2,1,21,0,0,47,12.86,0.06,0.11,24.21,Severely Stressed
2024-12-16 21:45:00,12.99,22.2,42.0,27.4,16.1,5.1,21.5,0,2,1,21,0,0,47,12.88,0.06,0.11,23.9,Severely Stressed
2024-12-16 22:00:00,13.04,21.99,43.0,28.4,15.7,5.12,21.2,0,2,1,22,0,0,47,12.9,0.07,0.13,23.6,Moderately Stressed
2024-12-16 22:15:00,13.06,21.82,43.0,28.5,15.4,5.13,21.0,0,2,1,22,0,0,47,12.92,0.08,0.12,23.38,Moderately Stressed
2024-12-16 22:30:00,13.1,21.64,43.0,28.5,15.4,5.12,20.8,0,2,1,22,0,0,47,12.95,0.09,0.11,23.38,Moderately Stressed
2024-12-16 22:45:00,13.1,21.64,43.0,28.9,15.1,5.12,20.8,0,2,1,22,0,0,47,12.97,0.09,0.11,23.14,Moderately Stressed
2024-12-16 23:00:00,13.12,21.45,43.0,29.5,14.9,5.15,20.5,0,2,1,23,0,0,47,12.99,0.09,0.08,22.94,Moderately Stressed
2024-12-16 23:15:00,13.14,21.25,43.0,29.0,14.6,5.18,20.3,0,2,1,23,0,0,47,13.01,0.09,0.08,22.74,Moderately Stressed
2024-12-16 23:30:00,13.15,21.06,43.0,29.0,14.6,5.16,20.1,0,2,1,23,0,0,47,13.04,0.09,0.05,22.74,Moderately Stressed
2024-12-16 23:45:00,13.15,21.06,43.0,28.5,14.3,5.16,20.1,0,2,1,23,0,0,47,13.06,0.08,0.05,22.56,Moderately Stressed
2024-12-17 00:00:00,13.17,20.92,43.0,28.4,14.4,5.15,19.9,0,2,1,0,0,1,47,13.08,0.07,0.05,22.38,Moderately Stressed
2024-12-17 00:15:00,13.19,20.75,43.0,28.1,14.5,5.15,19.8,0,2,1,0,0,1,47,13.1,0.07,0.05,22.2,Moderately Stressed
2024-12-17 00:30:00,13.33,20.64,44.0,28.1,14.5,5.14,19.7,0,2,1,0,0,1,47,13.13,0.09,0.18,22.2,Moderately Stressed
2024-12-17 00:45:00,13.33,20.64,44.0,28.1,14.4,5.14,19.7,0,2,1,0,0,1,47,13.16,0.09,0.18,21.99,Moderately Stressed
2024-12-17 01:00:00,13.35,20.52,44.0,27.4,14.3,5.15,19.5,0,2,1,1,0,1,47,13.18,0.1,0.18,21.82,Moderately Stressed
2024-12-17 01:15:00,13.36,20.38,44.0,27.0,14.2,5.14,19.3,0,2,1,1,0,1,47,13.21,0.1,0.17,21.64,Moderately Stressed
2024-12-17 01:30:00,13.38,20.25,44.0,27.0,14.2,5.15,19.2,0,2,1,1,0,1,47,13.23,0.11,0.05,21.64,Moderately Stressed
2024-12-17 01:45:00,13.38,20.25,44.0,26.6,14.1,5.15,19.2,0,2,1,1,0,1,47,13.25,0.11,0.05,21.45,Moderately Stressed
2024-12-17 02:00:00,13.39,20.14,44.0,25.9,14.1,5.13,19.1,0,2,1,2,0,1,47,13.28,0.11,0.04,21.25,Moderately Stressed
2024-12-17 02:15:00,13.4,20.03,44.0,25.6,14.0,5.15,19.0,0,2,1,2,0,1,47,13.3,0.1,0.04,21.06,Moderately Stressed
2024-12-17 02:30:00,13.42,19.92,44.0,25.6,14.0,5.12,18.8,0,2,1,2,0,1,47,13.32,0.1,0.04,21.06,Moderately Stressed
2024-12-17 02:45:00,13.42,19.92,44.0,25.2,13.8,5.12,18.8,0,2,1,2,0,1,47,13.34,0.08,0.04,20.92,Moderately Stressed
2024-12-17 03:00:00,13.44,19.8,44.0,25.2,13.7,5.12,18.7,0,2,1,3,0,1,47,13.37,0.07,0.05,20.75,Moderately Stressed
2024-12-17 03:15:00,13.44,19.67,44.0,25.2,13.4,5.15,18.5,0,2,1,3,0,1,47,13.39,0.04,0.04,20.64,Moderately Stressed
2024-12-17 03:30:00,13.45,19.53,44.0,25.2,13.4,5.11,18.4,0,2,1,3,0,1,47,13.4,0.04,0.03,20.64,Moderately Stressed
2024-12-17 03:45:00,13.45,19.53,44.0,24.9,13.2,5.11,18.4,0,2,1,3,0,1,47,13.41,0.03,0.03,20.52,Moderately Stressed
2024-12-17 04:00:00,13.49,19.41,44.0,25.1,13.3,5.12,18.2,0,2,1,4,0,1,47,13.42,0.04,0.05,20.38,Moderately Stressed
2024-12-17 04:15:00,13.51,19.3,44.0,25.0,13.1,5.12,18.1,0,2,1,4,0,1,47,13.43,0.04,0.07,20.25,Moderately Stressed
2024-12-17 04:30:00,13.5,19.2,44.0,25.0,13.1,5.09,18.1,0,2,1,4,0,1,47,13.44,0.04,0.05,20.25,Moderately Stressed
2024-12-17 04:45:00,13.5,19.2,44.0,25.2,13.2,5.09,18.1,0,2,1,4,0,1,47,13.45,0.04,0.05,20.14,Moderately Stressed
2024-12-17 05:00:00,13.52,19.1,44.0,25.2,13.1,5.11,18.0,0,2,1,5,0,1,47,13.46,0.04,0.03,20.03,Moderately Stressed
2024-12-17 05:15:00,13.52,19.0,44.0,31.6,13.0,5.11,17.9,0,2,1,5,0,1,47,13.47,0.04,0.01,19.92,Moderately Stressed
2024-12-17 05:30:00,13.58,18.9,44.0,31.6,13.0,5.11,17.8,0,2,1,5,0,1,47,13.48,0.05,0.08,19.92,Moderately Stressed
2024-12-17 05:45:00,13.58,18.9,44.0,31.1,12.9,5.11,17.8,0,2,1,5,0,1,47,13.5,0.05,0.08,19.8,Moderately Stressed
2024-12-17 06:00:00,13.57,18.8,44.0,32.7,12.8,5.11,17.6,0,2,1,6,1,1,47,13.51,0.05,0.05,19.67,Moderately Stressed
2024-12-17 06:15:00,13.58,18.7,44.0,32.3,12.7,5.1,17.5,0,2,1,6,1,1,47,13.52,0.05,0.06,19.53,Moderately Stressed
2024-12-17 06:30:00,13.58,18.6,44.0,32.3,12.7,5.1,17.5,0,2,1,6,1,1,47,13.53,0.04,0.0,19.53,Moderately Stressed
2024-12-17 06:45:00,13.58,18.6,44.0,32.3,13.0,5.1,17.5,0,2,1,6,1,1,47,13.54,0.04,0.0,19.41,Moderately Stressed
2024-12-17 07:00:00,13.6,18.57,44.0,35.5,13.3,5.1,17.5,0,2,1,7,1,1,47,13.55,0.04,0.03,19.3,Moderately Stressed
2024-12-17 07:15:00,13.58,18.52,44.0,34.3,14.6,5.09,17.6,0,2,1,7,1,1,47,13.56,0.04,0.0,19.2,Moderately Stressed
2024-12-17 07:30:00,13.55,18.66,44.0,34.3,14.6,5.08,18.0,0,2,1,7,1,1,47,13.56,0.03,-0.03,19.2,Moderately Stressed
2024-12-17 07:45:00,13.55,18.66,44.0,33.7,16.2,5.08,18.0,0,2,1,7,1,1,47,13.57,0.03,-0.03,19.1,Moderately Stressed
2024-12-17 08:00:00,13.49,18.9,45.0,30.8,19.2,5.06,18.5,0,2,1,8,1,1,47,13.56,0.03,-0.11,19.0,Moderately Stressed
2024-12-17 08:15:00,13.43,19.2,45.0,20.8,21.4,5.05,19.0,0,2,1,8,1,1,47,13.56,0.05,-0.15,19.2,Moderately Stressed
2024-12-17 08:30:00,13.4,19.54,45.0,20.8,21.4,5.0,19.7,0,2,1,8,1,1,47,13.54,0.07,-0.15,19.54,Moderately Stressed
2024-12-17 08:45:00,13.4,19.54,45.0,17.1,23.2,5.0,19.7,0,2,1,8,1,1,47,13.53,0.08,-0.15,19.54,Moderately Stressed
2024-12-17 09:00:00,13.31,19.93,45.0,16.8,23.0,4.95,20.2,0,2,1,9,1,1,47,13.5,0.1,-0.18,19.93,Moderately Stressed
2024-12-17 09:15:00,13.22,20.27,45.0,13.7,31.4,4.91,20.5,0,2,1,9,1,1,47,13.47,0.12,-0.21,20.27,Moderately Stressed
2024-12-17 09:30:00,12.95,20.87,45.0,13.7,31.4,4.83,21.3,0,2,1,9,1,1,47,13.42,0.19,-0.45,20.87,Severely Stressed
2024-12-17 09:45:00,12.95,20.87,45.0,13.7,32.1,4.83,21.3,0,2,1,9,1,1,48,13.37,0.23,-0.45,20.87,Severely Stressed
2024-12-17 10:00:00,12.69,21.68,45.0,13.4,33.8,4.74,22.1,0,2,1,10,1,1,48,13.29,0.29,-0.62,21.68,Severely Stressed
2024-12-17 10:15:00,12.48,22.46,45.0,13.7,31.1,4.65,23.2,0,2,1,10,1,1,48,13.2,0.35,-0.74,22.46,Severely Stressed
2024-12-17 10:30:00,12.42,22.99,45.0,13.7,31.1,4.55,24.6,0,2,1,10,1,1,48,13.11,0.4,-0.53,22.99,Severely Stressed
2024-12-17 10:45:00,12.42,22.99,45.0,13.6,35.5,4.55,24.6,0,2,1,10,1,1,48,13.01,0.42,-0.53,22.99,Severely Stressed
2024-12-17 11:00:00,12.36,23.49,44.0,13.9,35.5,4.37,27.4,0,2,1,11,1,1,48,12.92,0.43,-0.33,23.49,Severely Stressed
2024-12-17 11:15:00,12.37,23.81,44.0,14.2,34.6,4.23,29.6,0,2,1,11,1,1,48,12.83,0.42,-0.11,23.81,Severely Stressed
2024-12-17 11:30:00,12.35,24.11,44.0,14.2,34.6,4.14,31.1,0,2,1,11,1,1,48,12.74,0.4,-0.07,24.11,Severely Stressed
2024-12-17 11:45:00,12.35,24.11,44.0,14.5,34.0,4.14,31.1,0,2,1,11,1,1,48,12.66,0.36,-0.07,24.11,Severely Stressed
2024-12-17 12:00:00,12.27,24.42,44.0,15.0,33.6,4.09,31.7,0,2,1,12,1,1,48,12.57,0.31,-0.09,24.42,Severely Stressed
2024-12-17 12:15:00,12.19,24.78,44.0,15.1,34.3,4.08,31.6,0,2,1,12,1,1,48,12.48,0.25,-0.18,24.78,Severely Stressed
2024-12-17 12:30:00,12.13,25.09,44.0,15.1,34.3,4.16,30.4,0,2,1,12,1,1,48,12.42,0.22,-0.22,25.09,Severely Stressed
2024-12-17 12:45:00,12.13,25.09,44.0,15.2,34.9,4.16,30.4,0,2,1,12,1,1,48,12.35,0.16,-0.22,25.09,Severely Stressed
2024-12-17 13:00:00,12.1,25.45,44.0,15.1,35.5,4.15,29.9,0,2,1,13,1,1,48,12.3,0.13,-0.17,25.45,Severely Stressed
2024-12-17 13:15:00,12.03,25.72,44.0,15.2,36.3,4.12,29.7,0,2,1,13,1,1,48,12.26,0.14,-0.16,25.72,Severely Stressed
2024-12-17 13:30:00,11.88,26.06,44.0,15.2,36.3,4.08,30.1,0,2,1,13,1,1,48,12.22,0.17,-0.25,26.06,Severely Stressed
2024-12-17 13:45:00,11.88,26.06,44.0,14.9,35.9,4.08,30.1,0,2,1,13,1,1,48,12.17,0.18,-0.25,26.06,Severely Stressed
2024-12-17 14:00:00,11.87,26.39,44.0,14.8,35.4,4.06,30.0,0,2,1,14,1,1,48,12.13,0.19,-0.23,26.39,Severely Stressed
2024-12-17 14:15:00,11.86,26.6,44.0,15.1,33.6,4.05,29.7,3,8,4,14,1,1,48,12.09,0.18,-0.17,26.6,Severely Stressed
2024-12-17 14:30:00,11.86,26.6,44.0,15.1,33.6,5.67,24.9,9,27,13,14,1,1,48,12.05,0.17,-0.02,26.6,Severely Stressed
2024-12-17 14:45:00,25.16,24.93,181.0,22.9,34.0,5.67,24.9,10,28,14,14,1,1,48,13.11,3.8,13.28,26.6,Healthy
2024-12-17 15:00:00,25.16,24.93,181.0,28.4,31.3,5.91,24.3,10,28,14,15,1,1,48,14.19,5.13,13.29,26.6,Healthy
2024-12-17 15:15:00,23.25,24.86,154.0,28.4,31.3,5.92,24.9,7,21,10,15,1,1,48,15.11,5.7,11.39,26.6,Healthy
2024-12-17 15:30:00,21.61,25.19,129.0,25.7,28.3,5.88,26.0,5,15,7,15,1,1,48,15.9,5.9,9.75,26.6,Healthy
2024-12-17 15:45:00,21.15,25.43,120.0,25.7,28.3,5.88,26.0,5,14,7,15,1,1,48,16.65,5.95,-4.01,26.6,Healthy
2024-12-17 16:00:00,21.15,25.43,120.0,25.2,29.4,5.85,26.3,4,12,6,16,1,1,48,17.4,5.89,-4.01,26.6,Healthy
2024-12-17 16:15:00,20.84,25.51,115.0,24.9,28.1,5.81,26.7,4,12,6,16,1,1,48,18.14,5.71,-2.41,26.6,Healthy
2024-12-17 16:30:00,20.62,25.56,111.0,24.9,28.1,5.79,26.9,4,11,5,16,1,1,48,18.87,5.39,-0.99,26.6,Healthy
2024-12-17 16:45:00,20.4,25.7,107.0,24.1,28.4,5.79,26.9,4,11,5,16,1,1,48,19.58,4.92,-0.75,26.6,Healthy
2024-12-17 17:00:00,20.4,25.7,107.0,24.5,26.5,5.78,26.9,3,11,5,17,1,1,48,20.29,4.29,-0.75,26.6,Healthy
2024-12-17 17:15:00,20.26,25.62,103.0,25.9,24.6,5.8,26.2,3,10,5,17,1,1,48,20.99,3.37,-0.58,26.6,Healthy
2024-12-17 17:30:00,20.19,25.44,101.0,25.9,24.6,5.83,25.7,3,10,5,17,1,1,48,21.68,1.82,-0.43,25.7,Healthy
2024-12-17 17:45:00,20.12,25.21,99.0,27.0,23.4,5.83,25.7,3,10,5,17,1,1,48,21.26,1.5,-0.28,25.7,Healthy
2024-12-17 18:00:00,20.12,25.21,99.0,29.6,22.4,5.84,25.3,3,10,5,18,1,1,48,20.84,0.9,-0.28,25.7,Healthy
2024-12-17 18:15:00,20.07,24.99,97.0,31.1,21.7,5.84,24.9,3,9,4,18,1,1,48,20.58,0.5,-0.19,25.7,Healthy
2024-12-17 18:30:00,20.0,24.75,96.0,31.1,21.7,5.87,24.6,3,9,4,18,1,1,48,20.44,0.41,-0.19,25.7,Healthy
2024-12-17 18:45:00,19.91,24.55,94.0,29.3,21.7,5.87,24.6,3,9,4,18,1,1,48,20.34,0.37,-0.21,25.7,Healthy
2024-12-17 19:00:00,19.91,24.55,94.0,29.9,21.3,5.89,24.3,3,9,4,19,0,1,48,20.24,0.28,-0.21,25.7,Healthy
2024-12-17 19:15:00,19.84,24.36,93.0,30.8,20.7,5.89,24.1,3,8,4,19,0,1,48,20.15,0.23,-0.23,25.7,Healthy
2024-12-17 19:30:00,19.77,24.2,92.0,30.8,20.7,5.89,23.9,3,8,4,19,0,1,48,20.08,0.21,-0.23,25.7,Healthy
2024-12-17 19:45:00,19.72,24.01,91.0,31.2,20.2,5.89,23.9,3,8,4,19,0,1,48,20.03,0.21,-0.19,25.7,Healthy
2024-12-17 20:00:00,19.72,24.01,91.0,32.4,19.7,5.88,23.6,2,8,4,20,0,1,48,19.97,0.19,-0.19,25.62,Healthy
2024-12-17 20:15:00,19.65,23.81,90.0,33.2,19.3,5.88,23.4,2,7,3,20,0,1,48,19.92,0.18,-0.19,25.44,Healthy
2024-12-17 20:30:00,19.61,23.61,89.0,33.2,19.3,5.87,23.1,2,7,3,20,0,1,48,19.87,0.18,-0.16,25.21,Healthy
2024-12-17 20:45:00,19.55,23.46,89.0,34.1,19.0,5.87,23.1,2,7,3,20,0,1,48,19.82,0.18,-0.17,25.21,Healthy
2024-12-17 21:00:00,19.55,23.46,89.0,34.2,18.8,5.88,22.9,2,7,3,21,0,1,48,19.78,0.17,-0.17,24.99,Healthy
2024-12-17 21:15:00,19.51,23.29,88.0,33.9,18.6,5.87,22.7,2,7,3,21,0,1,48,19.73,0.16,-0.14,24.75,Healthy
2024-12-17 21:30:00,19.48,23.11,88.0,33.9,18.6,5.86,22.5,2,7,3,21,0,1,48,19.68,0.15,-0.13,24.55,Healthy
2024-12-17 21:45:00,19.41,22.98,87.0,33.1,18.3,5.86,22.5,2,7,3,21,0,1,48,19.64,0.15,-0.14,24.55,Healthy
2024-12-17 22:00:00,19.41,22.98,87.0,32.7,18.2,5.87,22.4,2,7,3,22,0,1,48,19.6,0.14,-0.14,24.36,Healthy
2024-12-17 22:15:00,19.37,22.82,86.0,31.7,18.0,5.87,22.2,2,7,3,22,0,1,48,19.56,0.13,-0.14,24.2,Healthy
2024-12-17 22:30:00,19.34,22.68,86.0,31.7,18.0,5.86,22.0,2,7,3,22,0,1,48,19.53,0.13,-0.14,24.01,Healthy
2024-12-17 22:45:00,19.3,22.56,86.0,30.7,17.7,5.86,22.0,2,7,3,22,0,1,48,19.49,0.13,-0.11,24.01,Healthy
2024-12-17 23:00:00,19.3,22.56,86.0,30.0,17.7,5.86,21.8,2,7,3,23,0,1,48,19.46,0.12,-0.11,23.81,Healthy
2024-12-17 23:15:00,19.25,22.41,85.0,29.6,17.6,5.85,21.7,2,7,3,23,0,1,48,19.42,0.12,-0.12,23.61,Healthy
2024-12-17 23:30:00,19.21,22.28,85.0,29.6,17.6,5.85,21.5,2,7,3,23,0,1,48,19.39,0.12,-0.13,23.46,Healthy
2024-12-17 23:45:00,19.16,22.17,84.0,29.1,17.5,5.85,21.5,2,7,3,23,0,1,48,19.36,0.12,-0.14,23.46,Healthy
2024-12-18 00:00:00,19.16,22.17,84.0,28.6,17.4,5.85,21.4,2,7,3,0,0,2,48,19.32,0.12,-0.14,23.29,Healthy
2024-12-18 00:15:00,19.11,22.05,84.0,28.1,17.3,5.84,21.3,2,7,3,0,0,2,48,19.29,0.12,-0.14,23.11,Healthy
2024-12-18 00:30:00,19.08,21.95,84.0,28.1,17.3,5.84,21.2,2,7,3,0,0,2,48,19.26,0.11,-0.13,22.98,Healthy
2024-12-18 00:45:00,19.04,21.86,84.0,27.8,17.4,5.84,21.2,2,6,3,0,0,2,48,19.23,0.12,-0.12,22.98,Healthy
2024-12-18 01:00:00,19.04,21.86,84.0,27.8,17.7,5.85,21.1,2,6,3,1,0,2,48,19.2,0.12,-0.12,22.82,Healthy
2024-12-18 01:15:00,18.98,21.83,84.0,27.4,17.9,5.83,21.2,2,6,3,1,0,2,48,19.16,0.12,-0.13,22.68,Healthy
2024-12-18 01:30:00,18.95,21.76,83.0,27.4,17.9,5.82,21.0,2,6,3,1,0,2,48,19.13,0.12,-0.13,22.56,Healthy
2024-12-18 01:45:00,18.9,21.66,83.0,27.7,17.6,5.82,21.0,2,6,3,1,0,2,48,19.1,0.12,-0.14,22.56,Healthy
2024-12-18 02:00:00,18.9,21.66,83.0,27.4,17.6,5.82,20.9,2,6,3,2,0,2,48,19.07,0.12,-0.14,22.41,Healthy
2024-12-18 02:15:00,18.92,21.65,82.0,27.4,18.0,5.81,21.0,2,6,3,2,0,2,48,19.04,0.11,-0.06,22.28,Healthy
2024-12-18 02:30:00,18.83,21.61,82.0,27.4,18.0,5.8,20.9,2,6,3,2,0,2,48,19.01,0.11,-0.12,22.17,Healthy
2024-12-18 02:45:00,18.81,21.56,82.0,27.2,18.1,5.8,20.9,2,6,3,2,0,2,48,18.98,0.11,-0.09,22.17,Healthy
2024-12-18 03:00:00,18.81,21.56,82.0,27.8,18.3,5.79,20.9,2,6,3,3,0,2,48,18.95,0.1,-0.09,22.05,Healthy
2024-12-18 03:15:00,18.76,21.55,82.0,28.1,18.2,5.78,20.9,2,6,3,3,0,2,48,18.92,0.1,-0.16,21.95,Healthy
2024-12-18 03:30:00,18.74,21.5,82.0,28.1,18.2,5.78,20.7,2,6,3,3,0,2,48,18.89,0.1,-0.09,21.86,Healthy
2024-12-18 03:45:00,18.71,21.38,81.0,27.8,17.5,5.78,20.7,2,6,3,3,0,2,48,18.86,0.1,-0.1,21.86,Healthy
2024-12-18 04:00:00,18.71,21.38,81.0,27.4,17.2,5.78,20.6,2,6,3,4,0,2,48,18.84,0.09,-0.1,21.83,Healthy
2024-12-18 04:15:00,18.69,21.27,81.0,27.0,17.0,5.78,20.5,2,6,3,4,0,2,48,18.81,0.09,-0.07,21.76,Healthy
2024-12-18 04:30:00,18.68,21.16,81.0,27.0,17.0,5.77,20.3,2,6,3,4,0,2,48,18.79,0.09,-0.06,21.66,Healthy
2024-12-18 04:45:00,18.65,21.07,81.0,27.0,16.8,5.77,20.3,2,6,3,4,0,2,48,18.77,0.09,-0.06,21.66,Healthy
2024-12-18 05:00:00,18.65,21.07,81.0,26.7,16.6,5.78,20.1,2,6,3,5,0,2,48,18.75,0.08,-0.06,21.65,Healthy
2024-12-18 05:15:00,18.62,20.97,80.0,27.0,16.7,5.78,20.1,2,6,3,5,0,2,48,18.72,0.07,-0.07,21.61,Healthy
2024-12-18 05:30:00,18.62,20.97,80.0,27.0,16.7,5.77,20.0,2,6,3,5,0,2,48,18.7,0.07,-0.06,21.56,Healthy
2024-12-18 05:45:00,18.56,20.82,80.0,27.3,16.4,5.77,20.0,2,6,3,5,0,2,48,18.68,0.07,-0.09,21.56,Healthy
2024-12-18 06:00:00,18.56,20.82,80.0,27.3,16.4,5.77,19.9,2,6,3,6,1,2,48,18.66,0.06,-0.09,21.55,Healthy
2024-12-18 06:15:00,18.53,20.73,80.0,27.0,16.4,5.77,19.9,2,6,3,6,1,2,48,18.64,0.07,-0.09,21.5,Healthy
2024-12-18 06:30:00,18.51,20.64,79.0,27.0,16.4,5.76,19.8,2,6,3,6,1,2,48,18.62,0.07,-0.11,21.38,Healthy
2024-12-18 06:45:00,18.49,20.58,79.0,26.7,16.3,5.76,19.8,2,6,3,6,1,2,48,18.61,0.07,-0.07,21.38,Healthy
2024-12-18 07:00:00,18.49,20.58,79.0,26.7,16.7,5.75,19.8,2,6,3,7,1,2,48,18.59,0.07,-0.07,21.27,Healthy
2024-12-18 07:15:00,18.43,20.54,79.0,26.6,17.5,5.75,19.8,2,6,3,7,1,2,48,18.57,0.08,-0.1,21.16,Healthy
2024-12-18 07:30:00,18.41,20.57,79.0,26.6,17.5,5.74,20.0,2,6,3,7,1,2,48,18.54,0.08,-0.1,21.07,Healthy
2024-12-18 07:45:00,18.38,20.63,78.0,26.3,18.3,5.74,20.0,2,5,2,7,1,2,48,18.52,0.09,-0.11,21.07,Healthy
2024-12-18 08:00:00,18.38,20.63,78.0,25.2,21.1,5.73,20.2,2,5,2,8,1,2,48,18.5,0.08,-0.11,20.97,Healthy
2024-12-18 08:15:00,18.26,20.8,78.0,18.3,29.5,5.73,20.8,2,5,2,8,1,2,48,18.47,0.1,-0.17,20.97,Healthy
2024-12-18 08:30:00,18.14,21.14,78.0,18.3,29.5,5.68,21.6,2,5,2,8,1,2,48,18.43,0.13,-0.27,21.14,Healthy
2024-12-18 08:45:00,17.95,21.62,78.0,16.0,37.8,5.68,21.6,2,6,3,8,1,2,48,18.38,0.18,-0.43,21.62,Moderately Stressed
2024-12-18 09:00:00,17.95,21.62,78.0,15.8,38.1,5.64,22.4,2,6,3,9,1,2,48,18.33,0.21,-0.43,21.62,Moderately Stressed
2024-12-18 09:15:00,17.75,22.16,77.0,15.9,36.5,5.6,22.9,2,6,3,9,1,2,48,18.26,0.25,-0.51,22.16,Moderately Stressed
2024-12-18 09:30:00,17.71,22.68,77.0,15.9,36.5,5.56,23.3,2,5,2,9,1,2,48,18.2,0.29,-0.43,22.68,Moderately Stressed
2024-12-18 09:45:00,17.47,23.19,76.0,16.4,32.7,5.56,23.3,2,5,2,9,1,2,49,18.11,0.34,-0.48,23.19,Moderately Stressed
2024-12-18 10:00:00,17.47,23.19,76.0,16.4,34.2,5.51,24.3,2,5,2,10,1,2,49,18.03,0.36,-0.48,23.19,Moderately Stressed
2024-12-18 10:15:00,17.16,23.91,76.0,16.8,35.7,5.45,25.2,2,5,2,10,1,2,49,17.92,0.41,-0.59,23.91,Moderately Stressed
2024-12-18 10:30:00,17.0,24.45,75.0,16.8,35.7,5.37,26.6,2,5,2,10,1,2,49,17.8,0.46,-0.71,24.45,Moderately Stressed
2024-12-18 10:45:00,17.09,24.89,74.0,17.1,36.5,5.37,26.6,2,5,2,10,1,2,49,17.69,0.46,-0.38,24.89,Moderately Stressed
2024-12-18 11:00:00,17.09,24.89,74.0,17.6,29.9,5.38,25.9,2,5,2,11,1,2,49,17.59,0.44,-0.38,24.89,Moderately Stressed
2024-12-18 11:15:00,17.13,24.73,73.0,17.3,28.7,5.38,25.9,2,5,2,11,1,2,49,17.49,0.4,-0.03,24.89,Moderately Stressed
2024-12-18 11:30:00,16.95,24.83,73.0,17.3,28.7,5.3,27.8,2,5,2,11,1,2,49,17.39,0.37,-0.05,24.89,Moderately Stressed
2024-12-18 11:45:00,16.91,25.03,72.0,16.9,30.7,5.3,27.8,2,5,2,11,1,2,49,17.31,0.35,-0.18,25.03,Moderately Stressed
2024-12-18 12:00:00,16.91,25.03,72.0,16.9,30.7,5.34,26.7,2,5,2,12,1,2,49,17.22,0.3,-0.18,25.03,Moderately Stressed
2024-12-18 12:15:00,16.93,25.02,71.0,17.0,27.4,5.35,25.9,2,5,2,12,1,2,49,17.15,0.26,-0.2,25.03,Moderately Stressed
2024-12-18 12:30:00,16.87,24.94,71.0,17.0,27.4,5.34,25.8,2,5,2,12,1,2,49,17.08,0.2,-0.08,25.03,Moderately Stressed
2024-12-18 12:45:00,16.86,24.84,71.0,17.0,26.3,5.34,25.8,2,5,2,12,1,2,49,17.03,0.17,-0.05,25.03,Moderately Stressed
2024-12-18 13:00:00,16.86,24.84,71.0,16.9,25.4,5.35,25.4,1,5,2,13,1,2,49,16.98,0.11,-0.05,25.03,Moderately Stressed
2024-12-18 13:15:00,16.8,24.73,70.0,16.7,25.6,5.35,25.4,1,5,2,13,1,2,49,16.95,0.11,-0.13,25.03,Moderately Stressed
2024-12-18 13:30:00,16.79,24.7,70.0,16.7,25.6,5.35,25.2,1,5,2,13,1,2,49,16.93,0.11,-0.08,25.03,Moderately Stressed
2024-12-18 13:45:00,16.78,24.62,70.0,16.4,24.9,5.35,25.2,1,5,2,13,1,2,49,16.91,0.11,-0.08,25.03,Moderately Stressed
2024-12-18 14:00:00,16.78,24.62,70.0,16.9,24.6,5.36,24.9,1,5,2,14,1,2,49,16.88,0.1,-0.08,25.03,Moderately Stressed
2024-12-18 14:15:00,16.72,24.53,70.0,16.3,25.6,5.36,25.0,1,5,2,14,1,2,49,16.85,0.07,-0.08,25.03,Moderately Stressed
2024-12-18 14:30:00,16.68,24.55,69.0,16.3,25.6,5.34,25.4,1,5,2,14,1,2,49,16.82,0.08,-0.11,25.03,Moderately Stressed
2024-12-18 14:45:00,16.62,24.68,69.0,16.1,26.7,5.34,25.4,1,5,2,14,1,2,49,16.8,0.09,-0.16,25.03,Moderately Stressed
2024-12-18 15:00:00,16.62,24.68,69.0,15.8,27.6,5.33,25.6,1,5,2,15,1,2,49,16.78,0.1,-0.16,25.02,Moderately Stressed
2024-12-18 15:15:00,16.55,24.83,69.0,15.8,28.0,5.31,25.8,1,5,2,15,1,2,49,16.74,0.11,-0.17,24.94,Moderately Stressed
2024-12-18 15:30:00,16.48,24.96,68.0,15.8,28.0,5.31,25.8,1,5,2,15,1,2,49,16.71,0.12,-0.2,24.96,Moderately Stressed
2024-12-18 15:45:00,16.46,25.02,68.0,15.8,27.3,5.31,25.8,1,5,2,15,1,2,49,16.68,0.13,-0.16,25.02,Moderately Stressed
2024-12-18 16:00:00,16.46,25.02,68.0,16.1,26.4,5.31,25.5,1,5,2,16,1,2,49,16.64,0.13,-0.16,25.02,Moderately Stressed
2024-12-18 16:15:00,16.43,25.02,68.0,16.2,25.7,5.31,25.4,1,5,2,16,1,2,49,16.61,0.14,-0.12,25.02,Moderately Stressed
2024-12-18 16:30:00,16.44,24.92,68.0,16.2,25.7,5.32,25.1,1,5,2,16,1,2,49,16.58,0.13,-0.04,25.02,Moderately Stressed
2024-12-18 16:45:00,16.47,24.82,67.0,16.4,24.7,5.32,25.1,1,5,2,16,1,2,49,16.56,0.12,0.01,25.02,Moderately Stressed
2024-12-18 17:00:00,16.47,24.82,67.0,16.9,24.1,5.34,24.8,1,5,2,17,1,2,49,16.53,0.1,0.01,25.02,Moderately Stressed
2024-12-18 17:15:00,16.48,24.71,67.0,16.7,23.8,5.35,24.7,1,5,2,17,1,2,49,16.51,0.08,0.05,25.02,Moderately Stressed
2024-12-18 17:30:00,16.46,24.59,67.0,16.7,23.8,5.37,24.5,1,5,2,17,1,2,49,16.5,0.07,0.02,25.02,Moderately Stressed
2024-12-18 17:45:00,16.48,24.43,67.0,17.1,23.3,5.37,24.5,1,5,2,17,1,2,49,16.48,0.05,0.01,25.02,Moderately Stressed
2024-12-18 18:00:00,16.48,24.43,67.0,17.4,22.6,5.39,24.2,1,5,2,18,1,2,49,16.47,0.03,0.01,25.02,Moderately Stressed
2024-12-18 18:15:00,16.5,24.3,67.0,19.0,22.0,5.42,24.0,1,5,2,18,1,2,49,16.47,0.02,0.02,25.02,Moderately Stressed
2024-12-18 18:30:00,16.53,24.12,67.0,19.0,22.0,5.44,23.7,1,5,2,18,1,2,49,16.47,0.03,0.07,25.02,Moderately Stressed
2024-12-18 18:45:00,16.58,23.93,67.0,20.7,21.2,5.44,23.7,1,5,2,18,1,2,49,16.48,0.04,0.1,25.02,Moderately Stressed
2024-12-18 19:00:00,16.58,23.93,67.0,22.4,21.0,5.47,23.5,1,5,2,19,0,2,49,16.49,0.05,0.1,25.02,Moderately Stressed
2024-12-18 19:15:00,16.55,23.81,66.0,21.7,21.4,5.48,23.4,1,5,2,19,0,2,49,16.5,0.05,0.05,24.92,Moderately Stressed
2024-12-18 19:30:00,16.55,23.73,66.0,21.7,21.4,5.49,23.4,1,4,2,19,0,2,49,16.51,0.04,0.02,24.82,Moderately Stressed
2024-12-18 19:45:00,16.57,23.65,66.0,20.0,21.4,5.49,23.4,1,4,2,19,0,2,49,16.52,0.05,-0.01,24.82,Moderately Stressed
2024-12-18 20:00:00,16.57,23.65,66.0,20.1,21.5,5.49,23.3,1,4,2,20,0,2,49,16.53,0.04,-0.01,24.71,Moderately Stressed
2024-12-18 20:15:00,16.55,23.6,66.0,19.4,21.4,5.5,23.3,1,4,2,20,0,2,49,16.53,0.04,0.0,24.59,Moderately Stressed
2024-12-18 20:30:00,16.56,23.5,66.0,19.4,21.4,5.5,23.1,1,4,2,20,0,2,49,16.54,0.04,0.01,24.43,Moderately Stressed
2024-12-18 20:45:00,16.53,23.46,66.0,20.3,21.4,5.5,23.1,1,4,2,20,0,2,49,16.55,0.03,-0.04,24.43,Moderately Stressed
2024-12-18 21:00:00,16.53,23.46,66.0,20.0,21.3,5.51,23.1,1,4,2,21,0,2,49,16.55,0.02,-0.04,24.3,Moderately Stressed
2024-12-18 21:15:00,16.54,23.39,65.0,20.9,21.1,5.52,23.0,1,4,2,21,0,2,49,16.55,0.02,-0.01,24.12,Moderately Stressed
2024-12-18 21:30:00,16.51,23.3,66.0,20.9,21.1,5.53,22.9,1,4,2,21,0,2,49,16.55,0.02,-0.05,23.93,Moderately Stressed
2024-12-18 21:45:00,16.55,23.23,66.0,21.3,21.0,5.53,22.9,1,4,2,21,0,2,49,16.55,0.02,0.02,23.93,Moderately Stressed
2024-12-18 22:00:00,16.55,23.23,66.0,21.5,20.9,5.53,22.7,1,4,2,22,0,2,49,16.55,0.02,0.02,23.81,Moderately Stressed
2024-12-18 22:15:00,16.59,23.15,66.0,21.0,20.7,5.55,22.6,1,4,2,22,0,2,49,16.55,0.02,0.05,23.73,Moderately Stressed
2024-12-18 22:30:00,16.6,23.06,66.0,21.0,20.7,5.55,22.5,1,4,2,22,0,2,49,16.55,0.03,0.09,23.65,Moderately Stressed
2024-12-18 22:45:00,16.59,22.98,66.0,20.7,20.7,5.55,22.5,1,4,2,22,0,2,49,16.56,0.03,0.04,23.65,Moderately Stressed
2024-12-18 23:00:00,16.59,22.98,66.0,22.1,20.6,5.56,22.4,1,5,2,23,0,2,49,16.56,0.03,0.04,23.6,Moderately Stressed
2024-12-18 23:15:00,17.68,22.89,78.0,24.1,20.5,5.56,22.2,3,8,4,23,0,2,49,16.65,0.33,1.09,23.5,Moderately Stressed
2024-12-18 23:30:00,18.46,22.79,84.0,24.1,20.5,5.57,22.2,9,26,13,23,0,2,49,16.81,0.61,1.86,23.46,Healthy
2024-12-18 23:45:00,18.29,22.75,83.0,25.2,20.4,5.57,22.2,5,16,8,23,0,2,49,16.96,0.74,1.7,23.46,Healthy
2024-12-19 00:00:00,18.29,22.75,83.0,26.3,20.4,5.56,22.2,5,15,7,0,0,3,49,17.1,0.82,1.7,23.39,Healthy
2024-12-19 00:15:00,18.13,22.69,82.0,26.3,20.3,5.56,22.2,4,13,6,0,0,3,49,17.24,0.84,0.45,23.3,Healthy
2024-12-19 00:30:00,18.0,22.66,81.0,26.3,20.3,5.55,22.1,4,12,6,0,0,3,49,17.36,0.84,-0.46,23.23,Moderately Stressed
2024-12-19 00:45:00,17.9,22.57,80.0,26.3,20.0,5.55,22.1,4,11,5,0,0,3,49,17.47,0.81,-0.39,23.23,Moderately Stressed
2024-12-19 01:00:00,17.9,22.57,80.0,26.3,19.6,5.56,21.8,4,11,5,1,0,3,49,17.58,0.76,-0.39,23.15,Moderately Stressed
2024-12-19 01:15:00,17.85,22.45,79.0,26.3,19.3,5.56,21.8,3,11,5,1,0,3,49,17.69,0.7,-0.28,23.06,Moderately Stressed
2024-12-19 01:30:00,17.76,22.33,78.0,26.3,19.3,5.57,21.7,3,10,5,1,0,3,49,17.79,0.61,-0.24,22.98,Moderately Stressed
2024-12-19 01:45:00,17.72,22.25,78.0,25.9,19.3,5.57,21.7,3,10,5,1,0,3,49,17.88,0.48,-0.18,22.98,Moderately Stressed
2024-12-19 02:00:00,17.72,22.25,78.0,25.9,19.3,5.57,21.5,3,10,5,2,0,3,49,17.97,0.26,-0.18,22.89,Moderately Stressed
2024-12-19 02:15:00,17.65,22.15,77.0,25.6,18.9,5.57,21.4,3,10,5,2,0,3,49,17.97,0.26,-0.2,22.79,Moderately Stressed
2024-12-19 02:30:00,17.6,22.05,77.0,25.6,18.9,5.58,21.3,3,9,4,2,0,3,49,17.9,0.23,-0.16,22.75,Moderately Stressed
2024-12-19 02:45:00,17.62,21.95,79.0,25.2,18.7,5.58,21.3,3,9,4,2,0,3,49,17.84,0.21,-0.1,22.75,Moderately Stressed
2024-12-19 03:00:00,17.62,21.95,79.0,24.9,18.6,5.57,21.2,3,9,4,3,0,3,49,17.79,0.17,-0.1,22.69,Moderately Stressed
2024-12-19 03:15:00,17.59,21.86,80.0,24.9,18.4,5.58,21.1,3,9,4,3,0,3,49,17.74,0.14,-0.06,22.66,Moderately Stressed
2024-12-19 03:30:00,17.56,21.76,80.0,24.9,18.4,5.58,21.1,3,9,4,3,0,3,49,17.71,0.12,-0.04,22.57,Moderately Stressed
2024-12-19 03:45:00,17.51,21.74,80.0,28.4,18.6,5.58,21.1,3,9,4,3,0,3,49,17.68,0.12,-0.11,22.57,Moderately Stressed
2024-12-19 04:00:00,17.51,21.74,80.0,27.0,18.3,5.57,21.0,3,9,4,4,0,3,49,17.64,0.1,-0.11,22.45,Moderately Stressed
2024-12-19 04:15:00,17.54,21.64,80.0,32.7,17.9,5.58,20.8,3,9,4,4,0,3,49,17.62,0.08,-0.05,22.33,Moderately Stressed
2024-12-19 04:30:00,17.51,21.53,80.0,32.7,17.9,5.58,20.7,3,9,4,4,0,3,49,17.6,0.07,-0.05,22.25,Moderately Stressed
2024-12-19 04:45:00,17.48,21.42,79.0,30.1,17.8,5.58,20.7,3,9,4,4,0,3,49,17.58,0.07,-0.03,22.25,Moderately Stressed
2024-12-19 05:00:00,17.48,21.42,79.0,34.3,17.7,5.59,20.6,3,9,4,5,0,3,49,17.56,0.06,-0.03,22.15,Moderately Stressed
2024-12-19 05:15:00,17.51,21.33,80.0,31.2,17.5,5.58,20.5,3,9,4,5,0,3,49,17.54,0.05,-0.03,22.05,Moderately Stressed
2024-12-19 05:30:00,17.47,21.23,79.0,31.2,17.5,5.58,20.4,3,8,4,5,0,3,49,17.53,0.05,-0.04,21.95,Moderately Stressed
2024-12-19 05:45:00,17.47,21.23,79.0,35.1,17.5,5.58,20.4,3,8,4,5,0,3,49,17.52,0.05,-0.01,21.95,Moderately Stressed
2024-12-19 06:00:00,17.5,21.05,78.0,32.7,17.4,5.59,20.3,3,9,4,6,1,3,49,17.51,0.04,0.02,21.86,Moderately Stressed
2024-12-19 06:15:00,17.5,21.05,78.0,33.1,17.4,5.59,20.2,3,8,4,6,1,3,49,17.5,0.03,-0.01,21.76,Moderately Stressed
2024-12-19 06:30:00,17.46,20.99,77.0,33.1,17.4,5.59,20.1,3,8,4,6,1,3,49,17.5,0.02,-0.01,21.74,Moderately Stressed
2024-12-19 06:45:00,17.44,20.93,77.0,31.9,17.4,5.59,20.1,3,8,4,6,1,3,49,17.49,0.03,-0.03,21.74,Moderately Stressed
2024-12-19 07:00:00,17.44,20.93,77.0,30.8,17.5,5.58,20.1,3,8,4,7,1,3,49,17.48,0.03,-0.06,21.64,Moderately Stressed
2024-12-19 07:15:00,17.43,20.87,77.0,30.0,18.2,5.57,20.2,3,8,4,7,1,3,49,17.47,0.03,-0.07,21.53,Moderately Stressed
2024-12-19 07:30:00,17.38,20.91,77.0,30.0,18.2,5.56,20.4,3,8,4,7,1,3,49,17.46,0.04,-0.08,21.42,Moderately Stressed
2024-12-19 07:45:00,17.34,20.99,77.0,30.8,19.5,5.56,20.4,3,8,4,7,1,3,49,17.45,0.05,-0.1,21.42,Moderately Stressed
2024-12-19 08:00:00,17.34,20.99,77.0,30.1,22.9,5.55,20.7,3,8,4,8,1,3,49,17.44,0.06,-0.1,21.33,Moderately Stressed
2024-12-19 08:15:00,17.16,21.44,77.0,23.1,27.0,5.55,20.7,3,8,4,8,1,3,49,17.41,0.1,-0.27,21.44,Moderately Stressed
2024-12-19 08:30:00,17.16,21.44,77.0,23.1,27.0,5.5,21.7,3,8,4,8,1,3,49,17.39,0.12,-0.22,21.44,Moderately Stressed
2024-12-19 08:45:00,17.01,21.85,76.0,17.6,32.9,5.5,21.7,3,8,4,8,1,3,49,17.35,0.16,-0.33,21.85,Moderately Stressed
2024-12-19 09:00:00,17.01,21.85,76.0,16.3,35.5,5.44,22.4,2,8,4,9,1,3,49,17.31,0.18,-0.33,21.85,Moderately Stressed
2024-12-19 09:15:00,16.91,22.22,74.0,16.6,31.9,5.41,22.9,2,7,3,9,1,3,49,17.26,0.2,-0.25,22.22,Moderately Stressed
2024-12-19 09:30:00,16.73,22.62,72.0,16.6,31.9,5.36,23.3,2,7,3,9,1,3,49,17.2,0.24,-0.43,22.62,Moderately Stressed
2024-12-19 09:45:00,16.52,23.08,71.0,16.7,32.1,5.36,23.3,2,7,3,9,1,3,50,17.12,0.29,-0.49,23.08,Moderately Stressed
2024-12-19 10:00:00,16.52,23.08,71.0,16.7,32.8,5.31,23.9,2,7,3,10,1,3,50,17.04,0.32,-0.49,23.08,Moderately Stressed
2024-12-19 10:15:00,16.24,23.65,69.0,17.3,33.0,5.25,24.7,2,7,3,10,1,3,50,16.94,0.37,-0.67,23.65,Moderately Stressed
2024-12-19 10:30:00,16.11,24.12,68.0,17.3,33.0,5.18,25.8,2,7,3,10,1,3,50,16.84,0.41,-0.62,24.12,Moderately Stressed
2024-12-19 10:45:00,16.14,24.42,68.0,17.6,32.0,5.18,25.8,2,7,3,10,1,3,50,16.74,0.43,-0.38,24.42,Moderately Stressed
2024-12-19 11:00:00,16.14,24.42,68.0,18.0,30.2,5.18,25.6,2,7,3,11,1,3,50,16.64,0.41,-0.38,24.42,Moderately Stressed
2024-12-19 11:15:00,16.08,24.65,67.0,17.6,30.0,5.17,25.9,2,7,3,11,1,3,50,16.55,0.41,-0.16,24.65,Moderately Stressed
2024-12-19 11:30:00,15.98,24.84,66.0,17.6,30.0,5.14,26.4,2,7,3,11,1,3,50,16.45,0.39,-0.13,24.84,Moderately Stressed
2024-12-19 11:45:00,15.61,25.33,65.0,17.2,33.9,5.14,26.4,2,7,3,11,1,3,50,16.33,0.41,-0.53,25.33,Moderately Stressed
2024-12-19 12:00:00,15.61,25.33,65.0,18.2,36.7,4.98,29.7,2,7,3,12,1,3,50,16.22,0.4,-0.53,25.33,Moderately Stressed
2024-12-19 12:15:00,15.49,25.86,65.0,18.9,34.3,5.05,28.5,2,7,3,12,1,3,50,16.1,0.39,-0.59,25.86,Moderately Stressed
2024-12-19 12:30:00,15.47,26.08,64.0,18.9,34.3,5.06,28.0,2,7,3,12,1,3,50,15.99,0.37,-0.51,26.08,Moderately Stressed
2024-12-19 12:45:00,15.46,26.19,64.0,19.2,32.8,5.06,28.0,2,7,3,12,1,3,50,15.9,0.36,-0.15,26.19,Moderately Stressed
2024-12-19 13:00:00,15.46,26.19,64.0,18.3,33.3,5.06,27.7,2,7,3,13,1,3,50,15.82,0.32,-0.15,26.19,Moderately Stressed
2024-12-19 13:15:00,15.29,26.37,63.0,18.3,33.9,5.06,27.7,2,7,3,13,1,3,50,15.74,0.32,-0.2,26.37,Moderately Stressed
2024-12-19 13:30:00,15.15,26.59,63.0,18.3,33.9,5.02,28.3,2,7,3,13,1,3,50,15.66,0.34,-0.32,26.59,Moderately Stressed
2024-12-19 13:45:00,15.14,26.7,62.0,18.3,33.5,5.02,28.3,2,7,3,13,1,3,50,15.57,0.34,-0.32,26.7,Moderately Stressed
2024-12-19 14:00:00,15.14,26.7,62.0,17.9,32.2,5.03,27.9,2,7,3,14,1,3,50,15.49,0.3,-0.32,26.7,Moderately Stressed
2024-12-19 14:15:00,15.05,26.78,62.0,18.2,34.0,5.0,28.5,2,7,3,14,1,3,50,15.4,0.27,-0.24,26.78,Moderately Stressed
2024-12-19 14:30:00,14.97,26.99,61.0,18.2,34.0,5.01,28.2,2,7,3,14,1,3,50,15.32,0.22,-0.18,26.99,Moderately Stressed
2024-12-19 14:45:00,14.88,27.01,61.0,19.6,31.1,5.01,28.2,2,6,3,14,1,3,50,15.26,0.24,-0.26,27.01,Moderately Stressed
2024-12-19 15:00:00,14.88,27.01,61.0,18.3,31.6,4.98,28.4,2,6,3,15,1,3,50,15.2,0.23,-0.26,27.01,Moderately Stressed
2024-12-19 15:15:00,15.25,26.9,63.0,20.0,29.7,5.55,27.0,2,6,3,15,1,3,50,15.18,0.21,0.2,27.01,Moderately Stressed
2024-12-19 15:30:00,24.69,26.23,177.0,20.0,29.7,6.09,25.8,10,29,14,15,1,3,50,15.95,2.76,9.72,27.01,Healthy
2024-12-19 15:45:00,24.59,26.18,181.0,27.2,29.4,6.09,25.8,10,29,14,15,1,3,50,16.71,3.71,9.71,27.01,Healthy
2024-12-19 16:00:00,24.59,26.18,181.0,30.3,30.0,6.17,26.2,10,29,14,16,1,3,50,17.47,4.32,9.71,27.01,Healthy
2024-12-19 16:15:00,22.69,26.22,153.0,27.8,28.2,6.12,26.5,7,20,10,16,1,3,50,18.08,4.5,7.44,27.01,Healthy
2024-12-19 16:30:00,21.78,26.19,137.0,27.8,28.2,6.08,26.5,6,18,9,16,1,3,50,18.64,4.52,-2.91,27.01,Healthy
2024-12-19 16:45:00,21.43,26.14,130.0,26.3,26.8,6.08,26.5,5,16,8,16,1,3,50,19.16,4.44,-3.16,27.01,Healthy
2024-12-19 17:00:00,21.43,26.14,130.0,25.6,26.2,6.04,26.4,5,16,8,17,1,3,50,19.69,4.29,-3.16,27.01,Healthy
2024-12-19 17:15:00,21.21,26.01,124.0,26.3,25.3,6.02,26.2,5,15,7,17,1,3,50,20.2,4.04,-1.48,27.01,Healthy
2024-12-19 17:30:00,21.06,25.87,121.0,26.3,25.3,6.01,25.9,5,14,7,17,1,3,50,20.71,3.7,-0.72,27.01,Healthy
2024-12-19 17:45:00,20.91,25.69,118.0,25.9,24.4,6.01,25.9,5,14,7,17,1,3,50,21.21,3.21,-0.52,27.01,Healthy
2024-12-19 18:00:00,20.91,25.69,118.0,25.9,23.7,6.0,25.6,4,13,6,18,1,3,50,21.71,2.53,-0.52,26.9,Healthy
2024-12-19 18:15:00,20.77,25.49,114.0,26.7,23.0,5.99,25.5,4,12,6,18,1,3,50,22.17,1.56,-0.44,26.23,Healthy
2024-12-19 18:30:00,20.71,25.31,112.0,26.7,23.0,6.0,25.0,4,12,6,18,1,3,50,21.84,1.39,-0.35,26.22,Healthy
2024-12-19 18:45:00,20.63,25.11,110.0,27.8,22.3,6.0,25.0,4,12,6,18,1,3,50,21.51,1.13,-0.28,26.22,Healthy
2024-12-19 19:00:00,20.63,25.11,110.0,28.8,21.7,6.0,24.7,4,11,5,19,0,3,50,21.18,0.6,-0.28,26.22,Healthy
2024-12-19 19:15:00,20.55,24.93,108.0,30.4,21.7,6.0,24.5,4,11,5,19,0,3,50,21.0,0.39,-0.22,26.19,Healthy
2024-12-19 19:30:00,20.41,24.77,106.0,30.4,21.7,5.99,24.3,4,11,5,19,0,3,50,20.89,0.34,-0.3,26.14,Healthy
2024-12-19 19:45:00,20.35,24.63,105.0,32.0,21.6,5.99,24.3,4,11,5,19,0,3,50,20.8,0.32,-0.28,26.14,Healthy
2024-12-19 20:00:00,20.35,24.63,105.0,33.1,20.9,5.99,24.1,3,11,5,20,0,3,50,20.71,0.28,-0.28,26.01,Healthy
2024-12-19 20:15:00,20.29,24.43,104.0,33.6,20.5,5.98,23.9,3,10,5,20,0,3,50,20.63,0.25,-0.26,25.87,Healthy
2024-12-19 20:30:00,20.22,24.28,103.0,33.6,20.5,5.98,23.7,3,10,5,20,0,3,50,20.56,0.24,-0.19,25.69,Healthy
2024-12-19 20:45:00,20.16,24.11,102.0,33.9,20.2,5.98,23.7,3,10,5,20,0,3,50,20.5,0.24,-0.19,25.69,Healthy
2024-12-19 21:00:00,20.16,24.11,102.0,33.6,20.0,5.97,23.5,3,10,5,21,0,3,50,20.44,0.22,-0.19,25.49,Healthy
2024-12-19 21:15:00,20.1,23.96,101.0,33.1,19.9,5.96,23.3,3,10,5,21,0,3,50,20.38,0.21,-0.19,25.31,Healthy
2024-12-19 21:30:00,20.07,23.81,100.0,33.1,19.9,5.96,23.1,3,10,5,21,0,3,50,20.33,0.2,-0.15,25.11,Healthy
2024-12-19 21:45:00,20.0,23.66,100.0,32.3,19.7,5.96,23.1,3,9,4,21,0,3,50,20.27,0.19,-0.16,25.11,Healthy
2024-12-19 22:00:00,20.0,23.66,100.0,31.6,19.9,5.95,23.0,3,9,4,22,0,3,50,20.22,0.17,-0.16,24.93,Healthy
2024-12-19 22:15:00,19.94,23.59,99.0,30.8,20.3,5.94,23.0,3,9,4,22,0,3,50,20.17,0.16,-0.16,24.77,Healthy
2024-12-19 22:30:00,19.9,23.5,98.0,30.8,20.3,5.93,23.0,3,9,4,22,0,3,50,20.13,0.15,-0.17,24.63,Healthy
2024-12-19 22:45:00,19.84,23.44,98.0,29.7,20.4,5.93,23.0,3,9,4,22,0,3,50,20.09,0.16,-0.16,24.63,Healthy
2024-12-19 23:00:00,19.84,23.44,98.0,28.9,20.3,5.93,22.9,3,9,4,23,0,3,50,20.04,0.15,-0.16,24.43,Healthy
2024-12-19 23:15:00,19.8,23.39,97.0,28.1,20.4,5.92,22.8,3,9,4,23,0,3,50,20.0,0.14,-0.14,24.28,Healthy
2024-12-19 23:30:00,19.76,23.32,97.0,28.1,20.4,5.91,22.8,3,9,4,23,0,3,50,19.96,0.14,-0.14,24.11,Healthy
2024-12-19 23:45:00,19.72,23.29,96.0,27.4,20.5,5.91,22.8,3,9,4,23,0,3,50,19.93,0.14,-0.12,24.11,Healthy
2024-12-20 00:00:00,19.72,23.29,96.0,27.0,20.5,5.9,22.7,3,9,4,0,0,4,50,19.89,0.13,-0.12,23.96,Healthy
2024-12-20 00:15:00,19.66,23.21,96.0,26.7,20.5,5.89,22.7,3,9,4,0,0,4,50,19.85,0.13,-0.14,23.81,Healthy
2024-12-20 00:30:00,19.61,23.18,95.0,26.7,20.5,5.89,22.6,3,9,4,0,0,4,50,19.82,0.13,-0.15,23.66,Healthy
2024-12-20 00:45:00,19.58,23.1,94.0,26.3,20.4,5.89,22.6,3,9,4,0,0,4,50,19.78,0.13,-0.14,23.66,Healthy
2024-12-20 01:00:00,19.58,23.1,94.0,25.9,20.4,5.88,22.6,3,9,4,1,0,4,50,19.75,0.12,-0.14,23.59,Healthy
2024-12-20 01:15:00,19.53,23.05,93.0,26.2,20.2,5.88,22.5,3,9,4,1,0,4,50,19.71,0.12,-0.13,23.5,Healthy
2024-12-20 01:30:00,19.5,22.98,93.0,26.2,20.2,5.87,22.4,3,9,4,1,0,4,50,19.68,0.12,-0.11,23.44,Healthy
2024-12-20 01:45:00,19.46,22.93,93.0,26.3,20.2,5.87,22.4,3,9,4,1,0,4,50,19.65,0.12,-0.12,23.44,Healthy
2024-12-20 02:00:00,19.46,22.93,93.0,26.0,20.2,5.86,22.4,3,9,4,2,0,4,50,19.61,0.12,-0.12,23.39,Healthy
2024-12-20 02:15:00,19.43,22.88,93.0,25.9,20.1,5.86,22.3,3,9,4,2,0,4,50,19.58,0.11,-0.1,23.32,Healthy
2024-12-20 02:30:00,19.38,22.81,92.0,25.9,20.1,5.85,22.2,3,9,4,2,0,4,50,19.55,0.11,-0.12,23.29,Healthy
2024-12-20 02:45:00,19.37,22.78,92.0,25.6,20.1,5.85,22.2,3,8,4,2,0,4,50,19.52,0.11,-0.09,23.29,Healthy
2024-12-20 03:00:00,19.37,22.78,92.0,25.4,20.1,5.84,22.2,3,8,4,3,0,4,50,19.49,0.1,-0.09,23.21,Healthy
2024-12-20 03:15:00,19.33,22.71,91.0,25.5,19.9,5.84,22.1,3,8,4,3,0,4,50,19.47,0.09,-0.1,23.18,Healthy
2024-12-20 03:30:00,19.3,22.67,91.0,25.5,19.9,5.84,22.1,3,8,4,3,0,4,50,19.44,0.09,-0.08,23.1,Healthy
2024-12-20 03:45:00,19.26,22.58,91.0,25.7,19.7,5.84,22.1,3,8,4,3,0,4,50,19.41,0.1,-0.11,23.1,Healthy
2024-12-20 04:00:00,19.26,22.58,91.0,25.9,19.1,5.83,21.9,3,8,4,4,0,4,50,19.39,0.09,-0.11,23.05,Healthy
2024-12-20 04:15:00,19.25,22.47,91.0,25.9,18.7,5.83,21.7,3,8,4,4,0,4,50,19.36,0.09,-0.08,22.98,Healthy
2024-12-20 04:30:00,19.23,22.35,90.0,25.9,18.7,5.83,21.5,3,8,4,4,0,4,50,19.34,0.08,-0.07,22.93,Healthy
2024-12-20 04:45:00,19.21,22.23,90.0,25.9,18.4,5.83,21.5,3,8,4,4,0,4,50,19.32,0.08,-0.05,22.93,Healthy
2024-12-20 05:00:00,19.21,22.23,90.0,25.9,18.3,5.84,21.4,3,8,4,5,0,4,50,19.3,0.07,-0.05,22.88,Healthy
2024-12-20 05:15:00,19.19,22.14,89.0,25.5,19.0,5.82,21.4,2,8,4,5,0,4,50,19.28,0.07,-0.06,22.81,Healthy
2024-12-20 05:30:00,19.15,22.1,89.0,25.5,19.0,5.82,21.5,2,7,3,5,0,4,50,19.26,0.07,-0.08,22.78,Healthy
2024-12-20 05:45:00,19.13,22.08,89.0,24.5,19.5,5.82,21.5,2,7,3,5,0,4,50,19.24,0.07,-0.08,22.78,Healthy
2024-12-20 06:00:00,19.13,22.08,89.0,24.1,19.7,5.82,21.5,2,7,3,6,1,4,50,19.22,0.06,-0.08,22.71,Healthy
2024-12-20 06:15:00,19.1,22.1,90.0,24.1,20.0,5.8,21.6,2,7,3,6,1,4,50,19.2,0.06,-0.09,22.67,Healthy
2024-12-20 06:30:00,19.1,22.14,92.0,24.1,20.0,5.8,21.6,2,7,3,6,1,4,50,19.18,0.06,-0.05,22.58,Healthy
2024-12-20 06:45:00,19.1,22.15,92.0,23.8,20.1,5.8,21.6,3,9,4,6,1,4,50,19.17,0.06,-0.03,22.58,Healthy
2024-12-20 07:00:00,19.1,22.15,92.0,23.7,20.2,5.8,21.6,3,8,4,7,1,4,50,19.16,0.06,-0.03,22.47,Healthy
2024-12-20 07:15:00,19.04,22.16,92.0,23.1,20.7,5.78,21.7,3,8,4,7,1,4,50,19.14,0.06,-0.06,22.35,Healthy
2024-12-20 07:30:00,18.97,22.17,92.0,23.1,20.7,5.76,21.9,3,8,4,7,1,4,50,19.12,0.07,-0.13,22.23,Healthy
2024-12-20 07:45:00,18.95,22.26,92.0,21.0,21.3,5.76,21.9,2,8,4,7,1,4,50,19.1,0.08,-0.15,22.26,Healthy
2024-12-20 08:00:00,18.95,22.26,92.0,19.7,22.1,5.75,22.0,2,8,4,8,1,4,50,19.08,0.08,-0.15,22.26,Healthy
2024-12-20 08:15:00,18.94,22.37,91.0,18.7,22.7,5.73,22.3,2,7,3,8,1,4,50,19.06,0.08,-0.1,22.37,Healthy
2024-12-20 08:30:00,18.86,22.5,91.0,18.7,22.7,5.71,22.5,2,7,3,8,1,4,50,19.03,0.09,-0.11,22.5,Healthy
2024-12-20 08:45:00,18.79,22.66,89.0,18.3,23.2,5.71,22.5,2,7,3,8,1,4,50,19.0,0.11,-0.16,22.66,Healthy
2024-12-20 09:00:00,18.79,22.66,89.0,17.8,24.4,5.69,22.8,2,7,3,9,1,4,50,18.97,0.12,-0.16,22.66,Healthy
2024-12-20 09:15:00,18.73,22.79,88.0,17.9,24.4,5.67,23.0,2,7,3,9,1,4,50,18.94,0.13,-0.21,22.79,Healthy
2024-12-20 09:30:00,18.66,22.98,87.0,17.9,24.4,5.63,23.4,2,7,3,9,1,4,50,18.91,0.14,-0.2,22.98,Healthy
2024-12-20 09:45:00,18.6,23.2,86.0,17.7,25.7,5.63,23.4,2,7,3,9,1,4,51,18.86,0.15,-0.19,23.2,Healthy
2024-12-20 10:00:00,18.6,23.2,86.0,17.7,27.6,5.6,23.9,2,7,3,10,1,4,51,18.82,0.15,-0.19,23.2,Healthy
2024-12-20 10:15:00,18.49,23.51,85.0,17.8,30.8,5.55,24.6,2,7,3,10,1,4,51,18.78,0.16,-0.24,23.51,Healthy
2024-12-20 10:30:00,18.34,23.99,84.0,17.8,30.8,5.48,25.7,2,7,3,10,1,4,51,18.73,0.19,-0.32,23.99,Healthy
2024-12-20 10:45:00,18.21,24.44,83.0,17.9,33.7,5.48,25.7,2,7,3,10,1,4,51,18.66,0.23,-0.39,24.44,Healthy
2024-12-20 11:00:00,18.21,24.44,83.0,18.2,34.4,5.44,26.3,2,7,3,11,1,4,51,18.6,0.24,-0.39,24.44,Healthy
2024-12-20 11:15:00,18.07,24.84,82.0,18.6,36.3,5.32,28.8,2,7,3,11,1,4,51,18.53,0.26,-0.42,24.84,Healthy
2024-12-20 11:30:00,17.9,25.36,81.0,18.6,36.3,5.28,29.3,2,7,3,11,1,4,51,18.45,0.3,-0.44,25.36,Moderately Stressed
2024-12-20 11:45:00,17.73,25.85,80.0,19.5,37.1,5.28,29.3,2,7,3,11,1,4,51,18.36,0.34,-0.48,25.85,Moderately Stressed
2024-12-20 12:00:00,17.73,25.85,80.0,19.9,38.6,5.2,30.9,2,7,3,12,1,4,51,18.27,0.36,-0.48,25.85,Moderately Stressed
2024-12-20 12:15:00,17.51,26.3,78.0,20.2,39.0,5.21,30.7,2,7,3,12,1,4,51,18.17,0.39,-0.56,26.3,Moderately Stressed
2024-12-20 12:30:00,17.36,26.7,78.0,20.2,39.0,5.22,30.1,2,7,3,12,1,4,51,18.06,0.42,-0.54,26.7,Moderately Stressed
2024-12-20 12:45:00,17.21,27.01,76.0,20.2,39.2,5.22,30.1,2,7,3,12,1,4,51,17.95,0.45,-0.52,27.01,Moderately Stressed
2024-12-20 13:00:00,17.21,27.01,76.0,20.2,37.8,5.21,29.9,2,7,3,13,1,4,51,17.83,0.44,-0.52,27.01,Moderately Stressed
2024-12-20 13:15:00,17.03,27.16,75.0,20.6,36.7,5.2,30.0,2,7,3,13,1,4,51,17.71,0.45,-0.48,27.16,Moderately Stressed
2024-12-20 13:30:00,16.95,27.33,74.0,20.6,36.7,5.19,30.0,2,6,3,13,1,4,51,17.59,0.45,-0.41,27.33,Moderately Stressed
2024-12-20 13:45:00,16.82,27.54,73.0,20.2,37.6,5.19,30.0,2,6,3,13,1,4,51,17.48,0.45,-0.39,27.54,Moderately Stressed
2024-12-20 14:00:00,16.82,27.54,73.0,19.9,34.8,5.19,29.9,2,6,3,14,1,4,51,17.36,0.43,-0.39,27.54,Moderately Stressed
2024-12-20 14:15:00,16.81,27.64,73.0,20.6,31.4,5.2,29.3,2,6,3,14,1,4,51,17.26,0.39,-0.22,27.64,Moderately Stressed
2024-12-20 14:30:00,16.81,27.6,72.0,20.6,31.4,5.2,29.0,2,6,3,14,1,4,51,17.17,0.35,-0.14,27.64,Moderately Stressed
2024-12-20 14:45:00,16.57,27.83,72.0,18.2,34.0,5.2,29.0,2,6,3,14,1,4,51,17.07,0.34,-0.25,27.83,Moderately Stressed
2024-12-20 15:00:00,16.57,27.83,72.0,18.6,34.4,5.17,29.3,2,6,3,15,1,4,51,16.97,0.3,-0.25,27.83,Moderately Stressed
2024-12-20 15:15:00,16.62,27.85,71.0,18.7,31.3,5.17,29.3,2,6,3,15,1,4,51,16.9,0.26,-0.19,27.85,Moderately Stressed
2024-12-20 15:30:00,16.62,27.74,71.0,18.7,31.3,5.2,28.8,2,6,3,15,1,4,51,16.84,0.23,-0.19,27.85,Moderately Stressed
2024-12-20 15:45:00,16.58,27.63,70.0,18.3,29.7,5.2,28.8,2,6,3,15,1,4,51,16.78,0.2,0.01,27.85,Moderately Stressed
2024-12-20 16:00:00,16.58,27.63,70.0,18.0,28.8,5.2,28.6,2,6,3,16,1,4,51,16.73,0.16,0.01,27.85,Moderately Stressed
2024-12-20 16:15:00,16.58,27.53,69.0,18.6,28.4,5.22,28.2,2,6,3,16,1,4,51,16.69,0.14,-0.04,27.85,Moderately Stressed
2024-12-20 16:30:00,16.5,27.46,69.0,18.6,28.4,5.18,28.6,2,6,3,16,1,4,51,16.66,0.12,-0.12,27.85,Moderately Stressed
2024-12-20 16:45:00,16.5,27.35,68.0,18.1,27.4,5.18,28.6,2,5,2,16,1,4,51,16.63,0.12,-0.08,27.85,Moderately Stressed
2024-12-20 17:00:00,16.5,27.35,68.0,18.6,25.8,5.2,28.2,2,5,2,17,1,4,51,16.6,0.11,-0.08,27.85,Moderately Stressed
2024-12-20 17:15:00,16.55,27.14,68.0,18.7,24.9,5.25,27.6,2,5,2,17,1,4,51,16.58,0.08,-0.03,27.85,Moderately Stressed
2024-12-20 17:30:00,16.59,26.91,68.0,18.7,24.9,5.3,27.1,2,5,2,17,1,4,51,16.56,0.04,0.09,27.85,Moderately Stressed
2024-12-20 17:45:00,16.64,26.69,68.0,19.3,24.0,5.3,27.1,2,5,2,17,1,4,51,16.57,0.05,0.14,27.85,Moderately Stressed
2024-12-20 18:00:00,16.64,26.69,68.0,20.3,23.0,5.36,26.5,2,5,2,18,1,4,51,16.58,0.05,0.14,27.85,Moderately Stressed
2024-12-20 18:15:00,16.69,26.4,68.0,22.0,22.2,5.4,26.1,2,5,2,18,1,4,51,16.58,0.06,0.14,27.74,Moderately Stressed
2024-12-20 18:30:00,16.72,26.17,68.0,22.0,22.2,5.44,25.8,2,5,2,18,1,4,51,16.59,0.07,0.13,27.63,Moderately Stressed
2024-12-20 18:45:00,16.73,25.89,68.0,23.4,21.6,5.44,25.8,2,5,2,18,1,4,51,16.6,0.08,0.09,27.63,Moderately Stressed
2024-12-20 19:00:00,16.73,25.89,68.0,24.5,21.3,5.47,25.4,2,5,2,19,0,4,51,16.61,0.09,0.09,27.53,Moderately Stressed
2024-12-20 19:15:00,16.74,25.66,67.0,25.2,21.0,5.5,25.1,2,5,2,19,0,4,51,16.63,0.1,0.05,27.46,Moderately Stressed
2024-12-20 19:30:00,16.76,25.45,67.0,25.2,21.0,5.51,24.9,2,5,2,19,0,4,51,16.65,0.09,0.04,27.35,Moderately Stressed
2024-12-20 19:45:00,16.78,25.24,67.0,25.4,20.7,5.51,24.9,2,5,2,19,0,4,51,16.67,0.09,0.05,27.35,Moderately Stressed
2024-12-20 20:00:00,16.78,25.24,67.0,25.9,20.5,5.54,24.7,2,5,2,20,0,4,51,16.7,0.08,0.05,27.14,Moderately Stressed
2024-12-20 20:15:00,16.81,25.04,67.0,25.9,20.3,5.55,24.5,1,5,2,20,0,4,51,16.72,0.07,0.07,26.91,Moderately Stressed
2024-12-20 20:30:00,16.8,24.84,67.0,25.9,20.3,5.56,24.3,1,5,2,20,0,4,51,16.74,0.06,0.04,26.69,Moderately Stressed
2024-12-20 20:45:00,16.81,24.7,67.0,25.9,20.1,5.56,24.3,1,5,2,20,0,4,51,16.75,0.05,0.03,26.69,Moderately Stressed
2024-12-20 21:00:00,16.81,24.7,67.0,25.6,19.9,5.57,24.1,1,5,2,21,0,4,51,16.76,0.04,0.03,26.4,Moderately Stressed
2024-12-20 21:15:00,16.81,24.52,67.0,25.5,19.7,5.58,23.9,1,5,2,21,0,4,51,16.77,0.04,0.0,26.17,Moderately Stressed
2024-12-20 21:30:00,16.83,24.35,67.0,25.5,19.7,5.59,23.7,1,5,2,21,0,4,51,16.78,0.03,0.03,25.89,Moderately Stressed
2024-12-20 21:45:00,16.83,24.21,67.0,25.2,19.5,5.59,23.7,1,5,2,21,0,4,51,16.79,0.03,0.02,25.89,Moderately Stressed
2024-12-20 22:00:00,16.83,24.21,67.0,25.5,19.4,5.6,23.5,1,5,2,22,0,4,51,16.8,0.03,0.02,25.66,Moderately Stressed
2024-12-20 22:15:00,16.83,24.04,67.0,25.6,19.3,5.61,23.4,1,5,2,22,0,4,51,16.81,0.02,0.02,25.45,Moderately Stressed
2024-12-20 22:30:00,16.86,23.91,67.0,25.6,19.3,5.61,23.2,1,5,2,22,0,4,51,16.82,0.02,0.03,25.24,Moderately Stressed
2024-12-20 22:45:00,16.87,23.78,66.0,25.2,19.2,5.61,23.2,1,5,2,22,0,4,51,16.82,0.02,0.04,25.24,Moderately Stressed
2024-12-20 23:00:00,16.87,23.78,66.0,25.2,19.0,5.62,23.0,1,5,2,23,0,4,51,16.83,0.02,0.04,25.04,Moderately Stressed
2024-12-20 23:15:00,16.88,23.61,67.0,25.1,18.8,5.62,22.9,1,5,2,23,0,4,51,16.84,0.03,0.05,24.84,Moderately Stressed
2024-12-20 23:30:00,16.89,23.5,66.0,25.1,18.8,5.63,22.7,1,5,2,23,0,4,51,16.84,0.03,0.03,24.7,Moderately Stressed
2024-12-20 23:45:00,16.9,23.38,66.0,25.0,18.6,5.63,22.7,1,5,2,23,0,4,51,16.85,0.03,0.03,24.7,Moderately Stressed
2024-12-21 00:00:00,16.9,23.38,66.0,25.4,18.7,5.63,22.6,1,5,2,0,0,5,51,16.86,0.03,0.03,24.52,Moderately Stressed
2024-12-21 00:15:00,16.92,23.23,67.0,25.2,18.4,5.64,22.5,1,5,2,0,0,5,51,16.87,0.03,0.04,24.35,Moderately Stressed
2024-12-21 00:30:00,17.04,23.09,69.0,25.2,18.4,5.64,22.3,1,5,2,0,0,5,51,16.89,0.06,0.15,24.21,Moderately Stressed
2024-12-21 00:45:00,17.12,22.98,72.0,25.2,18.3,5.64,22.3,1,5,2,0,0,5,51,16.91,0.09,0.22,24.21,Moderately Stressed
2024-12-21 01:00:00,17.12,22.98,72.0,25.2,18.1,5.65,22.2,1,5,2,1,0,5,51,16.93,0.1,0.22,24.04,Moderately Stressed
2024-12-21 01:15:00,17.16,22.85,72.0,25.2,18.1,5.65,22.0,1,5,2,1,0,5,51,16.96,0.11,0.24,23.91,Moderately Stressed
2024-12-21 01:30:00,17.23,22.72,71.0,25.2,18.1,5.65,21.9,1,5,2,1,0,5,51,16.99,0.13,0.19,23.78,Moderately Stressed
2024-12-21 01:45:00,17.58,22.6,79.0,25.3,18.0,5.65,21.9,1,5,2,1,0,5,51,17.05,0.21,0.46,23.78,Moderately Stressed
2024-12-21 02:00:00,17.58,22.6,79.0,25.6,17.8,5.66,21.7,1,5,2,2,0,5,51,17.11,0.25,0.46,23.61,Moderately Stressed
2024-12-21 02:15:00,17.51,22.48,78.0,25.6,17.6,5.65,21.6,1,5,2,2,0,5,51,17.16,0.26,0.35,23.5,Moderately Stressed
2024-12-21 02:30:00,17.48,22.37,76.0,25.6,17.6,5.65,21.5,1,5,2,2,0,5,51,17.21,0.26,0.25,23.38,Moderately Stressed
2024-12-21 02:45:00,17.49,22.27,77.0,25.6,17.5,5.65,21.5,1,5,2,2,0,5,51,17.26,0.25,-0.09,23.38,Moderately Stressed
2024-12-21 03:00:00,17.49,22.27,77.0,25.6,17.4,5.65,21.4,1,5,2,3,0,5,51,17.31,0.23,-0.09,23.23,Moderately Stressed
2024-12-21 03:15:00,17.52,22.17,77.0,25.8,17.4,5.65,21.3,1,5,2,3,0,5,51,17.36,0.21,0.01,23.09,Moderately Stressed
2024-12-21 03:30:00,17.48,22.06,77.0,25.8,17.4,5.65,21.2,1,5,2,3,0,5,51,17.4,0.18,0.0,22.98,Moderately Stressed
2024-12-21 03:45:00,17.51,21.96,77.0,25.9,17.4,5.65,21.2,1,5,2,3,0,5,51,17.43,0.16,0.02,22.98,Moderately Stressed
2024-12-21 04:00:00,17.51,21.96,77.0,25.9,17.3,5.64,21.1,1,5,2,4,0,5,51,17.46,0.13,0.02,22.85,Moderately Stressed
2024-12-21 04:15:00,17.57,21.87,77.0,25.9,17.5,5.64,21.0,1,5,2,4,0,5,51,17.5,0.09,0.05,22.72,Moderately Stressed
2024-12-21 04:30:00,17.6,21.78,77.0,25.9,17.5,5.64,21.0,1,5,2,4,0,5,51,17.53,0.04,0.12,22.6,Moderately Stressed
2024-12-21 04:45:00,17.56,21.75,76.0,26.3,17.5,5.64,21.0,1,4,2,4,0,5,51,17.53,0.04,0.05,22.6,Moderately Stressed
2024-12-21 05:00:00,17.56,21.75,76.0,27.0,17.6,5.64,21.0,1,5,2,5,0,5,51,17.52,0.04,0.05,22.48,Moderately Stressed
2024-12-21 05:15:00,17.59,21.66,77.0,26.9,17.2,5.63,20.8,1,4,2,5,0,5,51,17.53,0.04,0.02,22.37,Moderately Stressed
2024-12-21 05:30:00,17.67,21.58,77.0,26.9,17.2,5.64,20.7,1,4,2,5,0,5,51,17.55,0.06,0.07,22.27,Moderately Stressed
2024-12-21 05:45:00,17.59,21.52,76.0,27.0,17.1,5.64,20.7,1,4,2,5,0,5,51,17.55,0.05,0.03,22.27,Moderately Stressed
2024-12-21 06:00:00,17.59,21.52,76.0,26.7,17.0,5.64,20.6,1,4,2,6,1,5,51,17.56,0.05,0.03,22.17,Moderately Stressed
2024-12-21 06:15:00,17.6,21.44,76.0,26.1,16.9,5.64,20.5,1,4,2,6,1,5,51,17.57,0.05,0.01,22.06,Moderately Stressed
2024-12-21 06:30:00,17.61,21.35,76.0,26.1,16.9,5.63,20.5,1,4,2,6,1,5,51,17.58,0.04,-0.06,21.96,Moderately Stressed
2024-12-21 06:45:00,17.61,21.27,76.0,25.9,16.9,5.63,20.5,1,4,2,6,1,5,51,17.59,0.04,0.02,21.96,Moderately Stressed
2024-12-21 07:00:00,17.61,21.27,76.0,25.9,17.3,5.62,20.5,1,4,2,7,1,5,51,17.6,0.03,0.02,21.87,Moderately Stressed
2024-12-21 07:15:00,17.6,21.25,76.0,25.2,17.9,5.62,20.5,1,5,2,7,1,5,51,17.6,0.03,0.0,21.78,Moderately Stressed
2024-12-21 07:30:00,17.6,21.27,76.0,25.2,17.9,5.61,20.7,1,5,2,7,1,5,51,17.6,0.03,-0.01,21.75,Moderately Stressed
2024-12-21 07:45:00,17.52,21.36,76.0,24.1,19.1,5.61,20.7,1,5,2,7,1,5,51,17.6,0.03,-0.09,21.75,Moderately Stressed
2024-12-21 08:00:00,17.52,21.36,76.0,22.9,21.2,5.59,21.1,1,5,2,8,1,5,51,17.59,0.04,-0.09,21.66,Moderately Stressed
2024-12-21 08:15:00,17.47,21.56,76.0,17.7,23.6,5.57,21.6,1,5,2,8,1,5,51,17.58,0.05,-0.13,21.58,Moderately Stressed
2024-12-21 08:30:00,17.41,21.8,75.0,17.7,23.6,5.54,21.9,1,5,2,8,1,5,51,17.56,0.07,-0.19,21.8,Moderately Stressed
2024-12-21 08:45:00,17.28,22.09,74.0,15.9,27.0,5.54,21.9,1,5,2,8,1,5,51,17.54,0.1,-0.24,22.09,Moderately Stressed
2024-12-21 09:00:00,17.28,22.09,74.0,15.4,32.5,5.51,22.5,1,5,2,9,1,5,51,17.51,0.13,-0.24,22.09,Moderately Stressed
2024-12-21 09:15:00,17.16,22.57,73.0,15.1,35.4,5.46,23.1,1,5,2,9,1,5,51,17.47,0.16,-0.31,22.57,Moderately Stressed
2024-12-21 09:30:00,17.04,23.06,71.0,15.1,35.4,5.4,23.9,1,5,2,9,1,5,51,17.42,0.19,-0.37,23.06,Moderately Stressed
2024-12-21 09:45:00,16.85,23.5,70.0,15.7,35.7,5.4,23.9,1,5,2,9,1,5,52,17.36,0.24,-0.43,23.5,Moderately Stressed
2024-12-21 10:00:00,16.85,23.5,70.0,15.7,34.6,5.35,24.6,1,5,2,10,1,5,52,17.3,0.27,-0.43,23.5,Moderately Stressed
2024-12-21 10:15:00,16.67,23.91,68.0,16.6,32.7,5.29,25.4,1,5,2,10,1,5,52,17.22,0.31,-0.49,23.91,Moderately Stressed
2024-12-21 10:30:00,16.59,24.38,67.0,16.6,32.7,5.23,26.3,1,5,2,10,1,5,52,17.14,0.33,-0.45,24.38,Moderately Stressed
2024-12-21 10:45:00,16.5,24.68,66.0,17.3,32.7,5.23,26.3,1,5,2,10,1,5,52,17.05,0.35,-0.35,24.68,Moderately Stressed
2024-12-21 11:00:00,16.5,24.68,66.0,17.3,33.6,5.19,26.9,1,5,2,11,1,5,52,16.97,0.35,-0.35,24.68,Moderately Stressed
2024-12-21 11:15:00,16.42,24.97,65.0,17.9,36.1,5.07,29.0,1,5,2,11,1,5,52,16.88,0.35,-0.25,24.97,Moderately Stressed
2024-12-21 11:30:00,16.24,25.45,64.0,17.9,36.1,4.97,30.7,1,5,2,11,1,5,52,16.78,0.35,-0.35,25.45,Moderately Stressed
2024-12-21 11:45:00,16.15,25.86,63.0,18.9,36.8,4.97,30.7,1,5,2,11,1,5,52,16.69,0.36,-0.35,25.86,Moderately Stressed
2024-12-21 12:00:00,16.15,25.86,63.0,19.2,38.4,4.97,30.8,1,5,2,12,1,5,52,16.59,0.33,-0.35,25.86,Moderately Stressed
2024-12-21 12:15:00,15.99,26.26,62.0,19.5,38.3,4.98,30.4,1,5,2,12,1,5,52,16.5,0.32,-0.43,26.26,Moderately Stressed
2024-12-21 12:30:00,15.82,26.6,61.0,19.5,38.3,4.99,29.8,1,5,2,12,1,5,52,16.39,0.33,-0.42,26.6,Moderately Stressed
2024-12-21 12:45:00,15.65,26.92,60.0,19.3,37.9,4.99,29.8,1,5,2,12,1,5,52,16.29,0.36,-0.5,26.92,Moderately Stressed
2024-12-21 13:00:00,15.65,26.92,60.0,19.3,35.1,4.98,29.6,1,5,2,13,1,5,52,16.19,0.36,-0.5,26.92,Moderately Stressed
2024-12-21 13:15:00,15.51,27.12,60.0,19.2,35.6,4.95,30.0,1,5,2,13,1,5,52,16.1,0.37,-0.48,27.12,Moderately Stressed
2024-12-21 13:30:00,15.36,27.32,59.0,19.2,35.6,4.92,30.2,1,5,2,13,1,5,52,16.0,0.39,-0.46,27.32,Moderately Stressed
2024-12-21 13:45:00,15.22,27.57,59.0,18.6,36.8,4.92,30.2,1,5,2,13,1,5,52,15.89,0.42,-0.43,27.57,Moderately Stressed
2024-12-21 14:00:00,15.22,27.57,59.0,18.2,38.9,4.91,30.3,1,5,2,14,1,5,52,15.78,0.41,-0.43,27.57,Moderately Stressed
2024-12-21 14:15:00,15.05,27.8,58.0,17.9,40.0,4.89,30.4,1,5,2,14,1,5,52,15.67,0.41,-0.46,27.8,Moderately Stressed
2024-12-21 14:30:00,15.02,28.06,58.0,17.9,40.0,4.9,30.2,1,5,2,14,1,5,52,15.57,0.4,-0.34,28.06,Moderately Stressed
2024-12-21 14:45:00,15.05,28.05,57.0,18.3,34.7,4.9,30.2,1,5,2,14,1,5,52,15.47,0.38,-0.17,28.06,Moderately Stressed
2024-12-21 15:00:00,15.05,28.05,57.0,18.3,31.7,4.9,29.6,1,5,2,15,1,5,52,15.38,0.34,-0.17,28.06,Moderately Stressed
2024-12-21 15:15:00,15.02,27.96,57.0,17.3,31.2,4.88,29.4,1,5,2,15,1,5,52,15.3,0.29,-0.03,28.06,Moderately Stressed
2024-12-21 15:30:00,15.02,27.94,57.0,17.3,31.2,4.88,29.0,1,4,2,15,1,5,52,15.24,0.25,0.0,28.06,Moderately Stressed
2024-12-21 15:45:00,15.02,27.84,56.0,17.3,29.6,4.88,29.0,1,4,2,15,1,5,52,15.18,0.22,-0.03,28.06,Moderately Stressed
2024-12-21 16:00:00,15.02,27.84,56.0,16.7,29.8,4.89,28.8,1,4,2,16,1,5,52,15.13,0.16,-0.03,28.06,Moderately Stressed
2024-12-21 16:15:00,15.02,27.75,56.0,16.1,30.7,4.89,29.4,1,4,2,16,1,5,52,15.09,0.11,0.0,28.06,Moderately Stressed
2024-12-21 16:30:00,14.99,27.79,56.0,16.1,30.7,4.87,29.3,1,4,2,16,1,5,52,15.06,0.08,-0.03,28.06,Moderately Stressed
2024-12-21 16:45:00,14.96,27.74,56.0,16.7,28.8,4.87,29.3,1,4,2,16,1,5,52,15.04,0.06,-0.06,28.06,Moderately Stressed
2024-12-21 17:00:00,14.96,27.74,56.0,16.4,27.4,4.86,29.3,1,4,2,17,1,5,52,15.02,0.03,-0.06,28.06,Moderately Stressed
2024-12-21 17:15:00,15.0,27.64,55.0,16.8,26.0,4.86,28.6,1,4,2,17,1,5,52,15.01,0.03,-0.02,28.06,Moderately Stressed
2024-12-21 17:30:00,15.04,27.43,56.0,16.8,26.0,4.92,27.8,1,4,2,17,1,5,52,15.01,0.03,0.05,28.05,Moderately Stressed
2024-12-21 17:45:00,15.09,27.12,56.0,17.7,24.4,4.92,27.8,1,4,2,17,1,5,52,15.02,0.04,0.13,28.05,Moderately Stressed
2024-12-21 18:00:00,15.09,27.12,56.0,18.7,22.8,4.95,27.1,1,4,2,18,1,5,52,15.02,0.04,0.13,27.96,Moderately Stressed
2024-12-21 18:15:00,15.19,26.8,56.0,19.9,22.1,5.01,26.5,1,4,2,18,1,5,52,15.03,0.06,0.19,27.94,Moderately Stressed
2024-12-21 18:30:00,15.24,26.49,56.0,19.9,22.1,5.07,26.1,1,4,2,18,1,5,52,15.05,0.09,0.2,27.84,Moderately Stressed
2024-12-21 18:45:00,15.27,26.18,56.0,21.0,21.4,5.07,26.1,1,4,2,18,1,5,52,15.07,0.11,0.18,27.84,Moderately Stressed
2024-12-21 19:00:00,15.27,26.18,56.0,21.8,21.3,5.12,25.8,1,4,2,19,0,5,52,15.09,0.12,0.18,27.79,Moderately Stressed
2024-12-21 19:15:00,15.29,25.96,56.0,22.7,20.9,5.16,25.5,1,4,2,19,0,5,52,15.12,0.13,0.1,27.79,Moderately Stressed
2024-12-21 19:30:00,15.32,25.69,56.0,22.7,20.9,5.2,25.3,1,4,2,19,0,5,52,15.14,0.13,0.08,27.74,Moderately Stressed
2024-12-21 19:45:00,15.35,25.45,56.0,23.7,20.4,5.2,25.3,1,4,2,19,0,5,52,15.18,0.13,0.08,27.74,Moderately Stressed
2024-12-21 20:00:00,15.35,25.45,56.0,23.6,20.0,5.24,24.8,1,4,2,20,0,5,52,15.21,0.12,0.08,27.64,Moderately Stressed
2024-12-21 20:15:00,15.35,25.2,56.0,24.1,19.9,5.27,24.5,1,4,2,20,0,5,52,15.24,0.11,0.06,27.43,Moderately Stressed
2024-12-21 20:30:00,15.37,25.0,55.0,24.1,19.9,5.3,24.4,1,4,2,20,0,5,52,15.26,0.1,0.05,27.12,Moderately Stressed
2024-12-21 20:45:00,15.38,24.83,56.0,24.2,20.1,5.3,24.4,1,4,2,20,0,5,52,15.29,0.09,0.03,27.12,Moderately Stressed
2024-12-21 21:00:00,15.38,24.83,56.0,24.5,19.8,5.32,24.2,1,4,2,21,0,5,52,15.31,0.06,0.03,26.8,Moderately Stressed
2024-12-21 21:15:00,15.41,24.63,56.0,25.1,19.4,5.34,23.9,1,4,2,21,0,5,52,15.33,0.05,0.06,26.49,Moderately Stressed
2024-12-21 21:30:00,15.43,24.45,55.0,25.1,19.4,5.35,23.8,1,4,2,21,0,5,52,15.35,0.05,0.06,26.18,Moderately Stressed
2024-12-21 21:45:00,15.46,24.31,56.0,25.6,19.3,5.35,23.8,1,4,2,21,0,5,52,15.36,0.05,0.08,26.18,Moderately Stressed
2024-12-21 22:00:00,15.46,24.31,56.0,25.9,19.1,5.37,23.6,1,4,2,22,0,5,52,15.38,0.05,0.08,25.96,Moderately Stressed
2024-12-21 22:15:00,15.47,24.13,56.0,26.2,19.0,5.38,23.4,1,4,2,22,0,5,52,15.39,0.05,0.06,25.69,Moderately Stressed
2024-12-21 22:30:00,15.48,24.0,56.0,26.2,19.0,5.39,23.2,1,4,2,22,0,5,52,15.41,0.05,0.05,25.45,Moderately Stressed
2024-12-21 22:45:00,15.49,23.83,56.0,26.3,18.7,5.39,23.2,1,4,2,22,0,5,52,15.42,0.05,0.03,25.45,Moderately Stressed
2024-12-21 23:00:00,15.49,23.83,56.0,25.9,18.7,5.4,23.0,1,4,2,23,0,5,52,15.43,0.05,0.03,25.2,Moderately Stressed
2024-12-21 23:15:00,15.5,23.71,56.0,25.9,19.3,5.41,23.1,1,4,2,23,0,5,52,15.44,0.05,0.03,25.0,Moderately Stressed
2024-12-21 23:30:00,15.5,23.63,56.0,25.9,19.3,5.41,23.0,1,4,2,23,0,5,52,15.45,0.04,0.02,24.83,Moderately Stressed
2024-12-21 23:45:00,15.51,23.59,56.0,25.9,19.3,5.41,23.0,1,4,2,23,0,5,52,15.46,0.04,0.02,24.83,Moderately Stressed
2024-12-22 00:00:00,15.51,23.59,56.0,25.9,19.4,5.41,22.9,1,4,2,0,0,6,52,15.48,0.03,0.02,24.63,Moderately Stressed
2024-12-22 00:15:00,15.51,23.5,56.0,25.6,19.4,5.42,22.8,1,4,2,0,0,6,52,15.48,0.03,0.01,24.45,Moderately Stressed
2024-12-22 00:30:00,15.52,23.4,56.0,25.6,19.4,5.43,22.7,1,4,2,0,0,6,52,15.49,0.02,0.02,24.31,Moderately Stressed
2024-12-22 00:45:00,15.55,23.3,56.0,24.9,19.2,5.43,22.7,1,4,2,0,0,6,52,15.5,0.02,0.04,24.31,Moderately Stressed
2024-12-22 01:00:00,15.55,23.3,56.0,25.0,18.8,5.43,22.5,1,4,2,1,0,6,52,15.51,0.02,0.04,24.13,Moderately Stressed
2024-12-22 01:15:00,15.58,23.19,56.0,25.2,18.5,5.45,22.4,1,4,2,1,0,6,52,15.52,0.03,0.07,24.0,Moderately Stressed
2024-12-22 01:30:00,15.6,23.07,56.0,25.2,18.5,5.45,22.2,1,4,2,1,0,6,52,15.53,0.04,0.08,23.83,Moderately Stressed
2024-12-22 01:45:00,15.62,22.93,56.0,25.6,18.2,5.45,22.2,1,4,2,1,0,6,52,15.54,0.04,0.07,23.83,Moderately Stressed
2024-12-22 02:00:00,15.62,22.93,56.0,25.6,18.1,5.46,22.0,1,4,2,2,0,6,52,15.55,0.05,0.07,23.71,Moderately Stressed
2024-12-22 02:15:00,15.63,22.79,56.0,25.6,17.9,5.46,21.9,1,4,2,2,0,6,52,15.56,0.05,0.05,23.63,Moderately Stressed
2024-12-22 02:30:00,15.63,22.68,56.0,25.6,17.9,5.47,21.8,1,4,2,2,0,6,52,15.57,0.05,0.03,23.59,Moderately Stressed
2024-12-22 02:45:00,15.78,22.58,56.0,25.6,17.9,5.47,21.8,1,4,2,2,0,6,52,15.59,0.08,0.16,23.59,Moderately Stressed
2024-12-22 03:00:00,15.78,22.58,56.0,25.7,17.9,5.46,21.7,1,4,2,3,0,6,52,15.61,0.09,0.16,23.5,Moderately Stressed
2024-12-22 03:15:00,15.72,22.48,56.0,25.6,18.2,5.47,21.6,1,4,2,3,0,6,52,15.63,0.09,0.09,23.4,Moderately Stressed
2024-12-22 03:30:00,15.71,22.39,56.0,25.6,18.2,5.46,21.5,1,4,2,3,0,6,52,15.65,0.08,0.08,23.3,Moderately Stressed
2024-12-22 03:45:00,15.73,22.33,56.0,27.8,18.0,5.46,21.5,1,4,2,3,0,6,52,15.66,0.08,-0.05,23.3,Moderately Stressed
2024-12-22 04:00:00,15.73,22.33,56.0,27.3,17.6,5.46,21.4,1,4,2,4,0,6,52,15.68,0.07,-0.05,23.19,Moderately Stressed
2024-12-22 04:15:00,15.73,22.22,56.0,26.7,17.5,5.46,21.3,1,4,2,4,0,6,52,15.69,0.07,0.01,23.07,Moderately Stressed
2024-12-22 04:30:00,15.75,22.16,56.0,26.7,17.5,5.45,21.4,1,4,2,4,0,6,52,15.7,0.06,0.04,22.93,Moderately Stressed
2024-12-22 04:45:00,15.72,22.17,56.0,26.3,18.6,5.45,21.4,1,4,2,4,0,6,52,15.71,0.06,-0.01,22.93,Moderately Stressed
2024-12-22 05:00:00,15.72,22.17,56.0,25.9,19.1,5.44,21.6,1,4,2,5,0,6,52,15.72,0.05,-0.01,22.79,Moderately Stressed
2024-12-22 05:15:00,15.74,22.19,56.0,25.6,18.5,5.44,21.4,1,4,2,5,0,6,52,15.73,0.04,0.01,22.68,Moderately Stressed
2024-12-22 05:30:00,15.74,22.14,56.0,25.6,18.5,5.45,21.3,1,4,2,5,0,6,52,15.74,0.02,-0.01,22.58,Moderately Stressed
2024-12-22 05:45:00,15.75,22.05,56.0,25.9,18.2,5.45,21.3,1,4,2,5,0,6,52,15.74,0.02,0.03,22.58,Moderately Stressed
2024-12-22 06:00:00,15.75,22.05,56.0,25.9,18.8,5.45,21.3,1,4,2,6,1,6,52,15.73,0.01,0.03,22.48,Moderately Stressed
2024-12-22 06:15:00,15.75,22.04,57.0,26.1,19.2,5.45,21.4,1,4,2,6,1,6,52,15.74,0.01,0.01,22.39,Moderately Stressed
2024-12-22 06:30:00,15.77,22.05,57.0,26.1,19.2,5.44,21.4,1,4,2,6,1,6,52,15.74,0.01,0.03,22.33,Moderately Stressed
2024-12-22 06:45:00,15.76,22.05,57.0,26.7,19.2,5.44,21.4,1,4,2,6,1,6,52,15.74,0.02,0.01,22.33,Moderately Stressed
2024-12-22 07:00:00,15.76,22.05,57.0,26.6,19.3,5.43,21.4,1,4,2,7,1,6,52,15.74,0.02,0.01,22.22,Moderately Stressed
2024-12-22 07:15:00,15.75,22.05,57.0,26.7,19.6,5.43,21.4,1,4,2,7,1,6,52,15.75,0.01,0.0,22.19,Moderately Stressed
2024-12-22 07:30:00,15.74,22.08,57.0,26.7,19.6,5.42,21.6,1,4,2,7,1,6,52,15.75,0.02,-0.03,22.19,Moderately Stressed
2024-12-22 07:45:00,15.73,22.16,56.0,26.3,20.0,5.42,21.6,1,4,2,7,1,6,52,15.75,0.01,-0.03,22.19,Moderately Stressed
2024-12-22 08:00:00,15.73,22.16,56.0,24.9,20.9,5.41,21.8,1,4,2,8,1,6,52,15.75,0.01,-0.03,22.19,Moderately Stressed
2024-12-22 08:15:00,15.7,22.26,56.0,23.7,21.2,5.4,22.0,1,4,2,8,1,6,52,15.74,0.02,-0.05,22.26,Moderately Stressed
2024-12-22 08:30:00,15.69,22.37,56.0,23.7,21.2,5.39,22.0,1,4,2,8,1,6,52,15.74,0.02,-0.05,22.37,Moderately Stressed
2024-12-22 08:45:00,15.67,22.46,56.0,21.0,21.4,5.39,22.0,1,4,2,8,1,6,52,15.73,0.03,-0.06,22.46,Moderately Stressed
2024-12-22 09:00:00,15.67,22.46,56.0,19.3,21.7,5.38,22.1,1,4,2,9,1,6,52,15.73,0.04,-0.06,22.46,Moderately Stressed
2024-12-22 09:15:00,15.66,22.57,56.0,17.4,22.6,5.37,22.3,1,4,2,9,1,6,52,15.72,0.04,-0.04,22.57,Moderately Stressed
2024-12-22 09:30:00,15.63,22.75,57.0,17.4,22.6,5.33,22.7,1,4,2,9,1,6,52,15.71,0.04,-0.06,22.75,Moderately Stressed
2024-12-22 09:45:00,15.62,22.9,56.0,16.8,22.9,5.33,22.7,1,4,2,9,1,6,53,15.7,0.05,-0.05,22.9,Moderately Stressed
2024-12-22 10:00:00,15.62,22.9,56.0,15.5,24.5,5.32,22.9,1,4,2,10,1,6,53,15.68,0.05,-0.05,22.9,Moderately Stressed
2024-12-22 10:15:00,15.53,23.2,56.0,14.8,26.8,5.25,23.7,1,4,2,10,1,6,53,15.67,0.06,-0.13,23.2,Moderately Stressed
2024-12-22 10:30:00,15.5,23.53,56.0,14.8,26.8,5.22,23.7,1,4,2,10,1,6,53,15.65,0.07,-0.13,23.53,Moderately Stressed
2024-12-22 10:45:00,15.42,23.82,55.0,14.6,28.2,5.22,23.7,1,4,2,10,1,6,53,15.62,0.09,-0.2,23.82,Moderately Stressed
2024-12-22 11:00:00,15.42,23.82,55.0,14.7,31.9,5.16,24.6,1,4,2,11,1,6,53,15.59,0.1,-0.2,23.82,Moderately Stressed
2024-12-22 11:15:00,15.29,24.29,55.0,15.8,31.3,5.01,26.7,1,4,2,11,1,6,53,15.56,0.13,-0.24,24.29,Moderately Stressed
2024-12-22 11:30:00,15.16,24.81,55.0,15.8,31.3,4.95,27.2,1,4,2,11,1,6,53,15.52,0.17,-0.34,24.81,Moderately Stressed
2024-12-22 11:45:00,15.1,25.35,54.0,16.3,34.0,4.95,27.2,1,4,2,11,1,6,53,15.47,0.2,-0.32,25.35,Moderately Stressed
2024-12-22 12:00:00,15.1,25.35,54.0,17.5,36.7,4.85,29.1,1,4,2,12,1,6,53,15.42,0.21,-0.32,25.35,Moderately Stressed
2024-12-22 12:15:00,14.91,25.97,54.0,18.0,37.2,4.79,29.7,1,4,2,12,1,6,53,15.36,0.24,-0.38,25.97,Moderately Stressed
2024-12-22 12:30:00,14.82,26.49,53.0,18.0,37.2,4.9,28.4,1,4,2,12,1,6,53,15.29,0.27,-0.34,26.49,Moderately Stressed
2024-12-22 12:45:00,14.69,26.81,53.0,17.8,34.8,4.9,28.4,1,4,2,12,1,6,53,15.21,0.3,-0.41,26.81,Moderately Stressed
2024-12-22 13:00:00,14.69,26.81,53.0,17.8,38.5,4.82,29.2,1,4,2,13,1,6,53,15.14,0.31,-0.41,26.81,Moderately Stressed
2024-12-22 13:15:00,14.49,27.33,52.0,18.7,32.9,4.84,29.0,1,4,2,13,1,6,53,15.05,0.33,-0.42,27.33,Moderately Stressed
2024-12-22 13:30:00,14.67,27.25,52.0,18.7,32.9,4.86,27.9,1,4,2,13,1,6,53,14.98,0.31,-0.15,27.33,Moderately Stressed
2024-12-22 13:45:00,14.47,27.22,52.0,17.6,31.6,4.86,27.9,1,4,2,13,1,6,53,14.9,0.31,-0.22,27.33,Moderately Stressed
2024-12-22 14:00:00,14.47,27.22,52.0,16.9,37.1,4.83,28.8,1,4,2,14,1,6,53,14.82,0.29,-0.22,27.33,Moderately Stressed
2024-12-22 14:15:00,14.28,27.45,52.0,16.9,38.7,4.83,29.3,1,4,2,14,1,6,53,14.74,0.29,-0.21,27.45,Moderately Stressed
2024-12-22 14:30:00,14.2,27.74,52.0,16.9,38.7,4.77,29.9,1,4,2,14,1,6,53,14.66,0.29,-0.47,27.74,Moderately Stressed
2024-12-22 14:45:00,14.24,28.02,51.0,17.2,38.9,4.77,29.9,1,4,2,14,1,6,53,14.59,0.28,-0.23,28.02,Moderately Stressed
2024-12-22 15:00:00,14.24,28.02,51.0,17.3,34.2,4.82,29.5,1,4,2,15,1,6,53,14.51,0.24,-0.23,28.02,Moderately Stressed
2024-12-22 15:15:00,14.26,27.95,51.0,17.0,31.5,4.76,29.0,1,4,2,15,1,6,53,14.46,0.22,-0.02,28.02,Moderately Stressed
2024-12-22 15:30:00,14.26,27.85,51.0,17.0,31.5,4.76,28.8,1,4,2,15,1,6,53,14.41,0.19,0.06,28.02,Moderately Stressed
2024-12-22 15:45:00,14.24,27.84,51.0,16.4,30.6,4.76,28.8,1,4,2,15,1,6,53,14.38,0.18,0.0,28.02,Moderately Stressed
2024-12-22 16:00:00,14.24,27.84,51.0,16.3,29.4,4.75,28.6,1,4,2,16,1,6,53,14.34,0.15,0.0,28.02,Moderately Stressed
2024-12-22 16:15:00,14.27,27.73,51.0,16.3,27.9,4.75,28.2,1,4,2,16,1,6,53,14.32,0.14,0.01,28.02,Moderately Stressed
2024-12-22 16:30:00,14.28,27.54,51.0,16.3,27.9,4.76,27.8,1,4,2,16,1,6,53,14.29,0.09,0.02,28.02,Moderately Stressed
2024-12-22 16:45:00,14.28,27.42,51.0,16.1,27.1,4.76,27.8,1,4,2,16,1,6,53,14.27,0.07,0.04,28.02,Moderately Stressed
2024-12-22 17:00:00,14.28,27.42,51.0,16.1,26.5,4.76,27.9,1,4,2,17,1,6,53,14.26,0.02,0.04,28.02,Moderately Stressed
2024-12-22 17:15:00,14.3,27.24,51.0,16.4,25.8,4.77,27.5,1,4,2,17,1,6,53,14.26,0.03,0.03,28.02,Moderately Stressed
2024-12-22 17:30:00,14.33,27.04,51.0,16.4,25.8,4.8,26.9,1,4,2,17,1,6,53,14.27,0.03,0.05,28.02,Moderately Stressed
2024-12-22 17:45:00,14.38,26.8,51.0,16.4,24.8,4.8,26.9,1,4,2,17,1,6,53,14.28,0.04,0.1,28.02,Moderately Stressed
2024-12-22 18:00:00,14.38,26.8,51.0,16.3,24.0,4.83,26.5,1,4,2,18,1,6,53,14.29,0.05,0.1,27.95,Moderately Stressed
2024-12-22 18:15:00,14.41,26.59,50.0,16.7,23.2,4.88,26.1,1,4,2,18,1,6,53,14.3,0.06,0.11,27.85,Moderately Stressed
2024-12-22 18:30:00,14.48,26.3,51.0,16.7,23.2,4.94,25.7,1,4,2,18,1,6,53,14.32,0.07,0.15,27.84,Moderately Stressed
2024-12-22 18:45:00,14.51,26.03,50.0,17.4,22.1,4.94,25.7,1,4,2,18,1,6,53,14.34,0.09,0.13,27.84,Moderately Stressed
2024-12-22 19:00:00,14.51,26.03,50.0,18.4,21.3,4.99,25.3,1,4,2,19,0,6,53,14.37,0.09,0.13,27.73,Moderately Stressed
2024-12-22 19:15:00,14.54,25.76,50.0,19.6,21.2,5.02,25.1,1,4,2,19,0,6,53,14.39,0.1,0.13,27.54,Moderately Stressed
2024-12-22 19:30:00,14.56,25.56,50.0,19.6,21.2,5.06,24.8,1,4,2,19,0,6,53,14.41,0.1,0.08,27.42,Moderately Stressed
2024-12-22 19:45:00,14.57,25.35,50.0,19.3,21.2,5.06,24.8,1,4,2,19,0,6,53,14.44,0.1,0.06,27.42,Moderately Stressed
2024-12-22 20:00:00,14.57,25.35,50.0,19.0,21.7,5.08,24.7,1,4,2,20,0,6,53,14.46,0.1,0.06,27.24,Moderately Stressed
2024-12-22 20:15:00,14.58,25.18,50.0,18.1,21.9,5.1,24.6,1,3,1,20,0,6,53,14.48,0.09,0.04,27.04,Moderately Stressed
2024-12-22 20:30:00,14.58,25.05,50.0,18.1,21.9,5.12,24.4,1,3,1,20,0,6,53,14.51,0.08,0.02,26.8,Moderately Stressed
2024-12-22 20:45:00,14.59,24.92,49.0,18.4,21.3,5.12,24.4,1,3,1,20,0,6,53,14.52,0.07,0.02,26.8,Moderately Stressed
2024-12-22 21:00:00,14.59,24.92,49.0,18.7,20.7,5.15,24.1,1,3,1,21,0,6,53,14.54,0.05,0.02,26.59,Moderately Stressed
2024-12-22 21:15:00,14.6,24.73,50.0,18.7,20.4,5.18,23.9,1,3,1,21,0,6,53,14.56,0.04,0.02,26.3,Moderately Stressed
2024-12-22 21:30:00,14.63,24.55,50.0,18.7,20.4,5.2,23.7,1,3,1,21,0,6,53,14.57,0.04,0.05,26.03,Moderately Stressed
2024-12-22 21:45:00,14.64,24.41,50.0,18.9,20.1,5.2,23.7,1,3,1,21,0,6,53,14.58,0.04,0.05,26.03,Moderately Stressed
2024-12-22 22:00:00,14.64,24.41,50.0,18.4,20.1,5.21,23.6,1,3,1,22,0,6,53,14.59,0.03,0.05,25.76,Moderately Stressed
2024-12-22 22:15:00,14.65,24.28,50.0,18.7,20.1,5.23,23.4,1,3,1,22,0,6,53,14.6,0.03,0.05,25.56,Moderately Stressed
2024-12-22 22:30:00,14.66,24.15,50.0,18.7,20.1,5.25,23.2,1,3,1,22,0,6,53,14.61,0.03,0.03,25.35,Moderately Stressed
2024-12-22 22:45:00,14.67,24.03,50.0,18.1,20.1,5.25,23.2,1,3,1,22,0,6,53,14.62,0.04,0.03,25.35,Moderately Stressed
2024-12-22 23:00:00,14.67,24.03,50.0,18.1,20.0,5.26,23.1,1,3,1,23,0,6,53,14.62,0.04,0.03,25.18,Moderately Stressed
2024-12-22 23:15:00,14.7,23.91,50.0,18.4,19.8,5.27,22.9,1,3,1,23,0,6,53,14.64,0.04,0.05,25.05,Moderately Stressed
2024-12-22 23:30:00,14.7,23.8,50.0,18.4,19.8,5.28,22.8,1,3,1,23,0,6,53,14.65,0.04,0.04,24.92,Moderately Stressed
2024-12-22 23:45:00,14.72,23.67,50.0,19.0,19.6,5.28,22.8,1,3,1,23,0,6,53,14.66,0.04,0.05,24.92,Moderately Stressed
2024-12-23 00:00:00,14.72,23.67,50.0,19.0,19.6,5.29,22.7,1,3,1,0,0,0,53,14.67,0.04,0.05,24.73,Moderately Stressed
2024-12-23 00:15:00,14.72,23.58,50.0,19.3,19.5,5.3,22.6,1,3,1,0,0,0,53,14.68,0.03,0.02,24.55,Moderately Stressed
2024-12-23 00:30:00,14.75,23.49,50.0,19.3,19.5,5.31,22.6,1,3,1,0,0,0,53,14.69,0.04,0.05,24.41,Moderately Stressed
2024-12-23 00:45:00,14.75,23.41,50.0,19.7,19.6,5.31,22.6,1,3,1,0,0,0,53,14.7,0.04,0.03,24.41,Moderately Stressed
2024-12-23 01:00:00,14.75,23.41,50.0,18.3,20.0,5.31,22.6,1,3,1,1,0,0,53,14.7,0.04,0.03,24.28,Moderately Stressed
2024-12-23 01:15:00,14.74,23.39,50.0,18.0,20.0,5.32,22.6,1,3,1,1,0,0,53,14.71,0.03,0.02,24.15,Moderately Stressed
2024-12-23 01:30:00,14.74,23.34,50.0,18.0,20.0,5.32,22.5,1,3,1,1,0,0,53,14.72,0.03,-0.01,24.03,Moderately Stressed
2024-12-23 01:45:00,14.77,23.3,50.0,18.1,20.1,5.32,22.5,1,3,1,1,0,0,53,14.73,0.03,0.02,24.03,Moderately Stressed
2024-12-23 02:00:00,14.77,23.3,50.0,18.1,19.9,5.32,22.5,1,3,1,2,0,0,53,14.74,0.02,0.02,23.91,Moderately Stressed
2024-12-23 02:15:00,14.76,23.23,50.0,18.9,19.7,5.33,22.4,1,3,1,2,0,0,53,14.74,0.02,0.02,23.8,Moderately Stressed
2024-12-23 02:30:00,14.78,23.18,50.0,18.9,19.7,5.33,22.3,1,3,1,2,0,0,53,14.75,0.02,0.04,23.67,Moderately Stressed
2024-12-23 02:45:00,14.78,23.1,50.0,19.0,19.8,5.33,22.3,1,3,1,2,0,0,53,14.75,0.02,0.01,23.67,Moderately Stressed
2024-12-23 03:00:00,14.78,23.1,50.0,18.0,19.8,5.33,22.3,1,3,1,3,0,0,53,14.76,0.02,0.01,23.58,Moderately Stressed
2024-12-23 03:15:00,14.79,23.07,50.0,18.1,19.8,5.33,22.2,1,3,1,3,0,0,53,14.76,0.02,0.03,23.49,Moderately Stressed
2024-12-23 03:30:00,14.79,23.0,50.0,18.1,19.8,5.33,22.1,1,3,1,3,0,0,53,14.77,0.02,0.01,23.41,Moderately Stressed
2024-12-23 03:45:00,14.81,22.93,50.0,18.1,19.5,5.33,22.1,1,3,1,3,0,0,53,14.77,0.02,0.03,23.41,Moderately Stressed
2024-12-23 04:00:00,14.81,22.93,50.0,20.0,19.0,5.34,22.0,1,3,1,4,0,0,53,14.78,0.02,0.03,23.39,Moderately Stressed
2024-12-23 04:15:00,14.84,22.81,50.0,22.3,18.6,5.34,21.8,1,3,1,4,0,0,53,14.79,0.03,0.05,23.34,Moderately Stressed
2024-12-23 04:30:00,14.83,22.69,50.0,22.3,18.6,5.35,21.8,1,3,1,4,0,0,53,14.79,0.02,0.04,23.3,Moderately Stressed
2024-12-23 04:45:00,14.82,22.63,50.0,23.7,18.6,5.35,21.8,1,3,1,4,0,0,53,14.8,0.02,0.01,23.3,Moderately Stressed
2024-12-23 05:00:00,14.82,22.63,50.0,24.5,18.8,5.34,21.8,1,3,1,5,0,0,53,14.8,0.02,0.01,23.23,Moderately Stressed
2024-12-23 05:15:00,14.85,22.58,50.0,24.5,19.3,5.34,21.8,1,3,1,5,0,0,53,14.81,0.02,0.01,23.18,Moderately Stressed
2024-12-23 05:30:00,14.84,22.57,50.0,24.5,19.3,5.34,21.8,1,3,1,5,0,0,53,14.81,0.02,0.01,23.1,Moderately Stressed
2024-12-23 05:45:00,14.84,22.54,50.0,24.5,19.3,5.34,21.8,1,3,1,5,0,0,53,14.82,0.02,0.02,23.1,Moderately Stressed
2024-12-23 06:00:00,14.84,22.54,50.0,24.1,19.1,5.34,21.7,1,3,1,6,1,0,53,14.82,0.02,0.02,23.07,Moderately Stressed
2024-12-23 06:15:00,14.87,22.47,50.0,24.2,18.6,5.35,21.6,1,3,1,6,1,0,53,14.83,0.02,0.02,23.0,Moderately Stressed
2024-12-23 06:30:00,14.86,22.37,50.0,24.2,18.6,5.35,21.5,1,3,1,6,1,0,53,14.84,0.02,0.02,22.93,Moderately Stressed
2024-12-23 06:45:00,14.87,22.28,50.0,24.6,18.4,5.35,21.5,1,3,1,6,1,0,53,14.84,0.02,0.03,22.93,Moderately Stressed
2024-12-23 07:00:00,14.87,22.28,50.0,24.9,18.5,5.35,21.4,1,3,1,7,1,0,53,14.85,0.02,0.03,22.81,Moderately Stressed
2024-12-23 07:15:00,14.88,22.25,50.0,24.6,19.3,5.34,21.5,1,3,1,7,1,0,53,14.85,0.02,0.01,22.69,Moderately Stressed
2024-12-23 07:30:00,14.88,22.27,50.0,24.6,19.3,5.33,21.7,1,3,1,7,1,0,53,14.85,0.02,0.02,22.63,Moderately Stressed
2024-12-23 07:45:00,14.87,22.32,51.0,23.8,19.9,5.33,21.7,1,3,1,7,1,0,53,14.86,0.02,0.0,22.63,Moderately Stressed
2024-12-23 08:00:00,14.87,22.32,51.0,21.2,21.2,5.33,21.9,1,3,1,8,1,0,53,14.86,0.02,0.0,22.58,Moderately Stressed
2024-12-23 08:15:00,14.84,22.47,51.0,17.4,23.3,5.3,22.4,1,3,1,8,1,0,53,14.86,0.02,-0.04,22.57,Moderately Stressed
2024-12-23 08:30:00,14.8,22.69,50.0,17.4,23.3,5.27,22.7,1,3,1,8,1,0,53,14.86,0.02,-0.08,22.69,Moderately Stressed
2024-12-23 08:45:00,14.75,22.99,50.0,14.0,27.0,5.27,22.7,1,3,1,8,1,0,53,14.85,0.04,-0.12,22.99,Moderately Stressed
2024-12-23 09:00:00,14.75,22.99,50.0,13.7,30.9,5.16,24.0,1,3,1,9,1,0,53,14.84,0.05,-0.12,22.99,Moderately Stressed
2024-12-23 09:15:00,14.66,23.38,50.0,13.7,30.9,5.16,24.0,1,3,1,9,1,0,53,14.82,0.07,-0.18,23.38,Moderately Stressed
2024-12-23 09:30:00,14.58,23.79,50.0,13.7,30.9,5.09,24.6,1,3,1,9,1,0,53,14.8,0.1,-0.22,23.79,Moderately Stressed
2024-12-23 09:45:00,14.41,24.24,50.0,13.8,33.0,5.09,24.6,1,3,1,9,1,0,54,14.76,0.15,-0.34,24.24,Moderately Stressed
2024-12-23 10:00:00,14.41,24.24,50.0,14.0,34.1,5.02,25.3,1,3,1,10,1,0,54,14.72,0.17,-0.34,24.24,Moderately Stressed
2024-12-23 10:15:00,14.24,24.83,49.0,14.5,32.5,4.97,26.1,1,3,1,10,1,0,54,14.67,0.22,-0.42,24.83,Moderately Stressed
2024-12-23 10:30:00,14.18,25.26,49.0,14.5,32.5,4.9,27.1,1,3,1,10,1,0,54,14.61,0.25,-0.4,25.26,Moderately Stressed
2024-12-23 10:45:00,14.03,25.76,49.0,15.1,37.5,4.9,27.1,1,3,1,10,1,0,54,14.54,0.28,-0.38,25.76,Moderately Stressed
2024-12-23 11:00:00,14.03,25.76,49.0,15.8,37.9,4.72,29.0,1,4,2,11,1,0,54,14.47,0.3,-0.38,25.76,Moderately Stressed
2024-12-23 11:15:00,13.95,26.18,49.0,16.5,37.6,4.6,30.6,1,4,2,11,1,0,54,14.4,0.31,-0.29,26.18,Moderately Stressed
2024-12-23 11:30:00,13.91,26.67,49.0,16.5,37.6,4.5,31.9,1,4,2,11,1,0,54,14.32,0.31,-0.27,26.67,Moderately Stressed
2024-12-23 11:45:00,13.77,27.12,49.0,17.1,37.4,4.5,31.9,1,4,2,11,1,0,54,14.24,0.32,-0.26,27.12,Moderately Stressed
2024-12-23 12:00:00,13.77,27.12,49.0,17.6,37.2,4.49,32.1,1,4,2,12,1,0,54,14.16,0.3,-0.26,27.12,Moderately Stressed
2024-12-23 12:15:00,13.7,27.44,48.0,17.8,38.1,4.54,31.7,1,4,2,12,1,0,54,14.08,0.28,-0.25,27.44,Moderately Stressed
2024-12-23 12:30:00,13.6,27.85,48.0,17.8,38.1,4.61,30.6,1,4,2,12,1,0,54,14.0,0.27,-0.31,27.85,Moderately Stressed
2024-12-23 12:45:00,13.64,28.05,48.0,17.8,36.8,4.61,30.6,1,4,2,12,1,0,54,13.94,0.25,-0.13,28.05,Moderately Stressed
2024-12-23 13:00:00,13.64,28.05,48.0,17.6,31.3,4.67,29.5,1,4,2,13,1,0,54,13.87,0.22,-0.13,28.05,Moderately Stressed
2024-12-23 13:15:00,13.67,27.9,48.0,16.7,29.5,4.67,28.8,1,4,2,13,1,0,54,13.82,0.19,-0.03,28.05,Moderately Stressed
2024-12-23 13:30:00,13.61,27.75,48.0,16.7,29.5,4.63,29.5,1,4,2,13,1,0,54,13.78,0.16,0.01,28.05,Moderately Stressed
2024-12-23 13:45:00,13.47,27.95,48.0,15.7,35.2,4.63,29.5,1,4,2,13,1,0,54,13.73,0.16,-0.17,28.05,Moderately Stressed
2024-12-23 14:00:00,13.47,27.95,48.0,16.0,35.4,4.62,29.7,1,4,2,14,1,0,54,13.68,0.15,-0.17,28.05,Moderately Stressed
2024-12-23 14:15:00,13.47,28.06,47.0,15.9,35.0,4.62,29.7,1,4,2,14,1,0,54,13.64,0.13,-0.2,28.06,Moderately Stressed
2024-12-23 14:30:00,13.47,28.09,47.0,15.9,35.0,4.63,29.0,1,4,2,14,1,0,54,13.61,0.11,-0.14,28.09,Moderately Stressed
2024-12-23 14:45:00,13.48,28.04,47.0,15.8,30.4,4.63,29.0,1,4,2,14,1,0,54,13.58,0.11,0.01,28.09,Moderately Stressed
2024-12-23 15:00:00,13.48,28.04,47.0,15.5,30.2,4.61,28.9,1,4,2,15,1,0,54,13.56,0.09,0.01,28.09,Moderately Stressed
2024-12-23 15:15:00,13.48,28.0,47.0,15.2,29.9,4.61,28.8,1,4,2,15,1,0,54,13.54,0.08,0.01,28.09,Moderately Stressed
2024-12-23 15:30:00,13.38,27.95,46.0,15.2,29.9,4.61,28.5,1,4,2,15,1,0,54,13.52,0.09,-0.09,28.09,Moderately Stressed
2024-12-23 15:45:00,13.28,27.86,46.0,15.1,29.5,4.61,28.5,1,4,2,15,1,0,54,13.49,0.11,-0.2,28.09,Moderately Stressed
2024-12-23 16:00:00,13.28,27.86,46.0,14.9,29.1,4.61,28.4,1,4,2,16,1,0,54,13.46,0.11,-0.2,28.09,Moderately Stressed
2024-12-23 16:15:00,13.29,27.79,46.0,14.9,28.6,4.62,28.2,1,4,2,16,1,0,54,13.43,0.1,-0.19,28.09,Moderately Stressed
2024-12-23 16:30:00,13.3,27.7,46.0,14.9,28.6,4.63,27.9,1,4,2,16,1,0,54,13.4,0.09,-0.08,28.09,Moderately Stressed
2024-12-23 16:45:00,13.31,27.55,46.0,14.9,27.5,4.63,27.9,1,4,2,16,1,0,54,13.39,0.09,0.03,28.09,Moderately Stressed
2024-12-23 17:00:00,13.31,27.55,46.0,15.1,26.3,4.66,27.5,1,4,2,17,1,0,54,13.38,0.09,0.03,28.09,Moderately Stressed
2024-12-23 17:15:00,13.33,27.37,46.0,15.2,25.5,4.68,27.2,1,4,2,17,1,0,54,13.37,0.09,0.04,28.09,Moderately Stressed
2024-12-23 17:30:00,13.38,27.15,46.0,15.2,25.5,4.73,26.8,1,4,2,17,1,0,54,13.36,0.08,0.08,28.04,Moderately Stressed
2024-12-23 17:45:00,13.4,26.91,46.0,15.3,24.5,4.73,26.8,1,4,2,17,1,0,54,13.35,0.07,0.09,28.04,Moderately Stressed
2024-12-23 18:00:00,13.4,26.91,46.0,15.7,23.7,4.77,26.5,1,4,2,18,1,0,54,13.34,0.06,0.09,28.0,Moderately Stressed
2024-12-23 18:15:00,13.47,26.69,46.0,15.8,23.2,4.81,26.2,1,4,2,18,1,0,54,13.34,0.06,0.14,27.95,Moderately Stressed
2024-12-23 18:30:00,13.48,26.47,46.0,15.8,23.2,4.85,25.9,1,4,2,18,1,0,54,13.35,0.07,0.1,27.86,Moderately Stressed
2024-12-23 18:45:00,13.51,26.23,46.0,15.8,22.7,4.85,25.9,1,3,1,18,1,0,54,13.37,0.08,0.11,27.86,Moderately Stressed
2024-12-23 19:00:00,13.51,26.23,46.0,16.5,22.1,4.89,25.6,1,3,1,19,0,0,54,13.39,0.08,0.11,27.79,Moderately Stressed
2024-12-23 19:15:00,13.55,25.98,46.0,16.5,22.1,4.93,25.4,1,3,1,19,0,0,54,13.41,0.09,0.08,27.7,Moderately Stressed
2024-12-23 19:30:00,13.56,25.8,45.0,16.5,22.1,4.99,25.0,1,3,1,19,0,0,54,13.43,0.09,0.08,27.55,Moderately Stressed
2024-12-23 19:45:00,13.57,25.56,45.0,16.9,21.5,4.99,25.0,1,3,1,19,0,0,54,13.46,0.09,0.06,27.55,Moderately Stressed
2024-12-23 20:00:00,13.57,25.56,45.0,17.4,21.5,5.02,24.8,1,3,1,20,0,0,54,13.48,0.08,0.06,27.37,Moderately Stressed
2024-12-23 20:15:00,13.58,25.37,45.0,17.7,21.1,5.04,24.6,1,3,1,20,0,0,54,13.5,0.07,0.03,27.15,Moderately Stressed
2024-12-23 20:30:00,13.59,25.16,45.0,17.7,21.1,5.08,24.3,1,3,1,20,0,0,54,13.52,0.07,0.03,26.91,Moderately Stressed
2024-12-23 20:45:00,13.6,24.99,45.0,17.8,20.6,5.08,24.3,1,3,1,20,0,0,54,13.53,0.06,0.03,26.91,Moderately Stressed
2024-12-23 21:00:00,13.6,24.99,45.0,17.7,20.5,5.1,24.1,1,3,1,21,0,0,54,13.55,0.05,0.03,26.69,Moderately Stressed
2024-12-23 21:15:00,13.63,24.83,45.0,17.9,20.3,5.13,23.9,1,3,1,21,0,0,54,13.56,0.04,0.05,26.47,Moderately Stressed
2024-12-23 21:30:00,13.62,24.64,45.0,17.9,20.3,5.16,23.7,1,3,1,21,0,0,54,13.57,0.04,0.03,26.23,Moderately Stressed
2024-12-23 21:45:00,13.63,24.49,45.0,17.7,20.0,5.16,23.7,1,3,1,21,0,0,54,13.58,0.04,0.03,26.23,Moderately Stressed
2024-12-23 22:00:00,13.63,24.49,45.0,18.1,19.5,5.18,23.5,1,3,1,22,0,0,54,13.59,0.03,0.03,25.98,Moderately Stressed
2024-12-23 22:15:00,13.66,24.32,45.0,18.7,18.9,5.2,23.3,1,3,1,22,0,0,54,13.6,0.03,0.03,25.8,Moderately Stressed
2024-12-23 22:30:00,13.68,24.13,45.0,18.7,18.9,5.22,23.1,1,3,1,22,0,0,54,13.61,0.03,0.06,25.56,Moderately Stressed
2024-12-23 22:45:00,13.71,23.98,45.0,20.0,18.7,5.22,23.1,1,3,1,22,0,0,54,13.62,0.04,0.08,25.56,Moderately Stressed
2024-12-23 23:00:00,13.71,23.98,45.0,20.7,18.3,5.25,22.9,1,3,1,23,0,0,54,13.64,0.04,0.08,25.37,Moderately Stressed
2024-12-23 23:15:00,13.73,23.8,45.0,22.0,18.1,5.25,22.7,1,3,1,23,0,0,54,13.65,0.05,0.07,25.16,Moderately Stressed
2024-12-23 23:30:00,13.73,23.61,45.0,22.0,18.1,5.26,22.5,1,3,1,23,0,0,54,13.66,0.05,0.05,24.99,Moderately Stressed
2024-12-23 23:45:00,13.75,23.48,45.0,22.4,17.9,5.26,22.5,1,3,1,23,0,0,54,13.67,0.05,0.04,24.99,Moderately Stressed
2024-12-24 00:00:00,13.75,23.48,45.0,23.1,17.8,5.28,22.4,1,3,1,0,0,1,54,13.69,0.05,0.04,24.83,Moderately Stressed
2024-12-24 00:15:00,13.76,23.3,45.0,23.4,17.7,5.29,22.2,1,3,1,0,0,1,54,13.7,0.05,0.03,24.64,Moderately Stressed
2024-12-24 00:30:00,13.78,23.18,45.0,23.4,17.7,5.28,22.1,1,3,1,0,0,1,54,13.71,0.05,0.05,24.49,Moderately Stressed
2024-12-24 00:45:00,13.79,23.04,45.0,23.8,17.5,5.28,22.1,1,3,1,0,0,1,54,13.72,0.05,0.04,24.49,Moderately Stressed
2024-12-24 01:00:00,13.79,23.04,45.0,23.7,17.4,5.29,21.9,1,3,1,1,0,1,54,13.74,0.04,0.04,24.32,Moderately Stressed
2024-12-24 01:15:00,13.83,22.89,45.0,23.8,17.2,5.29,21.8,1,3,1,1,0,1,54,13.75,0.04,0.07,24.13,Moderately Stressed
2024-12-24 01:30:00,13.86,22.78,45.0,23.8,17.2,5.29,21.7,1,3,1,1,0,1,54,13.77,0.05,0.08,23.98,Moderately Stressed
2024-12-24 01:45:00,13.85,22.65,45.0,23.8,17.0,5.29,21.7,1,3,1,1,0,1,54,13.78,0.05,0.06,23.98,Moderately Stressed
2024-12-24 02:00:00,13.85,22.65,45.0,23.8,16.8,5.31,21.5,1,3,1,2,0,1,54,13.79,0.05,0.06,23.8,Moderately Stressed
2024-12-24 02:15:00,13.89,22.51,45.0,23.8,16.6,5.3,21.4,1,3,1,2,0,1,54,13.8,0.05,0.06,23.61,Moderately Stressed
2024-12-24 02:30:00,13.89,22.37,45.0,23.8,16.6,5.31,21.2,1,3,1,2,0,1,54,13.82,0.05,0.03,23.48,Moderately Stressed
2024-12-24 02:45:00,13.91,22.26,46.0,23.8,16.4,5.31,21.2,1,3,1,2,0,1,54,13.83,0.05,0.06,23.48,Moderately Stressed
2024-12-24 03:00:00,13.91,22.26,46.0,23.8,16.3,5.32,21.1,1,3,1,3,0,1,54,13.84,0.05,0.06,23.3,Moderately Stressed
2024-12-24 03:15:00,13.92,22.13,45.0,23.8,16.2,5.32,20.9,1,3,1,3,0,1,54,13.86,0.05,0.03,23.18,Moderately Stressed
2024-12-24 03:30:00,13.93,21.97,46.0,23.8,16.2,5.32,20.8,1,3,1,3,0,1,54,13.87,0.05,0.04,23.04,Moderately Stressed
2024-12-24 03:45:00,13.95,21.87,46.0,23.8,16.0,5.32,20.8,1,3,1,3,0,1,54,13.88,0.05,0.04,23.04,Moderately Stressed
2024-12-24 04:00:00,13.95,21.87,46.0,23.8,16.1,5.32,20.7,1,3,1,4,0,1,54,13.9,0.04,0.04,22.89,Moderately Stressed
2024-12-24 04:15:00,13.97,21.76,46.0,23.8,16.1,5.32,20.7,1,3,1,4,0,1,54,13.91,0.04,0.05,22.78,Moderately Stressed
2024-12-24 04:30:00,13.97,21.76,46.0,23.8,16.1,5.32,20.5,1,3,1,4,0,1,54,13.92,0.04,0.04,22.65,Moderately Stressed
2024-12-24 04:45:00,14.01,21.56,46.0,23.4,16.1,5.32,20.5,1,3,1,4,0,1,54,13.93,0.04,0.06,22.65,Moderately Stressed
2024-12-24 05:00:00,14.01,21.56,46.0,23.1,15.9,5.32,20.4,1,3,1,5,0,1,54,13.94,0.04,0.06,22.51,Moderately Stressed
2024-12-24 05:15:00,14.03,21.45,46.0,23.1,15.6,5.32,20.2,1,3,1,5,0,1,54,13.95,0.05,0.06,22.37,Moderately Stressed
2024-12-24 05:30:00,14.03,21.35,46.0,23.1,15.6,5.31,20.1,1,3,1,5,0,1,54,13.97,0.05,0.06,22.26,Moderately Stressed
2024-12-24 05:45:00,14.05,21.24,46.0,23.1,15.5,5.31,20.1,1,3,1,5,0,1,54,13.98,0.05,0.04,22.26,Moderately Stressed
2024-12-24 06:00:00,14.05,21.24,46.0,23.1,15.5,5.31,20.0,1,3,1,6,1,1,54,13.99,0.05,0.04,22.13,Moderately Stressed
2024-12-24 06:15:00,14.1,21.14,47.0,23.0,15.4,5.31,19.9,1,3,1,6,1,1,54,14.0,0.05,0.07,21.97,Moderately Stressed
2024-12-24 06:30:00,14.1,21.14,47.0,23.0,15.4,5.31,19.8,1,3,1,6,1,1,54,14.02,0.05,0.07,21.87,Moderately Stressed
2024-12-24 06:45:00,14.16,20.94,48.0,23.1,15.4,5.31,19.8,1,3,1,6,1,1,54,14.04,0.06,0.11,21.87,Moderately Stressed
2024-12-24 07:00:00,14.16,20.94,48.0,22.8,15.7,5.31,19.8,1,3,1,7,1,1,54,14.05,0.06,0.11,21.76,Moderately Stressed
2024-12-24 07:15:00,14.17,20.88,49.0,22.4,16.3,5.31,19.8,1,3,1,7,1,1,54,14.07,0.07,0.07,21.76,Moderately Stressed
2024-12-24 07:30:00,14.17,20.86,49.0,22.4,16.3,5.31,20.0,1,3,1,7,1,1,54,14.09,0.06,0.07,21.56,Moderately Stressed
2024-12-24 07:45:00,14.18,20.94,51.0,21.6,17.9,5.31,20.0,1,3,1,7,1,1,54,14.1,0.06,0.02,21.56,Moderately Stressed
2024-12-24 08:00:00,14.18,20.94,51.0,19.7,21.1,5.31,20.3,1,3,1,8,1,1,54,14.12,0.06,0.02,21.45,Moderately Stressed
2024-12-24 08:15:00,14.15,21.05,51.0,13.7,29.4,5.3,20.7,1,3,1,8,1,1,54,14.12,0.06,-0.02,21.35,Moderately Stressed
2024-12-24 08:30:00,14.08,21.34,51.0,13.7,29.4,5.27,21.4,1,3,1,8,1,1,54,14.13,0.05,-0.09,21.34,Moderately Stressed
2024-12-24 08:45:00,13.98,21.76,50.0,12.3,34.3,5.27,21.4,1,3,1,8,1,1,54,14.12,0.06,-0.2,21.76,Moderately Stressed
2024-12-24 09:00:00,13.98,21.76,50.0,12.7,37.2,5.21,22.1,1,3,1,9,1,1,54,14.12,0.07,-0.2,21.76,Moderately Stressed
2024-12-24 09:15:00,13.84,22.27,50.0,13.2,32.5,5.14,23.0,1,3,1,9,1,1,54,14.1,0.11,-0.31,22.27,Moderately Stressed
2024-12-24 09:30:00,13.69,22.86,49.0,13.2,32.5,5.05,23.9,1,3,1,9,1,1,54,14.06,0.16,-0.39,22.86,Moderately Stressed
2024-12-24 09:45:00,13.56,23.41,47.0,13.6,37.2,5.05,23.9,1,3,1,9,1,1,55,14.01,0.21,-0.42,23.41,Moderately Stressed
2024-12-24 10:00:00,13.56,23.41,47.0,14.0,34.4,4.96,24.7,1,3,1,10,1,1,55,13.96,0.24,-0.42,23.41,Moderately Stressed
